name,slug,url,count
0.72mm gatling-hou,0-72mm-gatling-hou,https://nhentai.net/tag/0-72mm-gatling-hou/,1
04matsuko,04matsuko,https://nhentai.net/tag/04matsuko/,1
0ero,0ero,https://nhentai.net/tag/0ero/,7
10-chan,10-chan,https://nhentai.net/tag/10-chan/,2
100 percent donmai,100-percent-donmai,https://nhentai.net/tag/100-percent-donmai/,1
101-goushitsu,101-goushitsu,https://nhentai.net/tag/101-goushitsu/,1
11bk,11bk,https://nhentai.net/tag/11bk/,1
12ko,12ko,https://nhentai.net/tag/12ko/,3
1call4am,1call4am,https://nhentai.net/tag/1call4am/,1
1ch,1ch,https://nhentai.net/tag/1ch/,3
35 machi,35-machi,https://nhentai.net/tag/35-machi/,1
36p,36p,https://nhentai.net/tag/36p/,2
39tei,39tei,https://nhentai.net/tag/39tei/,1
3dlive,3dlive,https://nhentai.net/tag/3dlive/,1
3p-threepii-,3p-threepii,https://nhentai.net/tag/3p-threepii/,1
4terabyte,4terabyte,https://nhentai.net/tag/4terabyte/,21
4uu,4uu,https://nhentai.net/tag/4uu/,27
5505 project,5505-project,https://nhentai.net/tag/5505-project/,4
5base,5base,https://nhentai.net/tag/5base/,1
6channel,6channel,https://nhentai.net/tag/6channel/,2
6no1,6no1,https://nhentai.net/tag/6no1/,1
6tsuno87,6tsuno87,https://nhentai.net/tag/6tsuno87/,1
774cake,774cake,https://nhentai.net/tag/774cake/,1
8lasagna,8lasagna,https://nhentai.net/tag/8lasagna/,1
a hinnnya,a-hinnnya,https://nhentai.net/tag/a-hinnnya/,1
a kyokufuri,a-kyokufuri,https://nhentai.net/tag/a-kyokufuri/,31
a love-ru,a-love-ru,https://nhentai.net/tag/a-love-ru/,2
a.m house,a-m-house,https://nhentai.net/tag/a-m-house/,1
a slash o,a-slash-o,https://nhentai.net/tag/a-slash-o/,1
a.w.u,a-w-u,https://nhentai.net/tag/a-w-u/,1
aab,aab,https://nhentai.net/tag/aab/,2
aako,aako,https://nhentai.net/tag/aako/,5
aamou-ya,aamou-ya,https://nhentai.net/tag/aamou-ya/,2
abarakun,abarakun,https://nhentai.net/tag/abarakun/,1
abeno junichi,abeno-junichi,https://nhentai.net/tag/abeno-junichi/,1
abimeo,abimeo,https://nhentai.net/tag/abimeo/,1
abortion,abortion,https://nhentai.net/tag/abortion/,100
absorption,absorption,https://nhentai.net/tag/absorption/,608
aburamashimashi,aburamashimashi,https://nhentai.net/tag/aburamashimashi/,1
aburitoro salmon o kawari,aburitoro-salmon-o-kawari,https://nhentai.net/tag/aburitoro-salmon-o-kawari/,1
abuto usui,abuto-usui,https://nhentai.net/tag/abuto-usui/,1
achernar alchemy,achernar-alchemy,https://nhentai.net/tag/achernar-alchemy/,4
achilles shunsoku girls,achilles-shunsoku-girls,https://nhentai.net/tag/achilles-shunsoku-girls/,1
acruxnb,acruxnb,https://nhentai.net/tag/acruxnb/,1
actraiser,actraiser,https://nhentai.net/tag/actraiser/,1
adam,adam,https://nhentai.net/tag/adam/,1
additional eyes,additional-eyes,https://nhentai.net/tag/additional-eyes/,25
adeshi,adeshi,https://nhentai.net/tag/adeshi/,3
adorablew,adorablew,https://nhentai.net/tag/adorablew/,1
adventitious mouth,adventitious-mouth,https://nhentai.net/tag/adventitious-mouth/,32
adventitious penis,adventitious-penis,https://nhentai.net/tag/adventitious-penis/,45
adventitious vagina,adventitious-vagina,https://nhentai.net/tag/adventitious-vagina/,55
aerlie,aerlie,https://nhentai.net/tag/aerlie/,2
afro,afro,https://nhentai.net/tag/afro/,39
afro2200,afro2200,https://nhentai.net/tag/afro2200/,1
age progression,age-progression,https://nhentai.net/tag/age-progression/,1231
age regression,age-regression,https://nhentai.net/tag/age-regression/,1305
agero,agero,https://nhentai.net/tag/agero/,1
agnes digital,agnes-digital,https://nhentai.net/tag/agnes-digital/,1
aguni,aguni,https://nhentai.net/tag/aguni/,1
ahegao,ahegao,https://nhentai.net/tag/ahegao/,58680
ahoderasouryo,ahoderasouryo,https://nhentai.net/tag/ahoderasouryo/,1
ahoge kinoko,ahoge-kinoko,https://nhentai.net/tag/ahoge-kinoko/,4
ai generated,ai-generated,https://nhentai.net/tag/ai-generated/,1374
ai no sora,ai-no-sora,https://nhentai.net/tag/ai-no-sora/,1
ai to namida,ai-to-namida,https://nhentai.net/tag/ai-to-namida/,1
aiaiaiar,aiaiaiar,https://nhentai.net/tag/aiaiaiar/,1
aidaruki,aidaruki,https://nhentai.net/tag/aidaruki/,1
aikawa kei,aikawa-kei,https://nhentai.net/tag/aikawa-kei/,1
aikawa meruo,aikawa-meruo,https://nhentai.net/tag/aikawa-meruo/,1
aiki rin,aiki-rin,https://nhentai.net/tag/aiki-rin/,1
aira shiratori,aira-shiratori,https://nhentai.net/tag/aira-shiratori/,1
airpink,airpink,https://nhentai.net/tag/airpink/,1
aisumochi,aisumochi,https://nhentai.net/tag/aisumochi/,2
aizawa anji,aizawa-anji,https://nhentai.net/tag/aizawa-anji/,4
aizawa ema,aizawa-ema,https://nhentai.net/tag/aizawa-ema/,3
aizawa seinikuten,aizawa-seinikuten,https://nhentai.net/tag/aizawa-seinikuten/,4
aji ponntarou,aji-ponntarou,https://nhentai.net/tag/aji-ponntarou/,58
ajipaba,ajipaba,https://nhentai.net/tag/ajipaba/,1
ajura,ajura,https://nhentai.net/tag/ajura/,1
ak1,ak1,https://nhentai.net/tag/ak1/,1
akahana,akahana,https://nhentai.net/tag/akahana/,1
akai josetsusha,akai-josetsusha,https://nhentai.net/tag/akai-josetsusha/,2
akaimelon,akaimelon,https://nhentai.net/tag/akaimelon/,16
akairo koubou,akairo-koubou,https://nhentai.net/tag/akairo-koubou/,3
akane nishimura,akane-nishimura,https://nhentai.net/tag/akane-nishimura/,1
akaomi,akaomi,https://nhentai.net/tag/akaomi/,1
akari sonozaki,akari-sonozaki,https://nhentai.net/tag/akari-sonozaki/,1
akasaki kei,akasaki-kei,https://nhentai.net/tag/akasaki-kei/,2
akatsuki sunsun,akatsuki-sunsun,https://nhentai.net/tag/akatsuki-sunsun/,1
akaya kirihara,akaya-kirihara,https://nhentai.net/tag/akaya-kirihara/,1
akazaki sekai,akazaki-sekai,https://nhentai.net/tag/akazaki-sekai/,2
aki-aw,aki-aw,https://nhentai.net/tag/aki-aw/,3
akigami satoru,akigami-satoru,https://nhentai.net/tag/akigami-satoru/,39
akiho nagomi,akiho-nagomi,https://nhentai.net/tag/akiho-nagomi/,1
akiho shinomoto,akiho-shinomoto,https://nhentai.net/tag/akiho-shinomoto/,1
akinashi koyomi,akinashi-koyomi,https://nhentai.net/tag/akinashi-koyomi/,1
akinokaze,akinokaze,https://nhentai.net/tag/akinokaze/,1
akizuki,akizuki,https://nhentai.net/tag/akizuki/,1
akkgsyk,akkgsyk,https://nhentai.net/tag/akkgsyk/,1
akubine kokoro,akubine-kokoro,https://nhentai.net/tag/akubine-kokoro/,1
akubinium,akubinium,https://nhentai.net/tag/akubinium/,2
akuma no memu-memu-chan,akuma-no-memu-memu-chan,https://nhentai.net/tag/akuma-no-memu-memu-chan/,1
akumai,akumai,https://nhentai.net/tag/akumai/,3
akumakko,akumakko,https://nhentai.net/tag/akumakko/,1
akuochi melon,akuochi-melon,https://nhentai.net/tag/akuochi-melon/,1
akuyaku warai sandankatsuyou,akuyaku-warai-sandankatsuyou,https://nhentai.net/tag/akuyaku-warai-sandankatsuyou/,3
alamama,alamama,https://nhentai.net/tag/alamama/,1
albino,albino,https://nhentai.net/tag/albino/,99
alcohol dopant,alcohol-dopant,https://nhentai.net/tag/alcohol-dopant/,1
alessandro,alessandro,https://nhentai.net/tag/alessandro/,3
alfau,alfau,https://nhentai.net/tag/alfau/,1
alhaitham,alhaitham,https://nhentai.net/tag/alhaitham/,2
alice mania shuudan caroll house shuppanbu,alice-mania-shuudan-caroll-house-shuppanbu,https://nhentai.net/tag/alice-mania-shuudan-caroll-house-shuppanbu/,1
alicia viewstream,alicia-viewstream,https://nhentai.net/tag/alicia-viewstream/,1
alien,alien,https://nhentai.net/tag/alien/,378
alien girl,alien-girl,https://nhentai.net/tag/alien-girl/,257
alien magma,alien-magma,https://nhentai.net/tag/alien-magma/,1
alise lovell,alise-lovell,https://nhentai.net/tag/alise-lovell/,1
all the way through,all-the-way-through,https://nhentai.net/tag/all-the-way-through/,1318
almirua,almirua,https://nhentai.net/tag/almirua/,1
almondman,almondman,https://nhentai.net/tag/almondman/,4
alpha juno,alpha-juno,https://nhentai.net/tag/alpha-juno/,1
alphabeta,alphabeta,https://nhentai.net/tag/alphabeta/,2
alphatochka,alphatochka,https://nhentai.net/tag/alphatochka/,1
alps story my annette,alps-story-my-annette,https://nhentai.net/tag/alps-story-my-annette/,1
alraune-batake,alraune-batake,https://nhentai.net/tag/alraune-batake/,1
amagyappa,amagyappa,https://nhentai.net/tag/amagyappa/,2
amairo ayame,amairo-ayame,https://nhentai.net/tag/amairo-ayame/,3
amakaze mellow,amakaze-mellow,https://nhentai.net/tag/amakaze-mellow/,2
amakuchi yuurinchii,amakuchi-yuurinchii,https://nhentai.net/tag/amakuchi-yuurinchii/,1
amakure gido,amakure-gido,https://nhentai.net/tag/amakure-gido/,2
amame,amame,https://nhentai.net/tag/amame/,1
amamiya azuha,amamiya-azuha,https://nhentai.net/tag/amamiya-azuha/,3
amamiya kokoro,amamiya-kokoro,https://nhentai.net/tag/amamiya-kokoro/,5
amamiya kugatsu,amamiya-kugatsu,https://nhentai.net/tag/amamiya-kugatsu/,1
amane hayabusa,amane-hayabusa,https://nhentai.net/tag/amane-hayabusa/,5
amane-san,amane-san,https://nhentai.net/tag/amane-san/,2
amaterasu tsukikage,amaterasu-tsukikage,https://nhentai.net/tag/amaterasu-tsukikage/,1
amberjack,amberjack,https://nhentai.net/tag/amberjack/,2
ameiro doll,ameiro-doll,https://nhentai.net/tag/ameiro-doll/,1
amemiya koame,amemiya-koame,https://nhentai.net/tag/amemiya-koame/,1
ameraku,ameraku,https://nhentai.net/tag/ameraku/,1
ameri,ameri,https://nhentai.net/tag/ameri/,1
ameya chiyoko,ameya-chiyoko,https://nhentai.net/tag/ameya-chiyoko/,1
amoru,amoru,https://nhentai.net/tag/amoru/,1
amputee,amputee,https://nhentai.net/tag/amputee/,2710
amuai,amuai,https://nhentai.net/tag/amuai/,1
an-arc xxx,an-arc-xxx,https://nhentai.net/tag/an-arc-xxx/,3
an butter,an-butter,https://nhentai.net/tag/an-butter/,1
an shinada,an-shinada,https://nhentai.net/tag/an-shinada/,1
anal,anal,https://nhentai.net/tag/anal/,116761
anal birth,anal-birth,https://nhentai.net/tag/anal-birth/,353
anal grind,anal-grind,https://nhentai.net/tag/anal-grind/,2
anal intercourse,anal-intercourse,https://nhentai.net/tag/anal-intercourse/,28477
anal prolapse,anal-prolapse,https://nhentai.net/tag/anal-prolapse/,104
analphagia,analphagia,https://nhentai.net/tag/analphagia/,124
andou saiga,andou-saiga,https://nhentai.net/tag/andou-saiga/,1
angel,angel,https://nhentai.net/tag/angel/,1456
angel ice,angel-ice,https://nhentai.net/tag/angel-ice/,1
angelfish,angelfish,https://nhentai.net/tag/angelfish/,1
animal on animal,animal-on-animal,https://nhentai.net/tag/animal-on-animal/,29
animal on furry,animal-on-furry,https://nhentai.net/tag/animal-on-furry/,1
animated,animated,https://nhentai.net/tag/animated/,121
animegao,animegao,https://nhentai.net/tag/animegao/,57
anintofu,anintofu,https://nhentai.net/tag/anintofu/,1
ankoku kyotengetsu,ankoku-kyotengetsu,https://nhentai.net/tag/ankoku-kyotengetsu/,1
anna highland,anna-highland,https://nhentai.net/tag/anna-highland/,1
annihilape,annihilape,https://nhentai.net/tag/annihilape/,1
ano mura,ano-mura,https://nhentai.net/tag/ano-mura/,1
anomano,anomano,https://nhentai.net/tag/anomano/,1
anonimo,anonimo,https://nhentai.net/tag/anonimo/,2
anorexic,anorexic,https://nhentai.net/tag/anorexic/,422
anthology,anthology,https://nhentai.net/tag/anthology/,12194
anutanusou,anutanusou,https://nhentai.net/tag/anutanusou/,1
anyu,anyu,https://nhentai.net/tag/anyu/,1
ao shiba,ao-shiba,https://nhentai.net/tag/ao-shiba/,1
aoba momiji,aoba-momiji,https://nhentai.net/tag/aoba-momiji/,6
aodotto,aodotto,https://nhentai.net/tag/aodotto/,8
aoena,aoena,https://nhentai.net/tag/aoena/,1
aogiri high school,aogiri-high-school,https://nhentai.net/tag/aogiri-high-school/,1
aoi kiryuu,aoi-kiryuu,https://nhentai.net/tag/aoi-kiryuu/,2
aoi riku,aoi-riku,https://nhentai.net/tag/aoi-riku/,1
aoi shiori,aoi-shiori,https://nhentai.net/tag/aoi-shiori/,1
aokiaka,aokiaka,https://nhentai.net/tag/aokiaka/,1
aonohana,aonohana,https://nhentai.net/tag/aonohana/,1
aosa nori,aosa-nori,https://nhentai.net/tag/aosa-nori/,1
aosaki hifumi,aosaki-hifumi,https://nhentai.net/tag/aosaki-hifumi/,1
aoto kage,aoto-kage,https://nhentai.net/tag/aoto-kage/,4
aoyama takumasa,aoyama-takumasa,https://nhentai.net/tag/aoyama-takumasa/,1
aoyama unyu,aoyama-unyu,https://nhentai.net/tag/aoyama-unyu/,1
apparel bukkake,apparel-bukkake,https://nhentai.net/tag/apparel-bukkake/,347
apron,apron,https://nhentai.net/tag/apron/,4560
ar89,ar89,https://nhentai.net/tag/ar89/,1
araji,araji,https://nhentai.net/tag/araji/,1
araki lilin,araki-lilin,https://nhentai.net/tag/araki-lilin/,1
araragi himegiku,araragi-himegiku,https://nhentai.net/tag/araragi-himegiku/,1
arasa mama no watashi de iino,arasa-mama-no-watashi-de-iino,https://nhentai.net/tag/arasa-mama-no-watashi-de-iino/,1
arcmothra,arcmothra,https://nhentai.net/tag/arcmothra/,1
are ga yattsu,are-ga-yattsu,https://nhentai.net/tag/are-ga-yattsu/,2
ari and mura,ari-and-mura,https://nhentai.net/tag/ari-and-mura/,45
ariane glenys lalatoya,ariane-glenys-lalatoya,https://nhentai.net/tag/ariane-glenys-lalatoya/,1
arinnkohumihumi,arinnkohumihumi,https://nhentai.net/tag/arinnkohumihumi/,2
ario orio,ario-orio,https://nhentai.net/tag/ario-orio/,4
arisa kinosaki,arisa-kinosaki,https://nhentai.net/tag/arisa-kinosaki/,1
arisawa touta,arisawa-touta,https://nhentai.net/tag/arisawa-touta/,1
ariso,ariso,https://nhentai.net/tag/ariso/,3
arlan,arlan,https://nhentai.net/tag/arlan/,1
armpit licking,armpit-licking,https://nhentai.net/tag/armpit-licking/,1860
armpit sex,armpit-sex,https://nhentai.net/tag/armpit-sex/,1400
aroeroe,aroeroe,https://nhentai.net/tag/aroeroe/,1
aromamaggot,aromamaggot,https://nhentai.net/tag/aromamaggot/,2
artbook,artbook,https://nhentai.net/tag/artbook/,3293
artist bone hiko,artist-bone-hiko,https://nhentai.net/tag/artist-bone-hiko/,1
artistcg,artistcg,https://nhentai.net/tag/artistcg/,800
aruchomu,aruchomu,https://nhentai.net/tag/aruchomu/,1
arudei,arudei,https://nhentai.net/tag/arudei/,1
arukanik,arukanik,https://nhentai.net/tag/arukanik/,1
arukaniko,arukaniko,https://nhentai.net/tag/arukaniko/,1
arumaito,arumaito,https://nhentai.net/tag/arumaito/,1
aruraune,aruraune,https://nhentai.net/tag/aruraune/,1
arurukaana7a,arurukaana7a,https://nhentai.net/tag/arurukaana7a/,1
aruto 10,aruto-10,https://nhentai.net/tag/aruto-10/,1
asa kara hirune,asa-kara-hirune,https://nhentai.net/tag/asa-kara-hirune/,1
asagiya,asagiya,https://nhentai.net/tag/asagiya/,1
asahina mafuyu,asahina-mafuyu,https://nhentai.net/tag/asahina-mafuyu/,2
asahine,asahine,https://nhentai.net/tag/asahine/,1
asai neu,asai-neu,https://nhentai.net/tag/asai-neu/,1
asakura r,asakura-r,https://nhentai.net/tag/asakura-r/,1
asakura taku3,asakura-taku3,https://nhentai.net/tag/asakura-taku3/,3
asamiru,asamiru,https://nhentai.net/tag/asamiru/,1
asano tooru,asano-tooru,https://nhentai.net/tag/asano-tooru/,1
asari-chan,asari-chan,https://nhentai.net/tag/asari-chan/,1
asashina,asashina,https://nhentai.net/tag/asashina/,1
asatsuki aoi,asatsuki-aoi,https://nhentai.net/tag/asatsuki-aoi/,1
ash plus,ash-plus,https://nhentai.net/tag/ash-plus/,1
ashi no seikou wa tsumi,ashi-no-seikou-wa-tsumi,https://nhentai.net/tag/ashi-no-seikou-wa-tsumi/,1
ashikoshi gakugaku iwashi tarou,ashikoshi-gakugaku-iwashi-tarou,https://nhentai.net/tag/ashikoshi-gakugaku-iwashi-tarou/,4
ashima jiue,ashima-jiue,https://nhentai.net/tag/ashima-jiue/,1
ashina mellow,ashina-mellow,https://nhentai.net/tag/ashina-mellow/,1
ashino,ashino,https://nhentai.net/tag/ashino/,1
ashitsubo,ashitsubo,https://nhentai.net/tag/ashitsubo/,1
asia-kei gang,asia-kei-gang,https://nhentai.net/tag/asia-kei-gang/,1
asm-p,asm-p,https://nhentai.net/tag/asm-p/,2
asmrflute,asmrflute,https://nhentai.net/tag/asmrflute/,13
asphyxiation,asphyxiation,https://nhentai.net/tag/asphyxiation/,2780
ass expansion,ass-expansion,https://nhentai.net/tag/ass-expansion/,219
assjob,assjob,https://nhentai.net/tag/assjob/,885
astra super stars,astra-super-stars,https://nhentai.net/tag/astra-super-stars/,1
asu chiroko,asu-chiroko,https://nhentai.net/tag/asu-chiroko/,1
asuka oishi,asuka-oishi,https://nhentai.net/tag/asuka-oishi/,1
atarayo,atarayo,https://nhentai.net/tag/atarayo/,1
atelier30,atelier30,https://nhentai.net/tag/atelier30/,1
ato wa maroboshi,ato-wa-maroboshi,https://nhentai.net/tag/ato-wa-maroboshi/,2
atomb,atomb,https://nhentai.net/tag/atomb/,1
atomic diver henshuubu,atomic-diver-henshuubu,https://nhentai.net/tag/atomic-diver-henshuubu/,1
atsuko hakari,atsuko-hakari,https://nhentai.net/tag/atsuko-hakari/,3
aunt,aunt,https://nhentai.net/tag/aunt/,2347
autofellatio,autofellatio,https://nhentai.net/tag/autofellatio/,641
autopaizuri,autopaizuri,https://nhentai.net/tag/autopaizuri/,171
awa,awa,https://nhentai.net/tag/awa/,1
awami ao,awami-ao,https://nhentai.net/tag/awami-ao/,2
awei,awei,https://nhentai.net/tag/awei/,1
awsc,awsc,https://nhentai.net/tag/awsc/,1
axisan,axisan,https://nhentai.net/tag/axisan/,1
ayagi mitsuru,ayagi-mitsuru,https://nhentai.net/tag/ayagi-mitsuru/,1
ayano baru,ayano-baru,https://nhentai.net/tag/ayano-baru/,4
ayase mio,ayase-mio,https://nhentai.net/tag/ayase-mio/,4
ayumu iwabitsu,ayumu-iwabitsu,https://nhentai.net/tag/ayumu-iwabitsu/,2
ayuta ayutarou,ayuta-ayutarou,https://nhentai.net/tag/ayuta-ayutarou/,1
azaass,azaass,https://nhentai.net/tag/azaass/,1
azamidon,azamidon,https://nhentai.net/tag/azamidon/,6
azechi kiyoshi,azechi-kiyoshi,https://nhentai.net/tag/azechi-kiyoshi/,1
azegami,azegami,https://nhentai.net/tag/azegami/,9
azuma satsuki,azuma-satsuki,https://nhentai.net/tag/azuma-satsuki/,3
azumaya yukiko,azumaya-yukiko,https://nhentai.net/tag/azumaya-yukiko/,2
azumi chihiro,azumi-chihiro,https://nhentai.net/tag/azumi-chihiro/,1
azupi,azupi,https://nhentai.net/tag/azupi/,1
azurin,azurin,https://nhentai.net/tag/azurin/,1
b.c.,b-c,https://nhentai.net/tag/b-c/,1
b-caramel,b-caramel,https://nhentai.net/tag/b-caramel/,1
b.u,b-u,https://nhentai.net/tag/b-u/,1
babu no ki,babu-no-ki,https://nhentai.net/tag/babu-no-ki/,2
baby saja,baby-saja,https://nhentai.net/tag/baby-saja/,1
baby stick,baby-stick,https://nhentai.net/tag/baby-stick/,1
bairin,bairin,https://nhentai.net/tag/bairin/,1
bakachikubi,bakachikubi,https://nhentai.net/tag/bakachikubi/,13
bake bran,bake-bran,https://nhentai.net/tag/bake-bran/,1
baketsu de chin,baketsu-de-chin,https://nhentai.net/tag/baketsu-de-chin/,2
bakobako,bakobako,https://nhentai.net/tag/bakobako/,1
bakuga shobo,bakuga-shobo,https://nhentai.net/tag/bakuga-shobo/,3
bakunyu house,bakunyu-house,https://nhentai.net/tag/bakunyu-house/,1
bakuom,bakuom,https://nhentai.net/tag/bakuom/,1
bald,bald,https://nhentai.net/tag/bald/,11335
ball caressing,ball-caressing,https://nhentai.net/tag/ball-caressing/,206
ball-less shemale,ball-less-shemale,https://nhentai.net/tag/ball-less-shemale/,24
ball sucking,ball-sucking,https://nhentai.net/tag/ball-sucking/,2021
ballistic onahole,ballistic-onahole,https://nhentai.net/tag/ballistic-onahole/,1
balljob,balljob,https://nhentai.net/tag/balljob/,93
balls expansion,balls-expansion,https://nhentai.net/tag/balls-expansion/,269
banana cat,banana-cat,https://nhentai.net/tag/banana-cat/,1
banana mayonezu,banana-mayonezu,https://nhentai.net/tag/banana-mayonezu/,1
bandages,bandages,https://nhentai.net/tag/bandages/,1131
bandaid,bandaid,https://nhentai.net/tag/bandaid/,182
bang dream its mygo,bang-dream-its-mygo,https://nhentai.net/tag/bang-dream-its-mygo/,5
bangai-o,bangai-o,https://nhentai.net/tag/bangai-o/,1
bankoku ayuya,bankoku-ayuya,https://nhentai.net/tag/bankoku-ayuya/,38
bannou,bannou,https://nhentai.net/tag/bannou/,5
baobao,baobao,https://nhentai.net/tag/baobao/,2
bara manji,bara-manji,https://nhentai.net/tag/bara-manji/,1
bareisho tarou,bareisho-tarou,https://nhentai.net/tag/bareisho-tarou/,1
barghest,barghest,https://nhentai.net/tag/barghest/,1
barricheillo,barricheillo,https://nhentai.net/tag/barricheillo/,2
barrichello,barrichello,https://nhentai.net/tag/barrichello/,2
bashouno deshi,bashouno-deshi,https://nhentai.net/tag/bashouno-deshi/,2
basoba,basoba,https://nhentai.net/tag/basoba/,1
bat boy,bat-boy,https://nhentai.net/tag/bat-boy/,1
bat girl,bat-girl,https://nhentai.net/tag/bat-girl/,12
bathing room,bathing-room,https://nhentai.net/tag/bathing-room/,207
batsu kakeru peke,batsu-kakeru-peke,https://nhentai.net/tag/batsu-kakeru-peke/,2
batsukakerupeke,batsukakerupeke,https://nhentai.net/tag/batsukakerupeke/,1
battenkyuuki,battenkyuuki,https://nhentai.net/tag/battenkyuuki/,2
bb dubai,bb-dubai,https://nhentai.net/tag/bb-dubai/,1
bb ultra keikaku,bb-ultra-keikaku,https://nhentai.net/tag/bb-ultra-keikaku/,1
bbm,bbm,https://nhentai.net/tag/bbm/,24930
bbw,bbw,https://nhentai.net/tag/bbw/,9539
bdsm,bdsm,https://nhentai.net/tag/bdsm/,4466
beach,beach,https://nhentai.net/tag/beach/,247
bear,bear,https://nhentai.net/tag/bear/,49
bear boy,bear-boy,https://nhentai.net/tag/bear-boy/,8
bear girl,bear-girl,https://nhentai.net/tag/bear-girl/,19
bear valley,bear-valley,https://nhentai.net/tag/bear-valley/,1
beauty mark,beauty-mark,https://nhentai.net/tag/beauty-mark/,16484
beccoro,beccoro,https://nhentai.net/tag/beccoro/,2
bee girl,bee-girl,https://nhentai.net/tag/bee-girl/,70
beige,beige,https://nhentai.net/tag/beige/,2
bekobeko,bekobeko,https://nhentai.net/tag/bekobeko/,6
benichidori,benichidori,https://nhentai.net/tag/benichidori/,1
benii kenkyuujo,benii-kenkyuujo,https://nhentai.net/tag/benii-kenkyuujo/,10
bennosuki,bennosuki,https://nhentai.net/tag/bennosuki/,5
beruamamu,beruamamu,https://nhentai.net/tag/beruamamu/,1
bestiality,bestiality,https://nhentai.net/tag/bestiality/,5871
betterplace,betterplace,https://nhentai.net/tag/betterplace/,2
bhaisa,bhaisa,https://nhentai.net/tag/bhaisa/,1
bianfuyeyue,bianfuyeyue,https://nhentai.net/tag/bianfuyeyue/,1
big areolae,big-areolae,https://nhentai.net/tag/big-areolae/,12305
big ass,big-ass,https://nhentai.net/tag/big-ass/,23728
big balls,big-balls,https://nhentai.net/tag/big-balls/,2153
big breasts,big-breasts,https://nhentai.net/tag/big-breasts/,218181
big clit,big-clit,https://nhentai.net/tag/big-clit/,1859
big lips,big-lips,https://nhentai.net/tag/big-lips/,669
big muscles,big-muscles,https://nhentai.net/tag/big-muscles/,350
big nipples,big-nipples,https://nhentai.net/tag/big-nipples/,4776
big penis,big-penis,https://nhentai.net/tag/big-penis/,30892
big vagina,big-vagina,https://nhentai.net/tag/big-vagina/,244
bigi gts,bigi-gts,https://nhentai.net/tag/bigi-gts/,1
bihan,bihan,https://nhentai.net/tag/bihan/,1
bikai,bikai,https://nhentai.net/tag/bikai/,1
bike shorts,bike-shorts,https://nhentai.net/tag/bike-shorts/,3411
bikini,bikini,https://nhentai.net/tag/bikini/,22946
binido,binido,https://nhentai.net/tag/binido/,1
bird boy,bird-boy,https://nhentai.net/tag/bird-boy/,3
bird girl,bird-girl,https://nhentai.net/tag/bird-girl/,3
birdhatter,birdhatter,https://nhentai.net/tag/birdhatter/,2
birth,birth,https://nhentai.net/tag/birth/,3249
biscuitone,biscuitone,https://nhentai.net/tag/biscuitone/,5
bisexual,bisexual,https://nhentai.net/tag/bisexual/,5063
bismaki,bismaki,https://nhentai.net/tag/bismaki/,1
bite mark,bite-mark,https://nhentai.net/tag/bite-mark/,119
blackboard,blackboard,https://nhentai.net/tag/blackboard/,2
blackmail,blackmail,https://nhentai.net/tag/blackmail/,10525
blanchat,blanchat,https://nhentai.net/tag/blanchat/,1
blank,blank,https://nhentai.net/tag/blank/,1
blast man,blast-man,https://nhentai.net/tag/blast-man/,5
blind,blind,https://nhentai.net/tag/blind/,196
blindfold,blindfold,https://nhentai.net/tag/blindfold/,10697
blood,blood,https://nhentai.net/tag/blood/,3219
bloomers,bloomers,https://nhentai.net/tag/bloomers/,7236
blowjob,blowjob,https://nhentai.net/tag/blowjob/,99676
blowjob face,blowjob-face,https://nhentai.net/tag/blowjob-face/,6374
blue history,blue-history,https://nhentai.net/tag/blue-history/,1
blue soda,blue-soda,https://nhentai.net/tag/blue-soda/,3
bluehome,bluehome,https://nhentai.net/tag/bluehome/,1
bluevery,bluevery,https://nhentai.net/tag/bluevery/,1
bluevery king,bluevery-king,https://nhentai.net/tag/bluevery-king/,1
bob cut,bob-cut,https://nhentai.net/tag/bob-cut/,1
bodaijun,bodaijun,https://nhentai.net/tag/bodaijun/,6
body modification,body-modification,https://nhentai.net/tag/body-modification/,3078
body packing,body-packing,https://nhentai.net/tag/body-packing/,2
body painting,body-painting,https://nhentai.net/tag/body-painting/,317
body swap,body-swap,https://nhentai.net/tag/body-swap/,2137
body writing,body-writing,https://nhentai.net/tag/body-writing/,2570
bodystocking,bodystocking,https://nhentai.net/tag/bodystocking/,507
bodysuit,bodysuit,https://nhentai.net/tag/bodysuit/,5852
bokushou,bokushou,https://nhentai.net/tag/bokushou/,2
bondage,bondage,https://nhentai.net/tag/bondage/,56693
bonjiri,bonjiri,https://nhentai.net/tag/bonjiri/,1
bonnou obaa-chan,bonnou-obaa-chan,https://nhentai.net/tag/bonnou-obaa-chan/,2
bonnouji yura,bonnouji-yura,https://nhentai.net/tag/bonnouji-yura/,1
bonus call,bonus-call,https://nhentai.net/tag/bonus-call/,1
bonz0616,bonz0616,https://nhentai.net/tag/bonz0616/,1
boomdragonkid,boomdragonkid,https://nhentai.net/tag/boomdragonkid/,5
bori,bori,https://nhentai.net/tag/bori/,1
borsch,borsch,https://nhentai.net/tag/borsch/,1
botandou,botandou,https://nhentai.net/tag/botandou/,1
botechin,botechin,https://nhentai.net/tag/botechin/,1
bottle comics,bottle-comics,https://nhentai.net/tag/bottle-comics/,2
bouhatei,bouhatei,https://nhentai.net/tag/bouhatei/,3
boukensha c,boukensha-c,https://nhentai.net/tag/boukensha-c/,1
boukoku daitouryou,boukoku-daitouryou,https://nhentai.net/tag/boukoku-daitouryou/,9
bouquet5,bouquet5,https://nhentai.net/tag/bouquet5/,2
bouya-san,bouya-san,https://nhentai.net/tag/bouya-san/,1
boyo,boyo,https://nhentai.net/tag/boyo/,3
bozu,bozu,https://nhentai.net/tag/bozu/,1
braces,braces,https://nhentai.net/tag/braces/,8
brain fuck,brain-fuck,https://nhentai.net/tag/brain-fuck/,710
breast expansion,breast-expansion,https://nhentai.net/tag/breast-expansion/,5111
breast feeding,breast-feeding,https://nhentai.net/tag/breast-feeding/,6753
breast reduction,breast-reduction,https://nhentai.net/tag/breast-reduction/,28
bride,bride,https://nhentai.net/tag/bride/,1741
britomart,britomart,https://nhentai.net/tag/britomart/,1
bronze whale,bronze-whale,https://nhentai.net/tag/bronze-whale/,1
brother,brother,https://nhentai.net/tag/brother/,2276
brr,brr,https://nhentai.net/tag/brr/,1
buguon,buguon,https://nhentai.net/tag/buguon/,1
buis lee,buis-lee,https://nhentai.net/tag/buis-lee/,2
bujidearu,bujidearu,https://nhentai.net/tag/bujidearu/,2
bukkake,bukkake,https://nhentai.net/tag/bukkake/,9514
bukkaketainaa,bukkaketainaa,https://nhentai.net/tag/bukkaketainaa/,1
bull,bull,https://nhentai.net/tag/bull/,92
bump mania,bump-mania,https://nhentai.net/tag/bump-mania/,1
bunbuku nagi,bunbuku-nagi,https://nhentai.net/tag/bunbuku-nagi/,4
bungaku,bungaku,https://nhentai.net/tag/bungaku/,1
bunny boy,bunny-boy,https://nhentai.net/tag/bunny-boy/,945
bunny girl,bunny-girl,https://nhentai.net/tag/bunny-girl/,11228
buranran,buranran,https://nhentai.net/tag/buranran/,14
burichan,burichan,https://nhentai.net/tag/burichan/,2
buried stars,buried-stars,https://nhentai.net/tag/buried-stars/,1
buriten,buriten,https://nhentai.net/tag/buriten/,2
burnbright,burnbright,https://nhentai.net/tag/burnbright/,1
burping,burping,https://nhentai.net/tag/burping/,424
burun babon,burun-babon,https://nhentai.net/tag/burun-babon/,1
business suit,business-suit,https://nhentai.net/tag/business-suit/,6638
buta yarou,buta-yarou,https://nhentai.net/tag/buta-yarou/,3
butler,butler,https://nhentai.net/tag/butler/,467
butsuri absorber,butsuri-absorber,https://nhentai.net/tag/butsuri-absorber/,1
butt plug,butt-plug,https://nhentai.net/tag/butt-plug/,241
butter bunny,butter-bunny,https://nhentai.net/tag/butter-bunny/,1
butter drip,butter-drip,https://nhentai.net/tag/butter-drip/,1
butter margarin,butter-margarin,https://nhentai.net/tag/butter-margarin/,7
buzamadera,buzamadera,https://nhentai.net/tag/buzamadera/,2
byakurou,byakurou,https://nhentai.net/tag/byakurou/,1
byakuya kisoukyoku,byakuya-kisoukyoku,https://nhentai.net/tag/byakuya-kisoukyoku/,1
byoushin emptick,byoushin-emptick,https://nhentai.net/tag/byoushin-emptick/,1
caelus,caelus,https://nhentai.net/tag/caelus/,3
cafe au lait,cafe-au-lait,https://nhentai.net/tag/cafe-au-lait/,1
calmflower,calmflower,https://nhentai.net/tag/calmflower/,2
calvet,calvet,https://nhentai.net/tag/calvet/,1
cannibalism,cannibalism,https://nhentai.net/tag/cannibalism/,489
cappuccino,cappuccino,https://nhentai.net/tag/cappuccino/,3
capsaicin,capsaicin,https://nhentai.net/tag/capsaicin/,1
capsule morotomo,capsule-morotomo,https://nhentai.net/tag/capsule-morotomo/,1
captain mizuki,captain-mizuki,https://nhentai.net/tag/captain-mizuki/,1
caption,caption,https://nhentai.net/tag/caption/,18
capy shuupan,capy-shuupan,https://nhentai.net/tag/capy-shuupan/,1
caramel maam,caramel-maam,https://nhentai.net/tag/caramel-maam/,3
caramel mama,caramel-mama,https://nhentai.net/tag/caramel-mama/,1
carat,carat,https://nhentai.net/tag/carat/,1
cardfight v master,cardfight-v-master,https://nhentai.net/tag/cardfight-v-master/,1
carter,carter,https://nhentai.net/tag/carter/,1
cashier,cashier,https://nhentai.net/tag/cashier/,247
casiopute,casiopute,https://nhentai.net/tag/casiopute/,1
cat,cat,https://nhentai.net/tag/cat/,23
catame,catame,https://nhentai.net/tag/catame/,1
catboy,catboy,https://nhentai.net/tag/catboy/,1694
catfight,catfight,https://nhentai.net/tag/catfight/,771
catgirl,catgirl,https://nhentai.net/tag/catgirl/,12654
catgirlwitch,catgirlwitch,https://nhentai.net/tag/catgirlwitch/,1
catnip s tablet,catnip-s-tablet,https://nhentai.net/tag/catnip-s-tablet/,2
cattail,cattail,https://nhentai.net/tag/cattail/,1
cb aneki,cb-aneki,https://nhentai.net/tag/cb-aneki/,1
cbt,cbt,https://nhentai.net/tag/cbt/,2659
cementite,cementite,https://nhentai.net/tag/cementite/,1
censorship,censorship,https://nhentai.net/tag/censorship/,1
centaur,centaur,https://nhentai.net/tag/centaur/,265
central kitchen,central-kitchen,https://nhentai.net/tag/central-kitchen/,1
cerbe3,cerbe3,https://nhentai.net/tag/cerbe3/,1
cercis,cercis,https://nhentai.net/tag/cercis/,1
cerecere,cerecere,https://nhentai.net/tag/cerecere/,1
cervix penetration,cervix-penetration,https://nhentai.net/tag/cervix-penetration/,5300
cervix prolapse,cervix-prolapse,https://nhentai.net/tag/cervix-prolapse/,370
cha bou,cha-bou,https://nhentai.net/tag/cha-bou/,1
chairo,chairo,https://nhentai.net/tag/chairo/,1
chairoiyatsu,chairoiyatsu,https://nhentai.net/tag/chairoiyatsu/,1
challia bull,challia-bull,https://nhentai.net/tag/challia-bull/,1
chanja kojiki,chanja-kojiki,https://nhentai.net/tag/chanja-kojiki/,7
chappu,chappu,https://nhentai.net/tag/chappu/,1
charin,charin,https://nhentai.net/tag/charin/,1
charlulo,charlulo,https://nhentai.net/tag/charlulo/,2
chaseta,chaseta,https://nhentai.net/tag/chaseta/,1
chaseta no niwa,chaseta-no-niwa,https://nhentai.net/tag/chaseta-no-niwa/,1
chastity belt,chastity-belt,https://nhentai.net/tag/chastity-belt/,3315
chaya,chaya,https://nhentai.net/tag/chaya/,1
cheating,cheating,https://nhentai.net/tag/cheating/,26803
cheerleader,cheerleader,https://nhentai.net/tag/cheerleader/,2177
cherry blossoms,cherry-blossoms,https://nhentai.net/tag/cherry-blossoms/,1
cherry farm,cherry-farm,https://nhentai.net/tag/cherry-farm/,1
chiba asahi,chiba-asahi,https://nhentai.net/tag/chiba-asahi/,1
chiba tayuri,chiba-tayuri,https://nhentai.net/tag/chiba-tayuri/,1
chibotakun,chibotakun,https://nhentai.net/tag/chibotakun/,2
chiduru gon,chiduru-gon,https://nhentai.net/tag/chiduru-gon/,1
chie hori,chie-hori,https://nhentai.net/tag/chie-hori/,2
chie takemoto,chie-takemoto,https://nhentai.net/tag/chie-takemoto/,1
chieuchi,chieuchi,https://nhentai.net/tag/chieuchi/,1
chihiro hiroi,chihiro-hiroi,https://nhentai.net/tag/chihiro-hiroi/,4
chii-chan no oshinagaki,chii-chan-no-oshinagaki,https://nhentai.net/tag/chii-chan-no-oshinagaki/,1
chii mamiya,chii-mamiya,https://nhentai.net/tag/chii-mamiya/,3
chikan,chikan,https://nhentai.net/tag/chikan/,4275
chikara koso power,chikara-koso-power,https://nhentai.net/tag/chikara-koso-power/,1
chikichikin,chikichikin,https://nhentai.net/tag/chikichikin/,3
chikiuzin,chikiuzin,https://nhentai.net/tag/chikiuzin/,1
chikotsu,chikotsu,https://nhentai.net/tag/chikotsu/,1
chikumaya,chikumaya,https://nhentai.net/tag/chikumaya/,1
chikushi hirokazu,chikushi-hirokazu,https://nhentai.net/tag/chikushi-hirokazu/,1
chikuwa factory,chikuwa-factory,https://nhentai.net/tag/chikuwa-factory/,1
chikuwa-kai,chikuwa-kai,https://nhentai.net/tag/chikuwa-kai/,4
chikuwa soft,chikuwa-soft,https://nhentai.net/tag/chikuwa-soft/,1
childbox,childbox,https://nhentai.net/tag/childbox/,1
china rose,china-rose,https://nhentai.net/tag/china-rose/,1
chinese dress,chinese-dress,https://nhentai.net/tag/chinese-dress/,2034
chinko,chinko,https://nhentai.net/tag/chinko/,1
chinko kusai,chinko-kusai,https://nhentai.net/tag/chinko-kusai/,1
chinpan,chinpan,https://nhentai.net/tag/chinpan/,7
chinpogge,chinpogge,https://nhentai.net/tag/chinpogge/,1
chinpoki,chinpoki,https://nhentai.net/tag/chinpoki/,1
chinpoppotei,chinpoppotei,https://nhentai.net/tag/chinpoppotei/,1
chinzuriina,chinzuriina,https://nhentai.net/tag/chinzuriina/,1
chinzurina,chinzurina,https://nhentai.net/tag/chinzurina/,1
chiparu,chiparu,https://nhentai.net/tag/chiparu/,1
chipuru matsuda,chipuru-matsuda,https://nhentai.net/tag/chipuru-matsuda/,1
chirinu iroha,chirinu-iroha,https://nhentai.net/tag/chirinu-iroha/,1
chiromika,chiromika,https://nhentai.net/tag/chiromika/,1
chirotata,chirotata,https://nhentai.net/tag/chirotata/,1
chisakiss,chisakiss,https://nhentai.net/tag/chisakiss/,1
chise waraku,chise-waraku,https://nhentai.net/tag/chise-waraku/,1
chitsu kara liver,chitsu-kara-liver,https://nhentai.net/tag/chitsu-kara-liver/,1
chiyoda ao,chiyoda-ao,https://nhentai.net/tag/chiyoda-ao/,2
chiyou yoyuchi,chiyou-yoyuchi,https://nhentai.net/tag/chiyou-yoyuchi/,39
chlamydo,chlamydo,https://nhentai.net/tag/chlamydo/,5
chloroform,chloroform,https://nhentai.net/tag/chloroform/,2632
chobikuma,chobikuma,https://nhentai.net/tag/chobikuma/,8
choco cafe,choco-cafe,https://nhentai.net/tag/choco-cafe/,3
choco future,choco-future,https://nhentai.net/tag/choco-future/,1
chocobeam,chocobeam,https://nhentai.net/tag/chocobeam/,1
chocolat lilou,chocolat-lilou,https://nhentai.net/tag/chocolat-lilou/,3
chocolate daimazin,chocolate-daimazin,https://nhentai.net/tag/chocolate-daimazin/,1
chocoparfait,chocoparfait,https://nhentai.net/tag/chocoparfait/,2
choi bounge,choi-bounge,https://nhentai.net/tag/choi-bounge/,1
choin,choin,https://nhentai.net/tag/choin/,2
chokusen unbalance,chokusen-unbalance,https://nhentai.net/tag/chokusen-unbalance/,1
choma,choma,https://nhentai.net/tag/choma/,1
chomokichi2,chomokichi2,https://nhentai.net/tag/chomokichi2/,1
chongera,chongera,https://nhentai.net/tag/chongera/,1
chopako,chopako,https://nhentai.net/tag/chopako/,6
chouya waneko,chouya-waneko,https://nhentai.net/tag/chouya-waneko/,1
christmas,christmas,https://nhentai.net/tag/christmas/,1580
chunyujingshitian,chunyujingshitian,https://nhentai.net/tag/chunyujingshitian/,1
chuuindou shoukai,chuuindou-shoukai,https://nhentai.net/tag/chuuindou-shoukai/,1
chuunen nurunuru,chuunen-nurunuru,https://nhentai.net/tag/chuunen-nurunuru/,1
circle anzumura,circle-anzumura,https://nhentai.net/tag/circle-anzumura/,2
circle guri,circle-guri,https://nhentai.net/tag/circle-guri/,1
circle ism,circle-ism,https://nhentai.net/tag/circle-ism/,1
circle ojisan,circle-ojisan,https://nhentai.net/tag/circle-ojisan/,1
circle takaya,circle-takaya,https://nhentai.net/tag/circle-takaya/,4
circle utumno,circle-utumno,https://nhentai.net/tag/circle-utumno/,1
clamp,clamp,https://nhentai.net/tag/clamp/,443
classroom,classroom,https://nhentai.net/tag/classroom/,417
clit growth,clit-growth,https://nhentai.net/tag/clit-growth/,731
clit insertion,clit-insertion,https://nhentai.net/tag/clit-insertion/,38
clit stimulation,clit-stimulation,https://nhentai.net/tag/clit-stimulation/,1747
cloaca insertion,cloaca-insertion,https://nhentai.net/tag/cloaca-insertion/,9
clocklord,clocklord,https://nhentai.net/tag/clocklord/,2
clone,clone,https://nhentai.net/tag/clone/,638
closed eyes,closed-eyes,https://nhentai.net/tag/closed-eyes/,1099
closeranks,closeranks,https://nhentai.net/tag/closeranks/,1
clothed female nude male,clothed-female-nude-male,https://nhentai.net/tag/clothed-female-nude-male/,2037
clothed male nude female,clothed-male-nude-female,https://nhentai.net/tag/clothed-male-nude-female/,987
clothed paizuri,clothed-paizuri,https://nhentai.net/tag/clothed-paizuri/,1312
clown,clown,https://nhentai.net/tag/clown/,42
club junjun,club-junjun,https://nhentai.net/tag/club-junjun/,1
coach,coach,https://nhentai.net/tag/coach/,1178
cock ring,cock-ring,https://nhentai.net/tag/cock-ring/,124
cockphagia,cockphagia,https://nhentai.net/tag/cockphagia/,76
cockslapping,cockslapping,https://nhentai.net/tag/cockslapping/,54
cocoapollon,cocoapollon,https://nhentai.net/tag/cocoapollon/,1
coconuts milk,coconuts-milk,https://nhentai.net/tag/coconuts-milk/,2
cocoroach,cocoroach,https://nhentai.net/tag/cocoroach/,1
collar,collar,https://nhentai.net/tag/collar/,32091
collon club,collon-club,https://nhentai.net/tag/collon-club/,1
coloniaguell,coloniaguell,https://nhentai.net/tag/coloniaguell/,1
comic,comic,https://nhentai.net/tag/comic/,721
comizk,comizk,https://nhentai.net/tag/comizk/,1
comjack project,comjack-project,https://nhentai.net/tag/comjack-project/,1
compilation,compilation,https://nhentai.net/tag/compilation/,1400
con narita,con-narita,https://nhentai.net/tag/con-narita/,1
condom,condom,https://nhentai.net/tag/condom/,16048
conejologia,conejologia,https://nhentai.net/tag/conejologia/,1
confinement,confinement,https://nhentai.net/tag/confinement/,113
conjoined,conjoined,https://nhentai.net/tag/conjoined/,20
consent,consent,https://nhentai.net/tag/consent/,2
coodere maid doukoukai,coodere-maid-doukoukai,https://nhentai.net/tag/coodere-maid-doukoukai/,2
copei,copei,https://nhentai.net/tag/copei/,1
coprophagia,coprophagia,https://nhentai.net/tag/coprophagia/,1338
corpse,corpse,https://nhentai.net/tag/corpse/,226
corruption,corruption,https://nhentai.net/tag/corruption/,6501
corset,corset,https://nhentai.net/tag/corset/,1379
cosken,cosken,https://nhentai.net/tag/cosken/,1
cosplay,cosplay,https://nhentai.net/tag/cosplay/,1
cosplaying,cosplaying,https://nhentai.net/tag/cosplaying/,3456
cotori yuu,cotori-yuu,https://nhentai.net/tag/cotori-yuu/,1
count mecha,count-mecha,https://nhentai.net/tag/count-mecha/,1
cousin,cousin,https://nhentai.net/tag/cousin/,2570
cow,cow,https://nhentai.net/tag/cow/,7
cowgirl,cowgirl,https://nhentai.net/tag/cowgirl/,2968
cowman,cowman,https://nhentai.net/tag/cowman/,183
crab,crab,https://nhentai.net/tag/crab/,2
cream punch,cream-punch,https://nhentai.net/tag/cream-punch/,1
.crew,crew,https://nhentai.net/tag/crew/,1
crimson queeny,crimson-queeny,https://nhentai.net/tag/crimson-queeny/,1
croriin,croriin,https://nhentai.net/tag/croriin/,1
cross road,cross-road,https://nhentai.net/tag/cross-road/,1
crossdressing,crossdressing,https://nhentai.net/tag/crossdressing/,21364
crotch tattoo,crotch-tattoo,https://nhentai.net/tag/crotch-tattoo/,6373
crown,crown,https://nhentai.net/tag/crown/,524
crying,crying,https://nhentai.net/tag/crying/,1821
cum bath,cum-bath,https://nhentai.net/tag/cum-bath/,187
cum in eye,cum-in-eye,https://nhentai.net/tag/cum-in-eye/,94
cum swap,cum-swap,https://nhentai.net/tag/cum-swap/,788
cumflation,cumflation,https://nhentai.net/tag/cumflation/,2838
cunnilingus,cunnilingus,https://nhentai.net/tag/cunnilingus/,14354
cuntboy,cuntboy,https://nhentai.net/tag/cuntboy/,421
cuntbusting,cuntbusting,https://nhentai.net/tag/cuntbusting/,75
cupitan,cupitan,https://nhentai.net/tag/cupitan/,1
curry aji,curry-aji,https://nhentai.net/tag/curry-aji/,1
curtis,curtis,https://nhentai.net/tag/curtis/,2
cutoli ukuwa,cutoli-ukuwa,https://nhentai.net/tag/cutoli-ukuwa/,1
cybeletariat,cybeletariat,https://nhentai.net/tag/cybeletariat/,1
cyclosabakan,cyclosabakan,https://nhentai.net/tag/cyclosabakan/,2
cyurippu,cyurippu,https://nhentai.net/tag/cyurippu/,1
d jirooo,d-jirooo,https://nhentai.net/tag/d-jirooo/,1
dacos,dacos,https://nhentai.net/tag/dacos/,1
dadada,dadada,https://nhentai.net/tag/dadada/,1
dai,dai,https://nhentai.net/tag/dai/,1
daida,daida,https://nhentai.net/tag/daida/,1
daijiro ohara,daijiro-ohara,https://nhentai.net/tag/daijiro-ohara/,3
daijobanai,daijobanai,https://nhentai.net/tag/daijobanai/,1
dainzia,dainzia,https://nhentai.net/tag/dainzia/,1
daisangen,daisangen,https://nhentai.net/tag/daisangen/,4
daitai taida,daitai-taida,https://nhentai.net/tag/daitai-taida/,2
daiya owada,daiya-owada,https://nhentai.net/tag/daiya-owada/,1
dakimakura,dakimakura,https://nhentai.net/tag/dakimakura/,5
dakko ja rrs 2nd,dakko-ja-rrs-2nd,https://nhentai.net/tag/dakko-ja-rrs-2nd/,1
damascus dean,damascus-dean,https://nhentai.net/tag/damascus-dean/,1
damekama,damekama,https://nhentai.net/tag/damekama/,1
dami,dami,https://nhentai.net/tag/dami/,2
dan oniroku,dan-oniroku,https://nhentai.net/tag/dan-oniroku/,3
dance eiki,dance-eiki,https://nhentai.net/tag/dance-eiki/,3
dangomushi,dangomushi,https://nhentai.net/tag/dangomushi/,1
danjo matsunaga,danjo-matsunaga,https://nhentai.net/tag/danjo-matsunaga/,1
danodano,danodano,https://nhentai.net/tag/danodano/,6
dark chii,dark-chii,https://nhentai.net/tag/dark-chii/,3
dark nipples,dark-nipples,https://nhentai.net/tag/dark-nipples/,1044
dark sclera,dark-sclera,https://nhentai.net/tag/dark-sclera/,991
dark skin,dark-skin,https://nhentai.net/tag/dark-skin/,47470
dark star chaos,dark-star-chaos,https://nhentai.net/tag/dark-star-chaos/,1
darkness heels,darkness-heels,https://nhentai.net/tag/darkness-heels/,1
darkness sha,darkness-sha,https://nhentai.net/tag/darkness-sha/,1
darkness yuma,darkness-yuma,https://nhentai.net/tag/darkness-yuma/,1
daroon5,daroon5,https://nhentai.net/tag/daroon5/,1
darunekohanten,darunekohanten,https://nhentai.net/tag/darunekohanten/,1
darymaya,darymaya,https://nhentai.net/tag/darymaya/,1
dasei,dasei,https://nhentai.net/tag/dasei/,1
dashi namashi,dashi-namashi,https://nhentai.net/tag/dashi-namashi/,1
dashimaki tamago,dashimaki-tamago,https://nhentai.net/tag/dashimaki-tamago/,1
dasshifunnyuu,dasshifunnyuu,https://nhentai.net/tag/dasshifunnyuu/,1
date ren,date-ren,https://nhentai.net/tag/date-ren/,3
date roku,date-roku,https://nhentai.net/tag/date-roku/,1
daughter,daughter,https://nhentai.net/tag/daughter/,5798
ddingsicat,ddingsicat,https://nhentai.net/tag/ddingsicat/,1
deaimon,deaimon,https://nhentai.net/tag/deaimon/,1
dear closet,dear-closet,https://nhentai.net/tag/dear-closet/,1
dear down town,dear-down-town,https://nhentai.net/tag/dear-down-town/,1
deepthroat,deepthroat,https://nhentai.net/tag/deepthroat/,8519
deer,deer,https://nhentai.net/tag/deer/,3
deer boy,deer-boy,https://nhentai.net/tag/deer-boy/,7
deer girl,deer-girl,https://nhentai.net/tag/deer-girl/,34
defaced,defaced,https://nhentai.net/tag/defaced/,439
defloration,defloration,https://nhentai.net/tag/defloration/,37085
deko ga areba boko ga aru.,deko-ga-areba-boko-ga-aru,https://nhentai.net/tag/deko-ga-areba-boko-ga-aru/,14
dekoboko champloo,dekoboko-champloo,https://nhentai.net/tag/dekoboko-champloo/,1
dekoboko miso,dekoboko-miso,https://nhentai.net/tag/dekoboko-miso/,2
delicious party precure,delicious-party-precure,https://nhentai.net/tag/delicious-party-precure/,2
delta chitai,delta-chitai,https://nhentai.net/tag/delta-chitai/,1
delta studio,delta-studio,https://nhentai.net/tag/delta-studio/,1
deluxe kougyou,deluxe-kougyou,https://nhentai.net/tag/deluxe-kougyou/,1
demon,demon,https://nhentai.net/tag/demon/,2450
demon girl,demon-girl,https://nhentai.net/tag/demon-girl/,12110
dendou monaka,dendou-monaka,https://nhentai.net/tag/dendou-monaka/,7
dengaku,dengaku,https://nhentai.net/tag/dengaku/,1
denki anma,denki-anma,https://nhentai.net/tag/denki-anma/,68
dennou figure alice,dennou-figure-alice,https://nhentai.net/tag/dennou-figure-alice/,1
densetsu guji,densetsu-guji,https://nhentai.net/tag/densetsu-guji/,1
denyel,denyel,https://nhentai.net/tag/denyel/,1
depth grading,depth-grading,https://nhentai.net/tag/depth-grading/,1
detached sleeves,detached-sleeves,https://nhentai.net/tag/detached-sleeves/,1145
devils tongue,devils-tongue,https://nhentai.net/tag/devils-tongue/,1
dia mitsumoto,dia-mitsumoto,https://nhentai.net/tag/dia-mitsumoto/,1
diaper,diaper,https://nhentai.net/tag/diaper/,1596
dick growth,dick-growth,https://nhentai.net/tag/dick-growth/,4705
dickgirl on dickgirl,dickgirl-on-dickgirl,https://nhentai.net/tag/dickgirl-on-dickgirl/,5585
dickgirl on female,dickgirl-on-female,https://nhentai.net/tag/dickgirl-on-female/,4509
dickgirl on male,dickgirl-on-male,https://nhentai.net/tag/dickgirl-on-male/,4916
dickgirls only,dickgirls-only,https://nhentai.net/tag/dickgirls-only/,1557
dicknipples,dicknipples,https://nhentai.net/tag/dicknipples/,303
digimon liberator,digimon-liberator,https://nhentai.net/tag/digimon-liberator/,2
dike,dike,https://nhentai.net/tag/dike/,2
dilf,dilf,https://nhentai.net/tag/dilf/,30076
dinosaur,dinosaur,https://nhentai.net/tag/dinosaur/,11
dismantling,dismantling,https://nhentai.net/tag/dismantling/,93
dj heycha,dj-heycha,https://nhentai.net/tag/dj-heycha/,1
dmc juukou,dmc-juukou,https://nhentai.net/tag/dmc-juukou/,4
do-wa,do-wa,https://nhentai.net/tag/do-wa/,1
dobepopon,dobepopon,https://nhentai.net/tag/dobepopon/,1
dobu chang tegoku,dobu-chang-tegoku,https://nhentai.net/tag/dobu-chang-tegoku/,1
dobu ringo,dobu-ringo,https://nhentai.net/tag/dobu-ringo/,1
dochakuso happy,dochakuso-happy,https://nhentai.net/tag/dochakuso-happy/,2
dodge danko,dodge-danko,https://nhentai.net/tag/dodge-danko/,1
doehorn,doehorn,https://nhentai.net/tag/doehorn/,3
doemutan,doemutan,https://nhentai.net/tag/doemutan/,1
dog,dog,https://nhentai.net/tag/dog/,1710
dog boy,dog-boy,https://nhentai.net/tag/dog-boy/,473
dog girl,dog-girl,https://nhentai.net/tag/dog-girl/,1857
dogaya,dogaya,https://nhentai.net/tag/dogaya/,1
doggbebi,doggbebi,https://nhentai.net/tag/doggbebi/,1
doggie-yu,doggie-yu,https://nhentai.net/tag/doggie-yu/,7
dogusare monkey,dogusare-monkey,https://nhentai.net/tag/dogusare-monkey/,1
doi doro suke,doi-doro-suke,https://nhentai.net/tag/doi-doro-suke/,1
doinochi,doinochi,https://nhentai.net/tag/doinochi/,2
doku doku kinoko,doku-doku-kinoko,https://nhentai.net/tag/doku-doku-kinoko/,6
doku mandarin,doku-mandarin,https://nhentai.net/tag/doku-mandarin/,1
dokuhaku,dokuhaku,https://nhentai.net/tag/dokuhaku/,2
doll joints,doll-joints,https://nhentai.net/tag/doll-joints/,408
dolphin,dolphin,https://nhentai.net/tag/dolphin/,14
domination loss,domination-loss,https://nhentai.net/tag/domination-loss/,1371
domino-gumi,domino-gumi,https://nhentai.net/tag/domino-gumi/,1
domon,domon,https://nhentai.net/tag/domon/,1
don9ri,don9ri,https://nhentai.net/tag/don9ri/,1
donguri kinoko,donguri-kinoko,https://nhentai.net/tag/donguri-kinoko/,1
donkey,donkey,https://nhentai.net/tag/donkey/,1
donko,donko,https://nhentai.net/tag/donko/,1
donmaikingdom,donmaikingdom,https://nhentai.net/tag/donmaikingdom/,2
donshoku echiechi dragon,donshoku-echiechi-dragon,https://nhentai.net/tag/donshoku-echiechi-dragon/,1
dori-chan,dori-chan,https://nhentai.net/tag/dori-chan/,1
dori sangemah bay,dori-sangemah-bay,https://nhentai.net/tag/dori-sangemah-bay/,1
dorothy,dorothy,https://nhentai.net/tag/dorothy/,1
dosukebe kojikimaru,dosukebe-kojikimaru,https://nhentai.net/tag/dosukebe-kojikimaru/,1
dothermann,dothermann,https://nhentai.net/tag/dothermann/,1
double anal,double-anal,https://nhentai.net/tag/double-anal/,1739
double blowjob,double-blowjob,https://nhentai.net/tag/double-blowjob/,955
double insertion,double-insertion,https://nhentai.net/tag/double-insertion/,1
double penetration,double-penetration,https://nhentai.net/tag/double-penetration/,38219
double vaginal,double-vaginal,https://nhentai.net/tag/double-vaginal/,2092
doubleou,doubleou,https://nhentai.net/tag/doubleou/,1
dougi,dougi,https://nhentai.net/tag/dougi/,926
doujinharuga,doujinharuga,https://nhentai.net/tag/doujinharuga/,5
doujinshi,doujinshi,https://nhentai.net/tag/doujinshi/,263
doukejin,doukejin,https://nhentai.net/tag/doukejin/,1
doukichi kenkyuukai,doukichi-kenkyuukai,https://nhentai.net/tag/doukichi-kenkyuukai/,2
douta nuki,douta-nuki,https://nhentai.net/tag/douta-nuki/,2
doyou saburou,doyou-saburou,https://nhentai.net/tag/doyou-saburou/,1
dozeu,dozeu,https://nhentai.net/tag/dozeu/,1
dr.tan90 degrees,dr-tan90-degrees,https://nhentai.net/tag/dr-tan90-degrees/,1
draenei,draenei,https://nhentai.net/tag/draenei/,1
dragon,dragon,https://nhentai.net/tag/dragon/,363
dragon quest builders 2,dragon-quest-builders-2,https://nhentai.net/tag/dragon-quest-builders-2/,1
drd,drd,https://nhentai.net/tag/drd/,1
drill hair,drill-hair,https://nhentai.net/tag/drill-hair/,1226
drogod,drogod,https://nhentai.net/tag/drogod/,1
dropd,dropd,https://nhentai.net/tag/dropd/,1
dropwort bell,dropwort-bell,https://nhentai.net/tag/dropwort-bell/,1
dropwortbell,dropwortbell,https://nhentai.net/tag/dropwortbell/,1
drugs,drugs,https://nhentai.net/tag/drugs/,12034
drunk,drunk,https://nhentai.net/tag/drunk/,4867
dummy kaiko,dummy-kaiko,https://nhentai.net/tag/dummy-kaiko/,7
duran,duran,https://nhentai.net/tag/duran/,1
dynamo,dynamo,https://nhentai.net/tag/dynamo/,1
e-gata,e-gata,https://nhentai.net/tag/e-gata/,1
e-note,e-note,https://nhentai.net/tag/e-note/,1
eagle land,eagle-land,https://nhentai.net/tag/eagle-land/,1
ear fuck,ear-fuck,https://nhentai.net/tag/ear-fuck/,225
eba uenihane,eba-uenihane,https://nhentai.net/tag/eba-uenihane/,2
ebi fry teishoku,ebi-fry-teishoku,https://nhentai.net/tag/ebi-fry-teishoku/,1
ebigani,ebigani,https://nhentai.net/tag/ebigani/,3
ebiharami,ebiharami,https://nhentai.net/tag/ebiharami/,1
ebiken,ebiken,https://nhentai.net/tag/ebiken/,1
ebio,ebio,https://nhentai.net/tag/ebio/,2
echiechi kenzen yuden,echiechi-kenzen-yuden,https://nhentai.net/tag/echiechi-kenzen-yuden/,1
echigonokuni,echigonokuni,https://nhentai.net/tag/echigonokuni/,1
econokicks,econokicks,https://nhentai.net/tag/econokicks/,2
edajima denki,edajima-denki,https://nhentai.net/tag/edajima-denki/,1
edoga aranpo,edoga-aranpo,https://nhentai.net/tag/edoga-aranpo/,1
edogawa nitro king,edogawa-nitro-king,https://nhentai.net/tag/edogawa-nitro-king/,3
eel,eel,https://nhentai.net/tag/eel/,67
efto,efto,https://nhentai.net/tag/efto/,7
eggs,eggs,https://nhentai.net/tag/eggs/,2106
eggutarto,eggutarto,https://nhentai.net/tag/eggutarto/,1
egoki,egoki,https://nhentai.net/tag/egoki/,1
eihikanshi,eihikanshi,https://nhentai.net/tag/eihikanshi/,1
eishin mayumi,eishin-mayumi,https://nhentai.net/tag/eishin-mayumi/,1
eitai,eitai,https://nhentai.net/tag/eitai/,1
eka,eka,https://nhentai.net/tag/eka/,1
el shaddoll winda,el-shaddoll-winda,https://nhentai.net/tag/el-shaddoll-winda/,1
el115,el115,https://nhentai.net/tag/el115/,1
elec man,elec-man,https://nhentai.net/tag/elec-man/,1
electric shocks,electric-shocks,https://nhentai.net/tag/electric-shocks/,842
electromonkey,electromonkey,https://nhentai.net/tag/electromonkey/,1
elephant,elephant,https://nhentai.net/tag/elephant/,2
elf,elf,https://nhentai.net/tag/elf/,11404
elica,elica,https://nhentai.net/tag/elica/,4
elise house,elise-house,https://nhentai.net/tag/elise-house/,1
elizabeth collar,elizabeth-collar,https://nhentai.net/tag/elizabeth-collar/,1
els tasmin,els-tasmin,https://nhentai.net/tag/els-tasmin/,1
elsi,elsi,https://nhentai.net/tag/elsi/,1
eltolinde,eltolinde,https://nhentai.net/tag/eltolinde/,1
emiya alter,emiya-alter,https://nhentai.net/tag/emiya-alter/,1
emotionless sex,emotionless-sex,https://nhentai.net/tag/emotionless-sex/,3077
emptation,emptation,https://nhentai.net/tag/emptation/,1
emumalik,emumalik,https://nhentai.net/tag/emumalik/,1
emumiya nyamu,emumiya-nyamu,https://nhentai.net/tag/emumiya-nyamu/,1
emuo,emuo,https://nhentai.net/tag/emuo/,1
emuun,emuun,https://nhentai.net/tag/emuun/,2
enami nao,enami-nao,https://nhentai.net/tag/enami-nao/,1
enari,enari,https://nhentai.net/tag/enari/,3
enarizushi,enarizushi,https://nhentai.net/tag/enarizushi/,1
end meguru,end-meguru,https://nhentai.net/tag/end-meguru/,1
endeaa,endeaa,https://nhentai.net/tag/endeaa/,1
enema,enema,https://nhentai.net/tag/enema/,5351
enemakura,enemakura,https://nhentai.net/tag/enemakura/,1
engawa no osushi,engawa-no-osushi,https://nhentai.net/tag/engawa-no-osushi/,2
enichika,enichika,https://nhentai.net/tag/enichika/,1
enidou,enidou,https://nhentai.net/tag/enidou/,1
enji night,enji-night,https://nhentai.net/tag/enji-night/,4
ennuru,ennuru,https://nhentai.net/tag/ennuru/,1
enoki enosuke,enoki-enosuke,https://nhentai.net/tag/enoki-enosuke/,1
enoki goro,enoki-goro,https://nhentai.net/tag/enoki-goro/,1
enomaki,enomaki,https://nhentai.net/tag/enomaki/,1
enotera,enotera,https://nhentai.net/tag/enotera/,1
enryuu,enryuu,https://nhentai.net/tag/enryuu/,5
ere 2 aero,ere-2-aero,https://nhentai.net/tag/ere-2-aero/,1
erika amano,erika-amano,https://nhentai.net/tag/erika-amano/,1
ero cup,ero-cup,https://nhentai.net/tag/ero-cup/,1
ero no teishokuya,ero-no-teishokuya,https://nhentai.net/tag/ero-no-teishokuya/,1
ero tantei,ero-tantei,https://nhentai.net/tag/ero-tantei/,2
ero tantei jimusho,ero-tantei-jimusho,https://nhentai.net/tag/ero-tantei-jimusho/,2
ero trap dungeon,ero-trap-dungeon,https://nhentai.net/tag/ero-trap-dungeon/,4
erohamu-chan,erohamu-chan,https://nhentai.net/tag/erohamu-chan/,1
eroiroe,eroiroe,https://nhentai.net/tag/eroiroe/,1
erorhythm,erorhythm,https://nhentai.net/tag/erorhythm/,1
erorine de eroro korataru,erorine-de-eroro-korataru,https://nhentai.net/tag/erorine-de-eroro-korataru/,6
erory,erory,https://nhentai.net/tag/erory/,1
erosheee,erosheee,https://nhentai.net/tag/erosheee/,1
eroshiku,eroshiku,https://nhentai.net/tag/eroshiku/,1
erun,erun,https://nhentai.net/tag/erun/,6
eruu,eruu,https://nhentai.net/tag/eruu/,5
escatgot,escatgot,https://nhentai.net/tag/escatgot/,1
esunoji,esunoji,https://nhentai.net/tag/esunoji/,3
etta,etta,https://nhentai.net/tag/etta/,1
eu glena,eu-glena,https://nhentai.net/tag/eu-glena/,1
evans,evans,https://nhentai.net/tag/evans/,1
evil twin ki-sikil,evil-twin-ki-sikil,https://nhentai.net/tag/evil-twin-ki-sikil/,5
evil twin lil-la,evil-twin-lil-la,https://nhentai.net/tag/evil-twin-lil-la/,5
excellent furo,excellent-furo,https://nhentai.net/tag/excellent-furo/,1
.exe,exe,https://nhentai.net/tag/exe/,1
exercise abc,exercise-abc,https://nhentai.net/tag/exercise-abc/,1
exhibitionism,exhibitionism,https://nhentai.net/tag/exhibitionism/,18514
exposed clothing,exposed-clothing,https://nhentai.net/tag/exposed-clothing/,3528
exrano,exrano,https://nhentai.net/tag/exrano/,2
extraneous ads,extraneous-ads,https://nhentai.net/tag/extraneous-ads/,11711
eye-covering bang,eye-covering-bang,https://nhentai.net/tag/eye-covering-bang/,8227
eye penetration,eye-penetration,https://nhentai.net/tag/eye-penetration/,108
eyebrows born,eyebrows-born,https://nhentai.net/tag/eyebrows-born/,1
eyemask,eyemask,https://nhentai.net/tag/eyemask/,1779
eyepatch,eyepatch,https://nhentai.net/tag/eyepatch/,3266
ezaki yui,ezaki-yui,https://nhentai.net/tag/ezaki-yui/,1
ezelith,ezelith,https://nhentai.net/tag/ezelith/,1
fa-wing,fa-wing,https://nhentai.net/tag/fa-wing/,1
fabricant 100,fabricant-100,https://nhentai.net/tag/fabricant-100/,1
facesitting,facesitting,https://nhentai.net/tag/facesitting/,3557
facial hair,facial-hair,https://nhentai.net/tag/facial-hair/,3988
fairy,fairy,https://nhentai.net/tag/fairy/,703
faketale,faketale,https://nhentai.net/tag/faketale/,1
falcon tarou,falcon-tarou,https://nhentai.net/tag/falcon-tarou/,1
falcons nest,falcons-nest,https://nhentai.net/tag/falcons-nest/,1
fallen of albaz,fallen-of-albaz,https://nhentai.net/tag/fallen-of-albaz/,1
fanny packing,fanny-packing,https://nhentai.net/tag/fanny-packing/,82
fantasy ninja,fantasy-ninja,https://nhentai.net/tag/fantasy-ninja/,8
farting,farting,https://nhentai.net/tag/farting/,2289
fate grand roder,fate-grand-roder,https://nhentai.net/tag/fate-grand-roder/,1
fate samurai remnant,fate-samurai-remnant,https://nhentai.net/tag/fate-samurai-remnant/,1
father,father,https://nhentai.net/tag/father/,615
fauxfur,fauxfur,https://nhentai.net/tag/fauxfur/,1
fe3c,fe3c,https://nhentai.net/tag/fe3c/,1
fear and hunger,fear-and-hunger,https://nhentai.net/tag/fear-and-hunger/,2
fei you xiao fen dui,fei-you-xiao-fen-dui,https://nhentai.net/tag/fei-you-xiao-fen-dui/,1
fell.,fell,https://nhentai.net/tag/fell/,3
females only,females-only,https://nhentai.net/tag/females-only/,17870
femdom,femdom,https://nhentai.net/tag/femdom/,32780
feminization,feminization,https://nhentai.net/tag/feminization/,3263
femme fatale no yuuutsu,femme-fatale-no-yuuutsu,https://nhentai.net/tag/femme-fatale-no-yuuutsu/,1
fengxi,fengxi,https://nhentai.net/tag/fengxi/,2
fetio,fetio,https://nhentai.net/tag/fetio/,2
fff threesome,fff-threesome,https://nhentai.net/tag/fff-threesome/,650
ffm threesome,ffm-threesome,https://nhentai.net/tag/ffm-threesome/,35371
fft threesome,fft-threesome,https://nhentai.net/tag/fft-threesome/,642
figure,figure,https://nhentai.net/tag/figure/,2
fillip,fillip,https://nhentai.net/tag/fillip/,1
filming,filming,https://nhentai.net/tag/filming/,11799
final emperor,final-emperor,https://nhentai.net/tag/final-emperor/,1
fingering,fingering,https://nhentai.net/tag/fingering/,17433
first person perspective,first-person-perspective,https://nhentai.net/tag/first-person-perspective/,1737
fish,fish,https://nhentai.net/tag/fish/,13
fishin and loli,fishin-and-loli,https://nhentai.net/tag/fishin-and-loli/,1
fishnets,fishnets,https://nhentai.net/tag/fishnets/,2564
fisting,fisting,https://nhentai.net/tag/fisting/,3552
fixed perpective,fixed-perpective,https://nhentai.net/tag/fixed-perpective/,1
flame atronach,flame-atronach,https://nhentai.net/tag/flame-atronach/,1
flash man,flash-man,https://nhentai.net/tag/flash-man/,1
flat rurit,flat-rurit,https://nhentai.net/tag/flat-rurit/,1
fliming,fliming,https://nhentai.net/tag/fliming/,1
floatingpeanut,floatingpeanut,https://nhentai.net/tag/floatingpeanut/,1
flour spoon,flour-spoon,https://nhentai.net/tag/flour-spoon/,1
flower syndrome,flower-syndrome,https://nhentai.net/tag/flower-syndrome/,1
flowery fellow,flowery-fellow,https://nhentai.net/tag/flowery-fellow/,1
focus anal,focus-anal,https://nhentai.net/tag/focus-anal/,2923
focus blowjob,focus-blowjob,https://nhentai.net/tag/focus-blowjob/,1240
focus cunnilingus,focus-cunnilingus,https://nhentai.net/tag/focus-cunnilingus/,1
focus paizuri,focus-paizuri,https://nhentai.net/tag/focus-paizuri/,881
focus rimjob,focus-rimjob,https://nhentai.net/tag/focus-rimjob/,6
fon,fon,https://nhentai.net/tag/fon/,1
food on body,food-on-body,https://nhentai.net/tag/food-on-body/,19
foot insertion,foot-insertion,https://nhentai.net/tag/foot-insertion/,92
foot licking,foot-licking,https://nhentai.net/tag/foot-licking/,2826
foot works,foot-works,https://nhentai.net/tag/foot-works/,1
footjob,footjob,https://nhentai.net/tag/footjob/,13579
forced exposure,forced-exposure,https://nhentai.net/tag/forced-exposure/,1568
forniphilia,forniphilia,https://nhentai.net/tag/forniphilia/,457
forte tsukinowa,forte-tsukinowa,https://nhentai.net/tag/forte-tsukinowa/,1
fox,fox,https://nhentai.net/tag/fox/,19
fox boy,fox-boy,https://nhentai.net/tag/fox-boy/,413
fox girl,fox-girl,https://nhentai.net/tag/fox-girl/,5199
fox one,fox-one,https://nhentai.net/tag/fox-one/,2
foxtail project,foxtail-project,https://nhentai.net/tag/foxtail-project/,1
foxu,foxu,https://nhentai.net/tag/foxu/,2
freak studio,freak-studio,https://nhentai.net/tag/freak-studio/,1
freckles,freckles,https://nhentai.net/tag/freckles/,1975
free de la hoya,free-de-la-hoya,https://nhentai.net/tag/free-de-la-hoya/,1
freia kagami,freia-kagami,https://nhentai.net/tag/freia-kagami/,1
fried chip,fried-chip,https://nhentai.net/tag/fried-chip/,1
frigga,frigga,https://nhentai.net/tag/frigga/,1
frima,frima,https://nhentai.net/tag/frima/,1
frog,frog,https://nhentai.net/tag/frog/,110
frog girl,frog-girl,https://nhentai.net/tag/frog-girl/,43
frottage,frottage,https://nhentai.net/tag/frottage/,2251
fudonofudou,fudonofudou,https://nhentai.net/tag/fudonofudou/,1
fugurisensen,fugurisensen,https://nhentai.net/tag/fugurisensen/,1
fuguta-ke,fuguta-ke,https://nhentai.net/tag/fuguta-ke/,1
fugutaiten,fugutaiten,https://nhentai.net/tag/fugutaiten/,1
fuji aoi,fuji-aoi,https://nhentai.net/tag/fuji-aoi/,1
fujii kasai,fujii-kasai,https://nhentai.net/tag/fujii-kasai/,4
fujii-tei,fujii-tei,https://nhentai.net/tag/fujii-tei/,1
fujikane haruyo,fujikane-haruyo,https://nhentai.net/tag/fujikane-haruyo/,1
fujinami sasame,fujinami-sasame,https://nhentai.net/tag/fujinami-sasame/,1
fujino kaede,fujino-kaede,https://nhentai.net/tag/fujino-kaede/,3
fujisaki chiro,fujisaki-chiro,https://nhentai.net/tag/fujisaki-chiro/,1
fujita fujio,fujita-fujio,https://nhentai.net/tag/fujita-fujio/,3
fujiwarake,fujiwarake,https://nhentai.net/tag/fujiwarake/,1
fujiyoshi yuho,fujiyoshi-yuho,https://nhentai.net/tag/fujiyoshi-yuho/,1
fujunbutsu,fujunbutsu,https://nhentai.net/tag/fujunbutsu/,5
fukada,fukada,https://nhentai.net/tag/fukada/,3
fukamizu fuuki,fukamizu-fuuki,https://nhentai.net/tag/fukamizu-fuuki/,3
fukiya flo,fukiya-flo,https://nhentai.net/tag/fukiya-flo/,1
fukuyama keiko,fukuyama-keiko,https://nhentai.net/tag/fukuyama-keiko/,1
fukuyoka towel,fukuyoka-towel,https://nhentai.net/tag/fukuyoka-towel/,1
full body tattoo,full-body-tattoo,https://nhentai.net/tag/full-body-tattoo/,524
full censorship,full-censorship,https://nhentai.net/tag/full-censorship/,33673
full color,full-color,https://nhentai.net/tag/full-color/,79158
full-packaged futanari,full-packaged-futanari,https://nhentai.net/tag/full-packaged-futanari/,2538
full tour,full-tour,https://nhentai.net/tag/full-tour/,36
fulloption,fulloption,https://nhentai.net/tag/fulloption/,1
fullthrottle,fullthrottle,https://nhentai.net/tag/fullthrottle/,1
fumutarou,fumutarou,https://nhentai.net/tag/fumutarou/,2
fundoshi,fundoshi,https://nhentai.net/tag/fundoshi/,1126
funi funikko kenkyuutai,funi-funikko-kenkyuutai,https://nhentai.net/tag/funi-funikko-kenkyuutai/,1
funuke,funuke,https://nhentai.net/tag/funuke/,4
funwakadou,funwakadou,https://nhentai.net/tag/funwakadou/,2
funya-milk,funya-milk,https://nhentai.net/tag/funya-milk/,1
funyua,funyua,https://nhentai.net/tag/funyua/,1
furi furi youchien,furi-furi-youchien,https://nhentai.net/tag/furi-furi-youchien/,1
furin,furin,https://nhentai.net/tag/furin/,1
furo atsushi,furo-atsushi,https://nhentai.net/tag/furo-atsushi/,1
furo rida,furo-rida,https://nhentai.net/tag/furo-rida/,2
furoshiri mochitsu,furoshiri-mochitsu,https://nhentai.net/tag/furoshiri-mochitsu/,7
furry,furry,https://nhentai.net/tag/furry/,2
furube,furube,https://nhentai.net/tag/furube/,3
furuigujisuto,furuigujisuto,https://nhentai.net/tag/furuigujisuto/,1
furukoto takaichi,furukoto-takaichi,https://nhentai.net/tag/furukoto-takaichi/,1
furutani,furutani,https://nhentai.net/tag/furutani/,1
fusatsugu,fusatsugu,https://nhentai.net/tag/fusatsugu/,1
fuse man,fuse-man,https://nhentai.net/tag/fuse-man/,2
fusha fusha kingdom,fusha-fusha-kingdom,https://nhentai.net/tag/fusha-fusha-kingdom/,1
futaba channel,futaba-channel,https://nhentai.net/tag/futaba-channel/,6
futaba kurumi,futaba-kurumi,https://nhentai.net/tag/futaba-kurumi/,2
futaba tsukushi,futaba-tsukushi,https://nhentai.net/tag/futaba-tsukushi/,1
futame,futame,https://nhentai.net/tag/futame/,1
futanari,futanari,https://nhentai.net/tag/futanari/,38780
futanarization,futanarization,https://nhentai.net/tag/futanarization/,1396
futas no peanuts,futas-no-peanuts,https://nhentai.net/tag/futas-no-peanuts/,1
futon tatakiki,futon-tatakiki,https://nhentai.net/tag/futon-tatakiki/,3
futsu,futsu,https://nhentai.net/tag/futsu/,1
futsu no tapiocaya-san,futsu-no-tapiocaya-san,https://nhentai.net/tag/futsu-no-tapiocaya-san/,1
futsuka,futsuka,https://nhentai.net/tag/futsuka/,1
futsuka-me,futsuka-me,https://nhentai.net/tag/futsuka-me/,1
fuurindou,fuurindou,https://nhentai.net/tag/fuurindou/,1
fuuzen no tomoshibi,fuuzen-no-tomoshibi,https://nhentai.net/tag/fuuzen-no-tomoshibi/,1
fuwa nozomi,fuwa-nozomi,https://nhentai.net/tag/fuwa-nozomi/,1
fuwa renge,fuwa-renge,https://nhentai.net/tag/fuwa-renge/,1
fuwafuwa raidou,fuwafuwa-raidou,https://nhentai.net/tag/fuwafuwa-raidou/,5
fuwaku,fuwaku,https://nhentai.net/tag/fuwaku/,1
fuwatoro lion,fuwatoro-lion,https://nhentai.net/tag/fuwatoro-lion/,3
fuwatoro opanchu cake,fuwatoro-opanchu-cake,https://nhentai.net/tag/fuwatoro-opanchu-cake/,1
fuyumi ikki,fuyumi-ikki,https://nhentai.net/tag/fuyumi-ikki/,2
fuyuto,fuyuto,https://nhentai.net/tag/fuyuto/,1
gachi mochou,gachi-mochou,https://nhentai.net/tag/gachi-mochou/,1
gachimochogura,gachimochogura,https://nhentai.net/tag/gachimochogura/,1
gachirin,gachirin,https://nhentai.net/tag/gachirin/,1
gag,gag,https://nhentai.net/tag/gag/,12304
gaganbo,gaganbo,https://nhentai.net/tag/gaganbo/,1
gairou,gairou,https://nhentai.net/tag/gairou/,4
gaisei,gaisei,https://nhentai.net/tag/gaisei/,1
gakepuchi no kaede,gakepuchi-no-kaede,https://nhentai.net/tag/gakepuchi-no-kaede/,1
gakkii,gakkii,https://nhentai.net/tag/gakkii/,1
gakky,gakky,https://nhentai.net/tag/gakky/,1
gamanuntaka,gamanuntaka,https://nhentai.net/tag/gamanuntaka/,4
game manual,game-manual,https://nhentai.net/tag/game-manual/,7
gamecg,gamecg,https://nhentai.net/tag/gamecg/,6
gan-en,gan-en,https://nhentai.net/tag/gan-en/,1
gan sukii,gan-sukii,https://nhentai.net/tag/gan-sukii/,4
ganbang,ganbang,https://nhentai.net/tag/ganbang/,1
ganbarist shun,ganbarist-shun,https://nhentai.net/tag/ganbarist-shun/,2
gang rape,gang-rape,https://nhentai.net/tag/gang-rape/,737
ganmen style,ganmen-style,https://nhentai.net/tag/ganmen-style/,1
gaping,gaping,https://nhentai.net/tag/gaping/,2829
garter belt,garter-belt,https://nhentai.net/tag/garter-belt/,11563
gasmask,gasmask,https://nhentai.net/tag/gasmask/,86
gasuba ana,gasuba-ana,https://nhentai.net/tag/gasuba-ana/,2
gatekeeper,gatekeeper,https://nhentai.net/tag/gatekeeper/,1
geki-sum,geki-sum,https://nhentai.net/tag/geki-sum/,3
gekikara daisuki,gekikara-daisuki,https://nhentai.net/tag/gekikara-daisuki/,1
gekikara-naporitan-tou,gekikara-naporitan-tou,https://nhentai.net/tag/gekikara-naporitan-tou/,1
gekimabu,gekimabu,https://nhentai.net/tag/gekimabu/,3
gekojou,gekojou,https://nhentai.net/tag/gekojou/,8
genba kazama,genba-kazama,https://nhentai.net/tag/genba-kazama/,1
gender bender,gender-bender,https://nhentai.net/tag/gender-bender/,15608
gender change,gender-change,https://nhentai.net/tag/gender-change/,1048
gender morph,gender-morph,https://nhentai.net/tag/gender-morph/,1907
genital piercing,genital-piercing,https://nhentai.net/tag/genital-piercing/,397
genkaiten,genkaiten,https://nhentai.net/tag/genkaiten/,1
genkotsu 13-gou,genkotsu-13-gou,https://nhentai.net/tag/genkotsu-13-gou/,1
genom company,genom-company,https://nhentai.net/tag/genom-company/,1
gensou no yume,gensou-no-yume,https://nhentai.net/tag/gensou-no-yume/,13
gentlemen,gentlemen,https://nhentai.net/tag/gentlemen/,1
gerbera,gerbera,https://nhentai.net/tag/gerbera/,1
ghost,ghost,https://nhentai.net/tag/ghost/,1441
ghost empire,ghost-empire,https://nhentai.net/tag/ghost-empire/,1
ghost mourner and moonlit chill,ghost-mourner-and-moonlit-chill,https://nhentai.net/tag/ghost-mourner-and-moonlit-chill/,1
ghost reaper and winter cherries,ghost-reaper-and-winter-cherries,https://nhentai.net/tag/ghost-reaper-and-winter-cherries/,1
giant,giant,https://nhentai.net/tag/giant/,213
giant sperm,giant-sperm,https://nhentai.net/tag/giant-sperm/,49
giantess,giantess,https://nhentai.net/tag/giantess/,2658
gigantic breasts,gigantic-breasts,https://nhentai.net/tag/gigantic-breasts/,532
gijinka,gijinka,https://nhentai.net/tag/gijinka/,27
gikkuri toufuten,gikkuri-toufuten,https://nhentai.net/tag/gikkuri-toufuten/,1
ginen,ginen,https://nhentai.net/tag/ginen/,3
ginga no arakuremon,ginga-no-arakuremon,https://nhentai.net/tag/ginga-no-arakuremon/,2
ginmaru,ginmaru,https://nhentai.net/tag/ginmaru/,3
girigirimai,girigirimai,https://nhentai.net/tag/girigirimai/,1
gitagitanga,gitagitanga,https://nhentai.net/tag/gitagitanga/,1
glasses,glasses,https://nhentai.net/tag/glasses/,76307
gloire,gloire,https://nhentai.net/tag/gloire/,1
glory hole,glory-hole,https://nhentai.net/tag/glory-hole/,493
glotta stomach,glotta-stomach,https://nhentai.net/tag/glotta-stomach/,1
gloves,gloves,https://nhentai.net/tag/gloves/,17024
goat,goat,https://nhentai.net/tag/goat/,4
goblin,goblin,https://nhentai.net/tag/goblin/,1597
gogatsu no niwa ha ame,gogatsu-no-niwa-ha-ame,https://nhentai.net/tag/gogatsu-no-niwa-ha-ame/,4
gogogo,gogogo,https://nhentai.net/tag/gogogo/,1
gokkun,gokkun,https://nhentai.net/tag/gokkun/,3753
gokudou no isshun.,gokudou-no-isshun,https://nhentai.net/tag/gokudou-no-isshun/,1
gokuraku mikaduki,gokuraku-mikaduki,https://nhentai.net/tag/gokuraku-mikaduki/,1
golden bazooka,golden-bazooka,https://nhentai.net/tag/golden-bazooka/,3
goldenbania,goldenbania,https://nhentai.net/tag/goldenbania/,8
gomikuzu,gomikuzu,https://nhentai.net/tag/gomikuzu/,1
gomio,gomio,https://nhentai.net/tag/gomio/,3
gomu gomu,gomu-gomu,https://nhentai.net/tag/gomu-gomu/,1
gonbe,gonbe,https://nhentai.net/tag/gonbe/,1
gordenbania,gordenbania,https://nhentai.net/tag/gordenbania/,6
gorensan,gorensan,https://nhentai.net/tag/gorensan/,2
gorilla,gorilla,https://nhentai.net/tag/gorilla/,61
gorilla ichigo milk koubou,gorilla-ichigo-milk-koubou,https://nhentai.net/tag/gorilla-ichigo-milk-koubou/,1
gorilla mountain shikoku,gorilla-mountain-shikoku,https://nhentai.net/tag/gorilla-mountain-shikoku/,1
gorou,gorou,https://nhentai.net/tag/gorou/,3
gothic lolita,gothic-lolita,https://nhentai.net/tag/gothic-lolita/,758
goudoushi,goudoushi,https://nhentai.net/tag/goudoushi/,1005
grade eight,grade-eight,https://nhentai.net/tag/grade-eight/,1
grand plie.,grand-plie,https://nhentai.net/tag/grand-plie/,1
granddaughter,granddaughter,https://nhentai.net/tag/granddaughter/,149
grandfather,grandfather,https://nhentai.net/tag/grandfather/,10
grandmother,grandmother,https://nhentai.net/tag/grandmother/,373
gravity donburi,gravity-donburi,https://nhentai.net/tag/gravity-donburi/,2
great akuta,great-akuta,https://nhentai.net/tag/great-akuta/,31
great chocolate,great-chocolate,https://nhentai.net/tag/great-chocolate/,1
greeen solenoid,greeen-solenoid,https://nhentai.net/tag/greeen-solenoid/,1
greenleona,greenleona,https://nhentai.net/tag/greenleona/,1
group,group,https://nhentai.net/tag/group/,118958
group royal host,group-royal-host,https://nhentai.net/tag/group-royal-host/,1
growth,growth,https://nhentai.net/tag/growth/,502
gullinbursti frodi,gullinbursti-frodi,https://nhentai.net/tag/gullinbursti-frodi/,1
gulp5959,gulp5959,https://nhentai.net/tag/gulp5959/,1
gumi kurage,gumi-kurage,https://nhentai.net/tag/gumi-kurage/,3
gundulero,gundulero,https://nhentai.net/tag/gundulero/,1
gunjou croquette,gunjou-croquette,https://nhentai.net/tag/gunjou-croquette/,1
gunpuu,gunpuu,https://nhentai.net/tag/gunpuu/,4
gunyuu kakkyo,gunyuu-kakkyo,https://nhentai.net/tag/gunyuu-kakkyo/,5
gura no otu,gura-no-otu,https://nhentai.net/tag/gura-no-otu/,3
guradesu,guradesu,https://nhentai.net/tag/guradesu/,1
guripi,guripi,https://nhentai.net/tag/guripi/,1
guro,guro,https://nhentai.net/tag/guro/,5233
gurotuki,gurotuki,https://nhentai.net/tag/gurotuki/,1
guusuka,guusuka,https://nhentai.net/tag/guusuka/,17
gyaatei,gyaatei,https://nhentai.net/tag/gyaatei/,1
gyaru,gyaru,https://nhentai.net/tag/gyaru/,10755
gyaru-oh,gyaru-oh,https://nhentai.net/tag/gyaru-oh/,3495
gymshorts,gymshorts,https://nhentai.net/tag/gymshorts/,761
gyokuto,gyokuto,https://nhentai.net/tag/gyokuto/,1
gyomuyo ziga,gyomuyo-ziga,https://nhentai.net/tag/gyomuyo-ziga/,2
gyoumuin a,gyoumuin-a,https://nhentai.net/tag/gyoumuin-a/,1
gyoumuyou jiga,gyoumuyou-jiga,https://nhentai.net/tag/gyoumuyou-jiga/,5
gyuunyuucha uma,gyuunyuucha-uma,https://nhentai.net/tag/gyuunyuucha-uma/,1
gyuutan,gyuutan,https://nhentai.net/tag/gyuutan/,2
h shenshi huashi,h-shenshi-huashi,https://nhentai.net/tag/h-shenshi-huashi/,1
haburashi,haburashi,https://nhentai.net/tag/haburashi/,6
hachikyu,hachikyu,https://nhentai.net/tag/hachikyu/,1
hachimaru extreme,hachimaru-extreme,https://nhentai.net/tag/hachimaru-extreme/,1
hachino ratda,hachino-ratda,https://nhentai.net/tag/hachino-ratda/,1
hachiroku yamu,hachiroku-yamu,https://nhentai.net/tag/hachiroku-yamu/,1
hachiware shoukai,hachiware-shoukai,https://nhentai.net/tag/hachiware-shoukai/,1
hachiyon koubou,hachiyon-koubou,https://nhentai.net/tag/hachiyon-koubou/,1
hagan,hagan,https://nhentai.net/tag/hagan/,1
hagure moguri,hagure-moguri,https://nhentai.net/tag/hagure-moguri/,3
haida yori,haida-yori,https://nhentai.net/tag/haida-yori/,1
haien kikan,haien-kikan,https://nhentai.net/tag/haien-kikan/,1
haigure,haigure,https://nhentai.net/tag/haigure/,64
hair buns,hair-buns,https://nhentai.net/tag/hair-buns/,5507
hairjob,hairjob,https://nhentai.net/tag/hairjob/,429
hairy,hairy,https://nhentai.net/tag/hairy/,28970
hairy armpits,hairy-armpits,https://nhentai.net/tag/hairy-armpits/,4654
haishima xv,haishima-xv,https://nhentai.net/tag/haishima-xv/,1
hakanako yuuten,hakanako-yuuten,https://nhentai.net/tag/hakanako-yuuten/,1
hako no naka no imaginary,hako-no-naka-no-imaginary,https://nhentai.net/tag/hako-no-naka-no-imaginary/,1
hakoten,hakoten,https://nhentai.net/tag/hakoten/,1
hakozume koban joshi no gyakushuu,hakozume-koban-joshi-no-gyakushuu,https://nhentai.net/tag/hakozume-koban-joshi-no-gyakushuu/,1
hakuutu,hakuutu,https://nhentai.net/tag/hakuutu/,1
hal9000,hal9000,https://nhentai.net/tag/hal9000/,1
halo,halo,https://nhentai.net/tag/halo/,9414
hamidashi kanitama,hamidashi-kanitama,https://nhentai.net/tag/hamidashi-kanitama/,1
hamidashi mono,hamidashi-mono,https://nhentai.net/tag/hamidashi-mono/,1
hammersaurus,hammersaurus,https://nhentai.net/tag/hammersaurus/,1
hamuta heke,hamuta-heke,https://nhentai.net/tag/hamuta-heke/,2
han do-yoon,han-do-yoon,https://nhentai.net/tag/han-do-yoon/,1
hana suzuki,hana-suzuki,https://nhentai.net/tag/hana-suzuki/,1
hanachirasu,hanachirasu,https://nhentai.net/tag/hanachirasu/,1
hanafubu,hanafubu,https://nhentai.net/tag/hanafubu/,1
hanamochi,hanamochi,https://nhentai.net/tag/hanamochi/,1
hanana,hanana,https://nhentai.net/tag/hanana/,1
hananiarashi.,hananiarashi,https://nhentai.net/tag/hananiarashi/,1
hanataba,hanataba,https://nhentai.net/tag/hanataba/,1
hanatsuka,hanatsuka,https://nhentai.net/tag/hanatsuka/,1
handicapped,handicapped,https://nhentai.net/tag/handicapped/,64
handjob,handjob,https://nhentai.net/tag/handjob/,16850
haneda tomo,haneda-tomo,https://nhentai.net/tag/haneda-tomo/,4
hanekkaeri,hanekkaeri,https://nhentai.net/tag/hanekkaeri/,1
hanemi,hanemi,https://nhentai.net/tag/hanemi/,1
hanging,hanging,https://nhentai.net/tag/hanging/,156
hanimemeo,hanimemeo,https://nhentai.net/tag/hanimemeo/,2
haniwa teikoku,haniwa-teikoku,https://nhentai.net/tag/haniwa-teikoku/,1
hansubeya,hansubeya,https://nhentai.net/tag/hansubeya/,1
happy mayonnaise,happy-mayonnaise,https://nhentai.net/tag/happy-mayonnaise/,1
hara hiroshi,hara-hiroshi,https://nhentai.net/tag/hara-hiroshi/,4
harada basashi,harada-basashi,https://nhentai.net/tag/harada-basashi/,1
harakun,harakun,https://nhentai.net/tag/harakun/,1
hardcore,hardcore,https://nhentai.net/tag/hardcore/,3
hardenbergia,hardenbergia,https://nhentai.net/tag/hardenbergia/,1
hare,hare,https://nhentai.net/tag/hare/,1
harekaze,harekaze,https://nhentai.net/tag/harekaze/,1
harem,harem,https://nhentai.net/tag/harem/,15487
harness,harness,https://nhentai.net/tag/harness/,887
harpy,harpy,https://nhentai.net/tag/harpy/,237
haru-chan,haru-chan,https://nhentai.net/tag/haru-chan/,1
haru-chan kikaku,haru-chan-kikaku,https://nhentai.net/tag/haru-chan-kikaku/,6
haru hayate,haru-hayate,https://nhentai.net/tag/haru-hayate/,2
harugakita,harugakita,https://nhentai.net/tag/harugakita/,1
haruharu dou,haruharu-dou,https://nhentai.net/tag/haruharu-dou/,34
haruhyan,haruhyan,https://nhentai.net/tag/haruhyan/,1
haruki ikuta,haruki-ikuta,https://nhentai.net/tag/haruki-ikuta/,1
harumaki,harumaki,https://nhentai.net/tag/harumaki/,1
harusame kakigoori,harusame-kakigoori,https://nhentai.net/tag/harusame-kakigoori/,1
hashibami aica,hashibami-aica,https://nhentai.net/tag/hashibami-aica/,2
hashibiro koubou,hashibiro-koubou,https://nhentai.net/tag/hashibiro-koubou/,2
hashigo,hashigo,https://nhentai.net/tag/hashigo/,1
hashigoya,hashigoya,https://nhentai.net/tag/hashigoya/,1
hashimoto ai,hashimoto-ai,https://nhentai.net/tag/hashimoto-ai/,1
hasuno okara,hasuno-okara,https://nhentai.net/tag/hasuno-okara/,2
hatami erika,hatami-erika,https://nhentai.net/tag/hatami-erika/,1
hate sate club,hate-sate-club,https://nhentai.net/tag/hate-sate-club/,1
hato hato jojo,hato-hato-jojo,https://nhentai.net/tag/hato-hato-jojo/,1
hato sublaw,hato-sublaw,https://nhentai.net/tag/hato-sublaw/,1
hatodevilbu,hatodevilbu,https://nhentai.net/tag/hatodevilbu/,1
hatori haruo,hatori-haruo,https://nhentai.net/tag/hatori-haruo/,2
hatsuuni ikura,hatsuuni-ikura,https://nhentai.net/tag/hatsuuni-ikura/,1
hatsuyuki sakura,hatsuyuki-sakura,https://nhentai.net/tag/hatsuyuki-sakura/,1
hattori psycho,hattori-psycho,https://nhentai.net/tag/hattori-psycho/,1
hayaa ruki,hayaa-ruki,https://nhentai.net/tag/hayaa-ruki/,3
hayabusa takamaru,hayabusa-takamaru,https://nhentai.net/tag/hayabusa-takamaru/,1
hayanuku,hayanuku,https://nhentai.net/tag/hayanuku/,9
hazama sasami,hazama-sasami,https://nhentai.net/tag/hazama-sasami/,1
hazuki kozue,hazuki-kozue,https://nhentai.net/tag/hazuki-kozue/,1
hazuki younosuke,hazuki-younosuke,https://nhentai.net/tag/hazuki-younosuke/,1
headless,headless,https://nhentai.net/tag/headless/,88
headphones,headphones,https://nhentai.net/tag/headphones/,161
hebi nyoubou,hebi-nyoubou,https://nhentai.net/tag/hebi-nyoubou/,7
heian maru,heian-maru,https://nhentai.net/tag/heian-maru/,1
heikou sekai,heikou-sekai,https://nhentai.net/tag/heikou-sekai/,1
helel ben shalem,helel-ben-shalem,https://nhentai.net/tag/helel-ben-shalem/,1
hemoglovitamin,hemoglovitamin,https://nhentai.net/tag/hemoglovitamin/,1
hen na chishiki ni kuwashii kanojo takayukashiki souko-san,hen-na-chishiki-ni-kuwashii-kanojo-takayukashiki-souko-san,https://nhentai.net/tag/hen-na-chishiki-ni-kuwashii-kanojo-takayukashiki-souko-san/,2
hen na kuukou,hen-na-kuukou,https://nhentai.net/tag/hen-na-kuukou/,7
henamamiya,henamamiya,https://nhentai.net/tag/henamamiya/,1
henzutsuu,henzutsuu,https://nhentai.net/tag/henzutsuu/,1
heppekomaru,heppekomaru,https://nhentai.net/tag/heppekomaru/,1
heppokopokopokopoko gx,heppokopokopokopoko-gx,https://nhentai.net/tag/heppokopokopokopoko-gx/,1
herb cookie,herb-cookie,https://nhentai.net/tag/herb-cookie/,1
hetare drops,hetare-drops,https://nhentai.net/tag/hetare-drops/,1
heterochromia,heterochromia,https://nhentai.net/tag/heterochromia/,1079
hey,hey,https://nhentai.net/tag/hey/,1
heya no sumi no rakugaki,heya-no-sumi-no-rakugaki,https://nhentai.net/tag/heya-no-sumi-no-rakugaki/,1
hibacha bashira,hibacha-bashira,https://nhentai.net/tag/hibacha-bashira/,1
hibachi,hibachi,https://nhentai.net/tag/hibachi/,1
hibi,hibi,https://nhentai.net/tag/hibi/,1
hibiki ai,hibiki-ai,https://nhentai.net/tag/hibiki-ai/,2
hibiki racko,hibiki-racko,https://nhentai.net/tag/hibiki-racko/,1
hida naria,hida-naria,https://nhentai.net/tag/hida-naria/,1
hidanedane,hidanedane,https://nhentai.net/tag/hidanedane/,1
hidari harai,hidari-harai,https://nhentai.net/tag/hidari-harai/,1
hidden sex,hidden-sex,https://nhentai.net/tag/hidden-sex/,4756
hidden toy,hidden-toy,https://nhentai.net/tag/hidden-toy/,8
hideo tachibana,hideo-tachibana,https://nhentai.net/tag/hideo-tachibana/,1
higashi,higashi,https://nhentai.net/tag/higashi/,3
higehurai,higehurai,https://nhentai.net/tag/higehurai/,1
high heels,high-heels,https://nhentai.net/tag/high-heels/,1819
high land,high-land,https://nhentai.net/tag/high-land/,2
high metal,high-metal,https://nhentai.net/tag/high-metal/,1
high noon press,high-noon-press,https://nhentai.net/tag/high-noon-press/,1
highend-snow,highend-snow,https://nhentai.net/tag/highend-snow/,1
highmore,highmore,https://nhentai.net/tag/highmore/,1
higuchi seika,higuchi-seika,https://nhentai.net/tag/higuchi-seika/,1
higuchi shuu,higuchi-shuu,https://nhentai.net/tag/higuchi-shuu/,1
higuti syu,higuti-syu,https://nhentai.net/tag/higuti-syu/,1
hiiragi kozue,hiiragi-kozue,https://nhentai.net/tag/hiiragi-kozue/,1
hiiragi okome,hiiragi-okome,https://nhentai.net/tag/hiiragi-okome/,5
hiiro uchiwa,hiiro-uchiwa,https://nhentai.net/tag/hiiro-uchiwa/,1
hijab,hijab,https://nhentai.net/tag/hijab/,28
hijiri yuuka,hijiri-yuuka,https://nhentai.net/tag/hijiri-yuuka/,1
hijiribashi ran,hijiribashi-ran,https://nhentai.net/tag/hijiribashi-ran/,3
hikari wanda,hikari-wanda,https://nhentai.net/tag/hikari-wanda/,1
hikarino,hikarino,https://nhentai.net/tag/hikarino/,1
hikaru ga shinda natsu,hikaru-ga-shinda-natsu,https://nhentai.net/tag/hikaru-ga-shinda-natsu/,1
hikaru gosunkugi,hikaru-gosunkugi,https://nhentai.net/tag/hikaru-gosunkugi/,3
hikaru indo,hikaru-indo,https://nhentai.net/tag/hikaru-indo/,1
hikaru koubou,hikaru-koubou,https://nhentai.net/tag/hikaru-koubou/,1
hikaru toyama,hikaru-toyama,https://nhentai.net/tag/hikaru-toyama/,1
hikawa ritsu,hikawa-ritsu,https://nhentai.net/tag/hikawa-ritsu/,1
hikou shugi,hikou-shugi,https://nhentai.net/tag/hikou-shugi/,1
himari kino,himari-kino,https://nhentai.net/tag/himari-kino/,1
himari no ki,himari-no-ki,https://nhentai.net/tag/himari-no-ki/,1
himenogi aku,himenogi-aku,https://nhentai.net/tag/himenogi-aku/,1
himeragi yukineko,himeragi-yukineko,https://nhentai.net/tag/himeragi-yukineko/,1
himitsu kessha kiri no mizuumi sensen,himitsu-kessha-kiri-no-mizuumi-sensen,https://nhentai.net/tag/himitsu-kessha-kiri-no-mizuumi-sensen/,1
himuro hakka,himuro-hakka,https://nhentai.net/tag/himuro-hakka/,1
hina can,hina-can,https://nhentai.net/tag/hina-can/,1
hinata akane,hinata-akane,https://nhentai.net/tag/hinata-akane/,1
hinaya,hinaya,https://nhentai.net/tag/hinaya/,1
hinemosu,hinemosu,https://nhentai.net/tag/hinemosu/,1
hinnnya,hinnnya,https://nhentai.net/tag/hinnnya/,2
hino youhe,hino-youhe,https://nhentai.net/tag/hino-youhe/,1
hinoki kafun,hinoki-kafun,https://nhentai.net/tag/hinoki-kafun/,1
hinokino,hinokino,https://nhentai.net/tag/hinokino/,1
hinota,hinota,https://nhentai.net/tag/hinota/,1
hinyari,hinyari,https://nhentai.net/tag/hinyari/,2
hippolyta,hippolyta,https://nhentai.net/tag/hippolyta/,1
hiramaru akira,hiramaru-akira,https://nhentai.net/tag/hiramaru-akira/,2
hirame hirayama,hirame-hirayama,https://nhentai.net/tag/hirame-hirayama/,1
hiro-r,hiro-r,https://nhentai.net/tag/hiro-r/,1
hirobi,hirobi,https://nhentai.net/tag/hirobi/,4
hirocan,hirocan,https://nhentai.net/tag/hirocan/,1
hirokuma,hirokuma,https://nhentai.net/tag/hirokuma/,5
hironikuru senga anarogu,hironikuru-senga-anarogu,https://nhentai.net/tag/hironikuru-senga-anarogu/,8
hironobu,hironobu,https://nhentai.net/tag/hironobu/,1
hiropons,hiropons,https://nhentai.net/tag/hiropons/,2
hirota shimaguni,hirota-shimaguni,https://nhentai.net/tag/hirota-shimaguni/,3
hiru,hiru,https://nhentai.net/tag/hiru/,1
hirunagi,hirunagi,https://nhentai.net/tag/hirunagi/,2
hirune zora,hirune-zora,https://nhentai.net/tag/hirune-zora/,3
hisame sui,hisame-sui,https://nhentai.net/tag/hisame-sui/,1
hitokado,hitokado,https://nhentai.net/tag/hitokado/,3
hitonitati,hitonitati,https://nhentai.net/tag/hitonitati/,4
hitoriga,hitoriga,https://nhentai.net/tag/hitoriga/,1
hitoshi kusano,hitoshi-kusano,https://nhentai.net/tag/hitoshi-kusano/,3
hitosujinawa,hitosujinawa,https://nhentai.net/tag/hitosujinawa/,1
hitozuma lollipop,hitozuma-lollipop,https://nhentai.net/tag/hitozuma-lollipop/,1
hitsuji kaichou,hitsuji-kaichou,https://nhentai.net/tag/hitsuji-kaichou/,1
hitsuji no udonya,hitsuji-no-udonya,https://nhentai.net/tag/hitsuji-no-udonya/,2
hiuh,hiuh,https://nhentai.net/tag/hiuh/,14
hiura aki,hiura-aki,https://nhentai.net/tag/hiura-aki/,1
hiyama daisuke,hiyama-daisuke,https://nhentai.net/tag/hiyama-daisuke/,1
hiyashimakura,hiyashimakura,https://nhentai.net/tag/hiyashimakura/,1
hiyoko beam,hiyoko-beam,https://nhentai.net/tag/hiyoko-beam/,3
hiyoko set,hiyoko-set,https://nhentai.net/tag/hiyoko-set/,13
hiyori tomoe,hiyori-tomoe,https://nhentai.net/tag/hiyori-tomoe/,2
hlord recona,hlord-recona,https://nhentai.net/tag/hlord-recona/,2
hns aneki,hns-aneki,https://nhentai.net/tag/hns-aneki/,1
hobo kyuutai,hobo-kyuutai,https://nhentai.net/tag/hobo-kyuutai/,1
hofuna k,hofuna-k,https://nhentai.net/tag/hofuna-k/,1
hogarakka plus,hogarakka-plus,https://nhentai.net/tag/hogarakka-plus/,1
hogeramu,hogeramu,https://nhentai.net/tag/hogeramu/,3
hoine shou,hoine-shou,https://nhentai.net/tag/hoine-shou/,1
hoipyon studio,hoipyon-studio,https://nhentai.net/tag/hoipyon-studio/,1
hokke teishoku,hokke-teishoku,https://nhentai.net/tag/hokke-teishoku/,1
hokkee,hokkee,https://nhentai.net/tag/hokkee/,3
hokkete-sho,hokkete-sho,https://nhentai.net/tag/hokkete-sho/,1
hokuto no take,hokuto-no-take,https://nhentai.net/tag/hokuto-no-take/,1
hokuyousuishi,hokuyousuishi,https://nhentai.net/tag/hokuyousuishi/,1
hololive,hololive,https://nhentai.net/tag/hololive/,66
homare works,homare-works,https://nhentai.net/tag/homare-works/,1
home center tenco,home-center-tenco,https://nhentai.net/tag/home-center-tenco/,1
hondy,hondy,https://nhentai.net/tag/hondy/,1
honeyroad,honeyroad,https://nhentai.net/tag/honeyroad/,2
hong lu,hong-lu,https://nhentai.net/tag/hong-lu/,1
hongou hina,hongou-hina,https://nhentai.net/tag/hongou-hina/,1
honjou tatami,honjou-tatami,https://nhentai.net/tag/honjou-tatami/,1
honyuubin,honyuubin,https://nhentai.net/tag/honyuubin/,1
hood,hood,https://nhentai.net/tag/hood/,234
hori haruki,hori-haruki,https://nhentai.net/tag/hori-haruki/,1
hori makoto,hori-makoto,https://nhentai.net/tag/hori-makoto/,1
hori yusuke,hori-yusuke,https://nhentai.net/tag/hori-yusuke/,1
horii,horii,https://nhentai.net/tag/horii/,1
horishiki,horishiki,https://nhentai.net/tag/horishiki/,1
hormone shokudou,hormone-shokudou,https://nhentai.net/tag/hormone-shokudou/,1
horns,horns,https://nhentai.net/tag/horns/,13465
horori,horori,https://nhentai.net/tag/horori/,1
horse,horse,https://nhentai.net/tag/horse/,866
horse boy,horse-boy,https://nhentai.net/tag/horse-boy/,109
horse cock,horse-cock,https://nhentai.net/tag/horse-cock/,226
horse girl,horse-girl,https://nhentai.net/tag/horse-girl/,263
hoshi no shima no ruru-chan,hoshi-no-shima-no-ruru-chan,https://nhentai.net/tag/hoshi-no-shima-no-ruru-chan/,1
hoshigaki seizoujo,hoshigaki-seizoujo,https://nhentai.net/tag/hoshigaki-seizoujo/,1
hoshii shuzou,hoshii-shuzou,https://nhentai.net/tag/hoshii-shuzou/,2
hoshilily,hoshilily,https://nhentai.net/tag/hoshilily/,1
hoshina shinya,hoshina-shinya,https://nhentai.net/tag/hoshina-shinya/,1
hoshino iro,hoshino-iro,https://nhentai.net/tag/hoshino-iro/,2
hoshino takanashi,hoshino-takanashi,https://nhentai.net/tag/hoshino-takanashi/,1
hoshizaki leo,hoshizaki-leo,https://nhentai.net/tag/hoshizaki-leo/,1
hoshizume neon.,hoshizume-neon,https://nhentai.net/tag/hoshizume-neon/,1
hot springs onsen,hot-springs-onsen,https://nhentai.net/tag/hot-springs-onsen/,1
hotate innovation studio,hotate-innovation-studio,https://nhentai.net/tag/hotate-innovation-studio/,3
hotate-san,hotate-san,https://nhentai.net/tag/hotate-san/,1
hotel,hotel,https://nhentai.net/tag/hotel/,1
hotokenoza,hotokenoza,https://nhentai.net/tag/hotokenoza/,2
hotpants,hotpants,https://nhentai.net/tag/hotpants/,2761
houou moya,houou-moya,https://nhentai.net/tag/houou-moya/,1
hourusudatsu,hourusudatsu,https://nhentai.net/tag/hourusudatsu/,1
houwa aji,houwa-aji,https://nhentai.net/tag/houwa-aji/,1
how to,how-to,https://nhentai.net/tag/how-to/,62
hoyhoy colo,hoyhoy-colo,https://nhentai.net/tag/hoyhoy-colo/,1
huafei,huafei,https://nhentai.net/tag/huafei/,1
huang rong,huang-rong,https://nhentai.net/tag/huang-rong/,1
huge breasts,huge-breasts,https://nhentai.net/tag/huge-breasts/,19090
huge penis,huge-penis,https://nhentai.net/tag/huge-penis/,2903
hugo baint renxandt,hugo-baint-renxandt,https://nhentai.net/tag/hugo-baint-renxandt/,1
hugo baint von renxandt,hugo-baint-von-renxandt,https://nhentai.net/tag/hugo-baint-von-renxandt/,1
hulkenberg,hulkenberg,https://nhentai.net/tag/hulkenberg/,1
human cattle,human-cattle,https://nhentai.net/tag/human-cattle/,827
human on furry,human-on-furry,https://nhentai.net/tag/human-on-furry/,114
human pet,human-pet,https://nhentai.net/tag/human-pet/,1362
humbert,humbert,https://nhentai.net/tag/humbert/,1
humiliation,humiliation,https://nhentai.net/tag/humiliation/,5574
hunnyaka,hunnyaka,https://nhentai.net/tag/hunnyaka/,4
huruga yuudai,huruga-yuudai,https://nhentai.net/tag/huruga-yuudai/,2
hutamizu kirin,hutamizu-kirin,https://nhentai.net/tag/hutamizu-kirin/,1
hyderide,hyderide,https://nhentai.net/tag/hyderide/,2
hyena boy,hyena-boy,https://nhentai.net/tag/hyena-boy/,8
hyena girl,hyena-girl,https://nhentai.net/tag/hyena-girl/,2
hyoui no jikan,hyoui-no-jikan,https://nhentai.net/tag/hyoui-no-jikan/,3
hyoukorarin,hyoukorarin,https://nhentai.net/tag/hyoukorarin/,1
hyouzan daibakuha,hyouzan-daibakuha,https://nhentai.net/tag/hyouzan-daibakuha/,1
hyper uc circle,hyper-uc-circle,https://nhentai.net/tag/hyper-uc-circle/,1
hyuga ryght,hyuga-ryght,https://nhentai.net/tag/hyuga-ryght/,1
i miss you,i-miss-you,https://nhentai.net/tag/i-miss-you/,1
ia1010,ia1010,https://nhentai.net/tag/ia1010/,1
ibara saegusa,ibara-saegusa,https://nhentai.net/tag/ibara-saegusa/,2
ibuki 16-gou,ibuki-16-gou,https://nhentai.net/tag/ibuki-16-gou/,1
ibuki niru,ibuki-niru,https://nhentai.net/tag/ibuki-niru/,1
ice-medel,ice-medel,https://nhentai.net/tag/ice-medel/,1
icedevimon,icedevimon,https://nhentai.net/tag/icedevimon/,1
icelatte,icelatte,https://nhentai.net/tag/icelatte/,2
ichi-gsm,ichi-gsm,https://nhentai.net/tag/ichi-gsm/,1
ichikara building,ichikara-building,https://nhentai.net/tag/ichikara-building/,1
ichimatsu dango,ichimatsu-dango,https://nhentai.net/tag/ichimatsu-dango/,2
ichinichi futsuka,ichinichi-futsuka,https://nhentai.net/tag/ichinichi-futsuka/,1
ichino milk,ichino-milk,https://nhentai.net/tag/ichino-milk/,1
ichinokiyo nanno,ichinokiyo-nanno,https://nhentai.net/tag/ichinokiyo-nanno/,1
ichinose nyan,ichinose-nyan,https://nhentai.net/tag/ichinose-nyan/,1
ichiru,ichiru,https://nhentai.net/tag/ichiru/,2
ichisuruga tsuyuki,ichisuruga-tsuyuki,https://nhentai.net/tag/ichisuruga-tsuyuki/,1
ido nite,ido-nite,https://nhentai.net/tag/ido-nite/,1
idoll sun,idoll-sun,https://nhentai.net/tag/idoll-sun/,1
igarashi hazuki,igarashi-hazuki,https://nhentai.net/tag/igarashi-hazuki/,1
igu-kun,igu-kun,https://nhentai.net/tag/igu-kun/,1
iho,iho,https://nhentai.net/tag/iho/,5
iikuni george,iikuni-george,https://nhentai.net/tag/iikuni-george/,1
ijou,ijou,https://nhentai.net/tag/ijou/,2
ijou shiniki,ijou-shiniki,https://nhentai.net/tag/ijou-shiniki/,1
ika hotaru,ika-hotaru,https://nhentai.net/tag/ika-hotaru/,1
ikahotaru,ikahotaru,https://nhentai.net/tag/ikahotaru/,1
ikawa shiki,ikawa-shiki,https://nhentai.net/tag/ikawa-shiki/,1
ikegami kae,ikegami-kae,https://nhentai.net/tag/ikegami-kae/,1
ikeneko,ikeneko,https://nhentai.net/tag/ikeneko/,5
ikiataribattari,ikiataribattari,https://nhentai.net/tag/ikiataribattari/,2
ikidomari,ikidomari,https://nhentai.net/tag/ikidomari/,1
ikki ichiyuu,ikki-ichiyuu,https://nhentai.net/tag/ikki-ichiyuu/,4
ikuma sisi,ikuma-sisi,https://nhentai.net/tag/ikuma-sisi/,1
ikuramabo,ikuramabo,https://nhentai.net/tag/ikuramabo/,1
ill,ill,https://nhentai.net/tag/ill/,1
illust ponpon sensya,illust-ponpon-sensya,https://nhentai.net/tag/illust-ponpon-sensya/,2
im so blue,im-so-blue,https://nhentai.net/tag/im-so-blue/,1
imaat,imaat,https://nhentai.net/tag/imaat/,3
imageset,imageset,https://nhentai.net/tag/imageset/,156
imajin kouji,imajin-kouji,https://nhentai.net/tag/imajin-kouji/,4
imaki ten,imaki-ten,https://nhentai.net/tag/imaki-ten/,3
imamo too,imamo-too,https://nhentai.net/tag/imamo-too/,1
imoru suisou,imoru-suisou,https://nhentai.net/tag/imoru-suisou/,3
imoterasu,imoterasu,https://nhentai.net/tag/imoterasu/,1
impact man,impact-man,https://nhentai.net/tag/impact-man/,1
impregnation,impregnation,https://nhentai.net/tag/impregnation/,32692
in bed,in-bed,https://nhentai.net/tag/in-bed/,1
ina onari,ina-onari,https://nhentai.net/tag/ina-onari/,1
inadahime,inadahime,https://nhentai.net/tag/inadahime/,1
inainaka,inainaka,https://nhentai.net/tag/inainaka/,1
inamimi,inamimi,https://nhentai.net/tag/inamimi/,2
inari koubou,inari-koubou,https://nhentai.net/tag/inari-koubou/,1
inazuma soft,inazuma-soft,https://nhentai.net/tag/inazuma-soft/,2
incest,incest,https://nhentai.net/tag/incest/,50370
incest inseki,incest-inseki,https://nhentai.net/tag/incest-inseki/,1
inchou no naka no hito,inchou-no-naka-no-hito,https://nhentai.net/tag/inchou-no-naka-no-hito/,2
incomplete,incomplete,https://nhentai.net/tag/incomplete/,3722
indekost,indekost,https://nhentai.net/tag/indekost/,1
indra,indra,https://nhentai.net/tag/indra/,3
infantilism,infantilism,https://nhentai.net/tag/infantilism/,505
infirmary,infirmary,https://nhentai.net/tag/infirmary/,101
inflation,inflation,https://nhentai.net/tag/inflation/,8785
inharmonicity,inharmonicity,https://nhentai.net/tag/inharmonicity/,1
inoharu,inoharu,https://nhentai.net/tag/inoharu/,2
inoru jutsu o motanai,inoru-jutsu-o-motanai,https://nhentai.net/tag/inoru-jutsu-o-motanai/,4
inoue goren,inoue-goren,https://nhentai.net/tag/inoue-goren/,1
insect,insect,https://nhentai.net/tag/insect/,1268
insect boy,insect-boy,https://nhentai.net/tag/insect-boy/,13
insect girl,insect-girl,https://nhentai.net/tag/insect-girl/,313
inseki,inseki,https://nhentai.net/tag/inseki/,7060
internal urination,internal-urination,https://nhentai.net/tag/internal-urination/,329
inukan mikan,inukan-mikan,https://nhentai.net/tag/inukan-mikan/,1
inuon,inuon,https://nhentai.net/tag/inuon/,3
inverted nipples,inverted-nipples,https://nhentai.net/tag/inverted-nipples/,6915
invisible,invisible,https://nhentai.net/tag/invisible/,524
iolite,iolite,https://nhentai.net/tag/iolite/,1
iqxxx,iqxxx,https://nhentai.net/tag/iqxxx/,1
iroamisogi-dan,iroamisogi-dan,https://nhentai.net/tag/iroamisogi-dan/,1
irodori gazeru,irodori-gazeru,https://nhentai.net/tag/irodori-gazeru/,1
irodori ramune,irodori-ramune,https://nhentai.net/tag/irodori-ramune/,1
iroha sakayori,iroha-sakayori,https://nhentai.net/tag/iroha-sakayori/,1
irokohaku,irokohaku,https://nhentai.net/tag/irokohaku/,1
iron elbow,iron-elbow,https://nhentai.net/tag/iron-elbow/,1
iron maiden,iron-maiden,https://nhentai.net/tag/iron-maiden/,3
ironna,ironna,https://nhentai.net/tag/ironna/,1
irotaro,irotaro,https://nhentai.net/tag/irotaro/,1
irotoricotori,irotoricotori,https://nhentai.net/tag/irotoricotori/,1
is the island utopia or dystopia,is-the-island-utopia-or-dystopia,https://nhentai.net/tag/is-the-island-utopia-or-dystopia/,4
isashiimiyo,isashiimiyo,https://nhentai.net/tag/isashiimiyo/,1
isekai higaeri manyuuki,isekai-higaeri-manyuuki,https://nhentai.net/tag/isekai-higaeri-manyuuki/,2
isenoq,isenoq,https://nhentai.net/tag/isenoq/,1
ishida haruka,ishida-haruka,https://nhentai.net/tag/ishida-haruka/,4
ishihara norihiro,ishihara-norihiro,https://nhentai.net/tag/ishihara-norihiro/,3
ishiinu tekkoujo,ishiinu-tekkoujo,https://nhentai.net/tag/ishiinu-tekkoujo/,1
ishima ryuuya,ishima-ryuuya,https://nhentai.net/tag/ishima-ryuuya/,1
ishimari yuuya,ishimari-yuuya,https://nhentai.net/tag/ishimari-yuuya/,7
ishizaki manobu,ishizaki-manobu,https://nhentai.net/tag/ishizaki-manobu/,1
ishoku dougen,ishoku-dougen,https://nhentai.net/tag/ishoku-dougen/,38
isi,isi,https://nhentai.net/tag/isi/,1
isshiki fuji,isshiki-fuji,https://nhentai.net/tag/isshiki-fuji/,1
itabira yasai,itabira-yasai,https://nhentai.net/tag/itabira-yasai/,1
itagaki hiro,itagaki-hiro,https://nhentai.net/tag/itagaki-hiro/,1
itano chiharu,itano-chiharu,https://nhentai.net/tag/itano-chiharu/,5
itao itsuko,itao-itsuko,https://nhentai.net/tag/itao-itsuko/,1
itau,itau,https://nhentai.net/tag/itau/,1
itemiji,itemiji,https://nhentai.net/tag/itemiji/,1
ito momoi,ito-momoi,https://nhentai.net/tag/ito-momoi/,1
itoguchi,itoguchi,https://nhentai.net/tag/itoguchi/,1
itohanana,itohanana,https://nhentai.net/tag/itohanana/,1
itokon code,itokon-code,https://nhentai.net/tag/itokon-code/,1
itoman,itoman,https://nhentai.net/tag/itoman/,1
itoshino -san,itoshino-san,https://nhentai.net/tag/itoshino-san/,3
itou nao,itou-nao,https://nhentai.net/tag/itou-nao/,1
itowo,itowo,https://nhentai.net/tag/itowo/,1
itowo kashiya,itowo-kashiya,https://nhentai.net/tag/itowo-kashiya/,1
itsuhito sakaki,itsuhito-sakaki,https://nhentai.net/tag/itsuhito-sakaki/,1
itsuka yukihara,itsuka-yukihara,https://nhentai.net/tag/itsuka-yukihara/,1
itsukane,itsukane,https://nhentai.net/tag/itsukane/,1
itsuki itsuki,itsuki-itsuki,https://nhentai.net/tag/itsuki-itsuki/,2
itsumo no yatsu,itsumo-no-yatsu,https://nhentai.net/tag/itsumo-no-yatsu/,1
iwa kutsuki,iwa-kutsuki,https://nhentai.net/tag/iwa-kutsuki/,1
iwahisa tsuki,iwahisa-tsuki,https://nhentai.net/tag/iwahisa-tsuki/,2
iwamoto rurina,iwamoto-rurina,https://nhentai.net/tag/iwamoto-rurina/,1
iyo no kama,iyo-no-kama,https://nhentai.net/tag/iyo-no-kama/,7
iyokiro-,iyokiro,https://nhentai.net/tag/iyokiro/,1
iyoudon,iyoudon,https://nhentai.net/tag/iyoudon/,2
izakaya pumomoen,izakaya-pumomoen,https://nhentai.net/tag/izakaya-pumomoen/,1
izcalli,izcalli,https://nhentai.net/tag/izcalli/,1
izuchi sana,izuchi-sana,https://nhentai.net/tag/izuchi-sana/,4
izui,izui,https://nhentai.net/tag/izui/,1
izumo fuyusora,izumo-fuyusora,https://nhentai.net/tag/izumo-fuyusora/,4
j-2 kata kiwami,j-2-kata-kiwami,https://nhentai.net/tag/j-2-kata-kiwami/,2
jack jeanne,jack-jeanne,https://nhentai.net/tag/jack-jeanne/,2
jackal,jackal,https://nhentai.net/tag/jackal/,1
jagaimo market,jagaimo-market,https://nhentai.net/tag/jagaimo-market/,1
jagoo,jagoo,https://nhentai.net/tag/jagoo/,1
jaguchi,jaguchi,https://nhentai.net/tag/jaguchi/,2
jaja,jaja,https://nhentai.net/tag/jaja/,1
jamta,jamta,https://nhentai.net/tag/jamta/,1
janomeya,janomeya,https://nhentai.net/tag/janomeya/,1
jar of elements,jar-of-elements,https://nhentai.net/tag/jar-of-elements/,1
jasmine pocket,jasmine-pocket,https://nhentai.net/tag/jasmine-pocket/,2
jean jacquemonde,jean-jacquemonde,https://nhentai.net/tag/jean-jacquemonde/,1
jellypudding,jellypudding,https://nhentai.net/tag/jellypudding/,1
jeminiremu,jeminiremu,https://nhentai.net/tag/jeminiremu/,1
jero,jero,https://nhentai.net/tag/jero/,1
jewelry box,jewelry-box,https://nhentai.net/tag/jewelry-box/,2
jewels,jewels,https://nhentai.net/tag/jewels/,1
jigurudo,jigurudo,https://nhentai.net/tag/jigurudo/,1
jijou wo shiranai tenkousei ga guigui kuru,jijou-wo-shiranai-tenkousei-ga-guigui-kuru,https://nhentai.net/tag/jijou-wo-shiranai-tenkousei-ga-guigui-kuru/,1
jikken b-tou,jikken-b-tou,https://nhentai.net/tag/jikken-b-tou/,1
jiko moratorium,jiko-moratorium,https://nhentai.net/tag/jiko-moratorium/,1
jikomanzoku manga shuudan,jikomanzoku-manga-shuudan,https://nhentai.net/tag/jikomanzoku-manga-shuudan/,1
jimupota,jimupota,https://nhentai.net/tag/jimupota/,1
jinejo,jinejo,https://nhentai.net/tag/jinejo/,1
jingai lab,jingai-lab,https://nhentai.net/tag/jingai-lab/,5
jinguu,jinguu,https://nhentai.net/tag/jinguu/,2
jiro shutendo,jiro-shutendo,https://nhentai.net/tag/jiro-shutendo/,1
jiruman,jiruman,https://nhentai.net/tag/jiruman/,1
jirusu,jirusu,https://nhentai.net/tag/jirusu/,1
jitenshaya-san no takahashi-kun,jitenshaya-san-no-takahashi-kun,https://nhentai.net/tag/jitenshaya-san-no-takahashi-kun/,1
jitsuechi,jitsuechi,https://nhentai.net/tag/jitsuechi/,1
jitterbug,jitterbug,https://nhentai.net/tag/jitterbug/,1
jloid,jloid,https://nhentai.net/tag/jloid/,1
jokerkin,jokerkin,https://nhentai.net/tag/jokerkin/,1
jokuseiken,jokuseiken,https://nhentai.net/tag/jokuseiken/,2
josou seme,josou-seme,https://nhentai.net/tag/josou-seme/,1984
jouka denki,jouka-denki,https://nhentai.net/tag/jouka-denki/,3
joukikikansha,joukikikansha,https://nhentai.net/tag/joukikikansha/,1
joukyou seikatsuroku ichijou,joukyou-seikatsuroku-ichijou,https://nhentai.net/tag/joukyou-seikatsuroku-ichijou/,1
jouyatou,jouyatou,https://nhentai.net/tag/jouyatou/,1
juani cygnus,juani-cygnus,https://nhentai.net/tag/juani-cygnus/,1
juewang yuyi,juewang-yuyi,https://nhentai.net/tag/juewang-yuyi/,6
jui,jui,https://nhentai.net/tag/jui/,1
juki kazu,juki-kazu,https://nhentai.net/tag/juki-kazu/,1
jukkaku komado,jukkaku-komado,https://nhentai.net/tag/jukkaku-komado/,1
jump 400manbu,jump-400manbu,https://nhentai.net/tag/jump-400manbu/,1
jumyou wa isshukan,jumyou-wa-isshukan,https://nhentai.net/tag/jumyou-wa-isshukan/,1
jun sazanami,jun-sazanami,https://nhentai.net/tag/jun-sazanami/,2
jungui,jungui,https://nhentai.net/tag/jungui/,3
junkaidou,junkaidou,https://nhentai.net/tag/junkaidou/,1
junko akashi,junko-akashi,https://nhentai.net/tag/junko-akashi/,2
junyomaru,junyomaru,https://nhentai.net/tag/junyomaru/,1
jureinomori,jureinomori,https://nhentai.net/tag/jureinomori/,1
juri oba,juri-oba,https://nhentai.net/tag/juri-oba/,1
justice task force mob,justice-task-force-mob,https://nhentai.net/tag/justice-task-force-mob/,4
juuichi gatsu,juuichi-gatsu,https://nhentai.net/tag/juuichi-gatsu/,2
jyuni,jyuni,https://nhentai.net/tag/jyuni/,4
k.t.,k-t,https://nhentai.net/tag/k-t/,1
k yama,k-yama,https://nhentai.net/tag/k-yama/,1
kabopan,kabopan,https://nhentai.net/tag/kabopan/,2
kabosu onsen club,kabosu-onsen-club,https://nhentai.net/tag/kabosu-onsen-club/,1
kadarinka,kadarinka,https://nhentai.net/tag/kadarinka/,1
kadokawi,kadokawi,https://nhentai.net/tag/kadokawi/,1
kadota gareki,kadota-gareki,https://nhentai.net/tag/kadota-gareki/,1
kaede isami,kaede-isami,https://nhentai.net/tag/kaede-isami/,1
kaedex,kaedex,https://nhentai.net/tag/kaedex/,1
kaeru douhu,kaeru-douhu,https://nhentai.net/tag/kaeru-douhu/,1
kaeru wa nani yatte mo erai,kaeru-wa-nani-yatte-mo-erai,https://nhentai.net/tag/kaeru-wa-nani-yatte-mo-erai/,1
kagaku chop,kagaku-chop,https://nhentai.net/tag/kagaku-chop/,1
kagali loka,kagali-loka,https://nhentai.net/tag/kagali-loka/,1
kagamino mochiko,kagamino-mochiko,https://nhentai.net/tag/kagamino-mochiko/,7
kagechousukashi,kagechousukashi,https://nhentai.net/tag/kagechousukashi/,2
kago no midori tori,kago-no-midori-tori,https://nhentai.net/tag/kago-no-midori-tori/,1
kagura izumi,kagura-izumi,https://nhentai.net/tag/kagura-izumi/,1
kahmasu,kahmasu,https://nhentai.net/tag/kahmasu/,3
kai fuduki,kai-fuduki,https://nhentai.net/tag/kai-fuduki/,1
kai hiwatari,kai-hiwatari,https://nhentai.net/tag/kai-hiwatari/,1
kaibara shijimi,kaibara-shijimi,https://nhentai.net/tag/kaibara-shijimi/,1
kaibatsu 12 meters,kaibatsu-12-meters,https://nhentai.net/tag/kaibatsu-12-meters/,2
kailali-tei,kailali-tei,https://nhentai.net/tag/kailali-tei/,1
kaionji gojuuni,kaionji-gojuuni,https://nhentai.net/tag/kaionji-gojuuni/,1
kairakuochisuki,kairakuochisuki,https://nhentai.net/tag/kairakuochisuki/,1
kaisenbatake no yuu,kaisenbatake-no-yuu,https://nhentai.net/tag/kaisenbatake-no-yuu/,3
kaitei saien,kaitei-saien,https://nhentai.net/tag/kaitei-saien/,1
kaiten paradogs,kaiten-paradogs,https://nhentai.net/tag/kaiten-paradogs/,1
kaito dokuringo,kaito-dokuringo,https://nhentai.net/tag/kaito-dokuringo/,1
kaitou,kaitou,https://nhentai.net/tag/kaitou/,1
kaizaa,kaizaa,https://nhentai.net/tag/kaizaa/,2
kajiking,kajiking,https://nhentai.net/tag/kajiking/,3
kajikitetsu,kajikitetsu,https://nhentai.net/tag/kajikitetsu/,5
kajinomedaka,kajinomedaka,https://nhentai.net/tag/kajinomedaka/,2
kajuusha,kajuusha,https://nhentai.net/tag/kajuusha/,1
kakabien,kakabien,https://nhentai.net/tag/kakabien/,2
kakapo,kakapo,https://nhentai.net/tag/kakapo/,5
kakatobushi,kakatobushi,https://nhentai.net/tag/kakatobushi/,1
kakeibo,kakeibo,https://nhentai.net/tag/kakeibo/,1
kaketainaa,kaketainaa,https://nhentai.net/tag/kaketainaa/,1
kakeyu,kakeyu,https://nhentai.net/tag/kakeyu/,1
kakido,kakido,https://nhentai.net/tag/kakido/,1
kakinota nezuke,kakinota-nezuke,https://nhentai.net/tag/kakinota-nezuke/,1
kakisaki,kakisaki,https://nhentai.net/tag/kakisaki/,2
kakita yoru,kakita-yoru,https://nhentai.net/tag/kakita-yoru/,1
kakitsubatagun,kakitsubatagun,https://nhentai.net/tag/kakitsubatagun/,1
kakkou no iinazuke,kakkou-no-iinazuke,https://nhentai.net/tag/kakkou-no-iinazuke/,1
kakoriri,kakoriri,https://nhentai.net/tag/kakoriri/,10
kaku minus,kaku-minus,https://nhentai.net/tag/kaku-minus/,1
kaku plus,kaku-plus,https://nhentai.net/tag/kaku-plus/,1
kakucho parts,kakucho-parts,https://nhentai.net/tag/kakucho-parts/,32
kakuu shoujo,kakuu-shoujo,https://nhentai.net/tag/kakuu-shoujo/,2
kalavinka,kalavinka,https://nhentai.net/tag/kalavinka/,1
kalno.,kalno,https://nhentai.net/tag/kalno/,1
kalpa,kalpa,https://nhentai.net/tag/kalpa/,1
kamanbearu,kamanbearu,https://nhentai.net/tag/kamanbearu/,1
kamatsukatei,kamatsukatei,https://nhentai.net/tag/kamatsukatei/,4
kame burning,kame-burning,https://nhentai.net/tag/kame-burning/,10
kame no kotawashi,kame-no-kotawashi,https://nhentai.net/tag/kame-no-kotawashi/,2
kamenoashi,kamenoashi,https://nhentai.net/tag/kamenoashi/,1
kametaro,kametaro,https://nhentai.net/tag/kametaro/,1
kamicha,kamicha,https://nhentai.net/tag/kamicha/,1
kamiken,kamiken,https://nhentai.net/tag/kamiken/,1
kaminari manji rou,kaminari-manji-rou,https://nhentai.net/tag/kaminari-manji-rou/,1
kamineta,kamineta,https://nhentai.net/tag/kamineta/,1
kamipack,kamipack,https://nhentai.net/tag/kamipack/,1
kamitsuki light,kamitsuki-light,https://nhentai.net/tag/kamitsuki-light/,1
kamitsure,kamitsure,https://nhentai.net/tag/kamitsure/,1
kamiya myon,kamiya-myon,https://nhentai.net/tag/kamiya-myon/,2
kamo nanban,kamo-nanban,https://nhentai.net/tag/kamo-nanban/,1
kamu asa sori youtyuu zyou,kamu-asa-sori-youtyuu-zyou,https://nhentai.net/tag/kamu-asa-sori-youtyuu-zyou/,2
kanashiro no hako,kanashiro-no-hako,https://nhentai.net/tag/kanashiro-no-hako/,1
kanazawa shinnosuke,kanazawa-shinnosuke,https://nhentai.net/tag/kanazawa-shinnosuke/,2
kanchi,kanchi,https://nhentai.net/tag/kanchi/,3
kancho,kancho,https://nhentai.net/tag/kancho/,1
kandake,kandake,https://nhentai.net/tag/kandake/,1
kangaroo,kangaroo,https://nhentai.net/tag/kangaroo/,8
kaniguruma,kaniguruma,https://nhentai.net/tag/kaniguruma/,4
kanimaru shishi,kanimaru-shishi,https://nhentai.net/tag/kanimaru-shishi/,1
kanipon,kanipon,https://nhentai.net/tag/kanipon/,3
kanjou,kanjou,https://nhentai.net/tag/kanjou/,1
kanjougenome,kanjougenome,https://nhentai.net/tag/kanjougenome/,1
kanketsusen,kanketsusen,https://nhentai.net/tag/kanketsusen/,1
kankitsudou,kankitsudou,https://nhentai.net/tag/kankitsudou/,1
kanmigokoro,kanmigokoro,https://nhentai.net/tag/kanmigokoro/,2
kanno,kanno,https://nhentai.net/tag/kanno/,1
kannou shokudou,kannou-shokudou,https://nhentai.net/tag/kannou-shokudou/,1
kanrakutei,kanrakutei,https://nhentai.net/tag/kanrakutei/,1
kansouroman,kansouroman,https://nhentai.net/tag/kansouroman/,1
kantarou kei,kantarou-kei,https://nhentai.net/tag/kantarou-kei/,4
kaoperorincho,kaoperorincho,https://nhentai.net/tag/kaoperorincho/,1
kaori shimakura,kaori-shimakura,https://nhentai.net/tag/kaori-shimakura/,2
kaoruko yamano,kaoruko-yamano,https://nhentai.net/tag/kaoruko-yamano/,1
kaoyellow,kaoyellow,https://nhentai.net/tag/kaoyellow/,5
kappa,kappa,https://nhentai.net/tag/kappa/,138
kapuru,kapuru,https://nhentai.net/tag/kapuru/,1
karakuri korokke,karakuri-korokke,https://nhentai.net/tag/karakuri-korokke/,10
kareta youin,kareta-youin,https://nhentai.net/tag/kareta-youin/,2
karl,karl,https://nhentai.net/tag/karl/,1
karnatia seri anabald,karnatia-seri-anabald,https://nhentai.net/tag/karnatia-seri-anabald/,1
karou,karou,https://nhentai.net/tag/karou/,1
karouke,karouke,https://nhentai.net/tag/karouke/,1
karras dehaan,karras-dehaan,https://nhentai.net/tag/karras-dehaan/,1
karten,karten,https://nhentai.net/tag/karten/,6
karube ciucrium,karube-ciucrium,https://nhentai.net/tag/karube-ciucrium/,1
karude taku,karude-taku,https://nhentai.net/tag/karude-taku/,3
karuken parea,karuken-parea,https://nhentai.net/tag/karuken-parea/,1
karuno kamo,karuno-kamo,https://nhentai.net/tag/karuno-kamo/,21
karyoten,karyoten,https://nhentai.net/tag/karyoten/,2
kasabuta,kasabuta,https://nhentai.net/tag/kasabuta/,4
kasai yukiha,kasai-yukiha,https://nhentai.net/tag/kasai-yukiha/,4
kasanaru,kasanaru,https://nhentai.net/tag/kasanaru/,1
kashiba,kashiba,https://nhentai.net/tag/kashiba/,1
kashiwagi ame,kashiwagi-ame,https://nhentai.net/tag/kashiwagi-ame/,1
kashiwagi kano,kashiwagi-kano,https://nhentai.net/tag/kashiwagi-kano/,1
kashiwori,kashiwori,https://nhentai.net/tag/kashiwori/,1
kasuga syouji,kasuga-syouji,https://nhentai.net/tag/kasuga-syouji/,2
kasumi kaori,kasumi-kaori,https://nhentai.net/tag/kasumi-kaori/,1
katamari dragon,katamari-dragon,https://nhentai.net/tag/katamari-dragon/,20
katarite to tenganyaku,katarite-to-tenganyaku,https://nhentai.net/tag/katarite-to-tenganyaku/,1
katatsumurikoya,katatsumurikoya,https://nhentai.net/tag/katatsumurikoya/,1
katheryne,katheryne,https://nhentai.net/tag/katheryne/,1
katsudon yumyum shop,katsudon-yumyum-shop,https://nhentai.net/tag/katsudon-yumyum-shop/,2
katsura g,katsura-g,https://nhentai.net/tag/katsura-g/,4
kattamoru,kattamoru,https://nhentai.net/tag/kattamoru/,1
kawaboushi,kawaboushi,https://nhentai.net/tag/kawaboushi/,1
kawada,kawada,https://nhentai.net/tag/kawada/,1
kawaguchi kiyama,kawaguchi-kiyama,https://nhentai.net/tag/kawaguchi-kiyama/,3
kawaguchi ran,kawaguchi-ran,https://nhentai.net/tag/kawaguchi-ran/,1
kawahara hikage,kawahara-hikage,https://nhentai.net/tag/kawahara-hikage/,2
kawai hiraku,kawai-hiraku,https://nhentai.net/tag/kawai-hiraku/,4
kawara hajime,kawara-hajime,https://nhentai.net/tag/kawara-hajime/,1
kawara soba,kawara-soba,https://nhentai.net/tag/kawara-soba/,4
kawata,kawata,https://nhentai.net/tag/kawata/,1
kayama yo,kayama-yo,https://nhentai.net/tag/kayama-yo/,5
kayama yuichirou,kayama-yuichirou,https://nhentai.net/tag/kayama-yuichirou/,1
kayou arisa,kayou-arisa,https://nhentai.net/tag/kayou-arisa/,1
kayukan,kayukan,https://nhentai.net/tag/kayukan/,1
kazami bird,kazami-bird,https://nhentai.net/tag/kazami-bird/,1
kazaoka,kazaoka,https://nhentai.net/tag/kazaoka/,1
kazefuki poni,kazefuki-poni,https://nhentai.net/tag/kazefuki-poni/,33
kazeoka yuu,kazeoka-yuu,https://nhentai.net/tag/kazeoka-yuu/,1
kazoku,kazoku,https://nhentai.net/tag/kazoku/,1
kazu ryuu,kazu-ryuu,https://nhentai.net/tag/kazu-ryuu/,1
kazuhiko,kazuhiko,https://nhentai.net/tag/kazuhiko/,1
kazukitodaemon,kazukitodaemon,https://nhentai.net/tag/kazukitodaemon/,1
kazukoto,kazukoto,https://nhentai.net/tag/kazukoto/,2
kazuma shouji,kazuma-shouji,https://nhentai.net/tag/kazuma-shouji/,1
kazusa kyouyama,kazusa-kyouyama,https://nhentai.net/tag/kazusa-kyouyama/,1
kazuwa,kazuwa,https://nhentai.net/tag/kazuwa/,1
kedama no gonjiro,kedama-no-gonjiro,https://nhentai.net/tag/kedama-no-gonjiro/,1
keienu,keienu,https://nhentai.net/tag/keienu/,1
keiji-kurobi,keiji-kurobi,https://nhentai.net/tag/keiji-kurobi/,1
keijima yuu,keijima-yuu,https://nhentai.net/tag/keijima-yuu/,1
keinv,keinv,https://nhentai.net/tag/keinv/,1
keisetsu kunoe,keisetsu-kunoe,https://nhentai.net/tag/keisetsu-kunoe/,1
keishouryaku,keishouryaku,https://nhentai.net/tag/keishouryaku/,3
kelerst,kelerst,https://nhentai.net/tag/kelerst/,2
kemomimichanya,kemomimichanya,https://nhentai.net/tag/kemomimichanya/,1
kemonomimi,kemonomimi,https://nhentai.net/tag/kemonomimi/,28293
kenbunya,kenbunya,https://nhentai.net/tag/kenbunya/,1
kensaki tsurugi,kensaki-tsurugi,https://nhentai.net/tag/kensaki-tsurugi/,1
kepi,kepi,https://nhentai.net/tag/kepi/,1
kfole,kfole,https://nhentai.net/tag/kfole/,1
kibako,kibako,https://nhentai.net/tag/kibako/,5
kibamaru gekienken,kibamaru-gekienken,https://nhentai.net/tag/kibamaru-gekienken/,1
kibi anmitsu,kibi-anmitsu,https://nhentai.net/tag/kibi-anmitsu/,1
kichigoe,kichigoe,https://nhentai.net/tag/kichigoe/,1
kichigoeya,kichigoeya,https://nhentai.net/tag/kichigoeya/,1
kichiku ruijinen-bu,kichiku-ruijinen-bu,https://nhentai.net/tag/kichiku-ruijinen-bu/,1
kido jirou,kido-jirou,https://nhentai.net/tag/kido-jirou/,3
kien-biu,kien-biu,https://nhentai.net/tag/kien-biu/,1
kigurumi,kigurumi,https://nhentai.net/tag/kigurumi/,42
kigurumi pajama,kigurumi-pajama,https://nhentai.net/tag/kigurumi-pajama/,42
kihito,kihito,https://nhentai.net/tag/kihito/,1
kiichigo,kiichigo,https://nhentai.net/tag/kiichigo/,2
kikakugai.extend,kikakugai-extend,https://nhentai.net/tag/kikakugai-extend/,1
kiki seiran,kiki-seiran,https://nhentai.net/tag/kiki-seiran/,1
kikimoraru,kikimoraru,https://nhentai.net/tag/kikimoraru/,2
kikogami,kikogami,https://nhentai.net/tag/kikogami/,1
kimetsutenshi. l,kimetsutenshi-l,https://nhentai.net/tag/kimetsutenshi-l/,6
kimono,kimono,https://nhentai.net/tag/kimono/,9603
kimowota imo,kimowota-imo,https://nhentai.net/tag/kimowota-imo/,1
kimtoxic,kimtoxic,https://nhentai.net/tag/kimtoxic/,1
kindergarten uniform,kindergarten-uniform,https://nhentai.net/tag/kindergarten-uniform/,163
kinei,kinei,https://nhentai.net/tag/kinei/,1
kinginboueki,kinginboueki,https://nhentai.net/tag/kinginboueki/,1
kinginseki,kinginseki,https://nhentai.net/tag/kinginseki/,1
kinkatsu,kinkatsu,https://nhentai.net/tag/kinkatsu/,1
kinmokusei no shiro,kinmokusei-no-shiro,https://nhentai.net/tag/kinmokusei-no-shiro/,1
kinn,kinn,https://nhentai.net/tag/kinn/,3
kinnikutei,kinnikutei,https://nhentai.net/tag/kinnikutei/,5
kino koutarou,kino-koutarou,https://nhentai.net/tag/kino-koutarou/,1
kinoking,kinoking,https://nhentai.net/tag/kinoking/,1
kinoko kurage,kinoko-kurage,https://nhentai.net/tag/kinoko-kurage/,1
kinoko mochi,kinoko-mochi,https://nhentai.net/tag/kinoko-mochi/,1
kinoko-ya bunka kyouzai-sha,kinoko-ya-bunka-kyouzai-sha,https://nhentai.net/tag/kinoko-ya-bunka-kyouzai-sha/,1
kinoko youchien,kinoko-youchien,https://nhentai.net/tag/kinoko-youchien/,1
kinokomochi,kinokomochi,https://nhentai.net/tag/kinokomochi/,1
kinoshita,kinoshita,https://nhentai.net/tag/kinoshita/,1
kinoto kanade,kinoto-kanade,https://nhentai.net/tag/kinoto-kanade/,1
kinotowi,kinotowi,https://nhentai.net/tag/kinotowi/,1
kinoue ranko,kinoue-ranko,https://nhentai.net/tag/kinoue-ranko/,2
kinoyuki,kinoyuki,https://nhentai.net/tag/kinoyuki/,1
kinshi,kinshi,https://nhentai.net/tag/kinshi/,1
kirakou,kirakou,https://nhentai.net/tag/kirakou/,1
kirameki sanmyaku,kirameki-sanmyaku,https://nhentai.net/tag/kirameki-sanmyaku/,3
kirei ni shite moraemasu ka.,kirei-ni-shite-moraemasu-ka,https://nhentai.net/tag/kirei-ni-shite-moraemasu-ka/,1
kireji,kireji,https://nhentai.net/tag/kireji/,2
kiri no hate,kiri-no-hate,https://nhentai.net/tag/kiri-no-hate/,1
kirihara kasuga,kirihara-kasuga,https://nhentai.net/tag/kirihara-kasuga/,1
kirikizu kou,kirikizu-kou,https://nhentai.net/tag/kirikizu-kou/,4
kiriko,kiriko,https://nhentai.net/tag/kiriko/,1
kisarazu you,kisarazu-you,https://nhentai.net/tag/kisarazu-you/,2
kisetsu fuu,kisetsu-fuu,https://nhentai.net/tag/kisetsu-fuu/,1
kisetsufuu,kisetsufuu,https://nhentai.net/tag/kisetsufuu/,1
kisetsufuu no fukutokoro,kisetsufuu-no-fukutokoro,https://nhentai.net/tag/kisetsufuu-no-fukutokoro/,3
kissatei,kissatei,https://nhentai.net/tag/kissatei/,1
kissing,kissing,https://nhentai.net/tag/kissing/,25299
kitagami koubou,kitagami-koubou,https://nhentai.net/tag/kitagami-koubou/,4
kitagawa tamarou,kitagawa-tamarou,https://nhentai.net/tag/kitagawa-tamarou/,1
kitamatsuya,kitamatsuya,https://nhentai.net/tag/kitamatsuya/,10
kitano ken,kitano-ken,https://nhentai.net/tag/kitano-ken/,15
kitsune bousouzoku,kitsune-bousouzoku,https://nhentai.net/tag/kitsune-bousouzoku/,1
kitsune no nijibiya,kitsune-no-nijibiya,https://nhentai.net/tag/kitsune-no-nijibiya/,2
kiui,kiui,https://nhentai.net/tag/kiui/,1
kiyama haru,kiyama-haru,https://nhentai.net/tag/kiyama-haru/,11
kiyomiya ryou,kiyomiya-ryou,https://nhentai.net/tag/kiyomiya-ryou/,26
kiyoshi gasuya,kiyoshi-gasuya,https://nhentai.net/tag/kiyoshi-gasuya/,1
kiyuu,kiyuu,https://nhentai.net/tag/kiyuu/,1
kizakura non,kizakura-non,https://nhentai.net/tag/kizakura-non/,1
kizakurapon,kizakurapon,https://nhentai.net/tag/kizakurapon/,1
kizuna kazayama,kizuna-kazayama,https://nhentai.net/tag/kizuna-kazayama/,1
kkan,kkan,https://nhentai.net/tag/kkan/,3
kneepit sex,kneepit-sex,https://nhentai.net/tag/kneepit-sex/,48
knives millions,knives-millions,https://nhentai.net/tag/knives-millions/,1
knotted penis,knotted-penis,https://nhentai.net/tag/knotted-penis/,11
koajin,koajin,https://nhentai.net/tag/koajin/,1
kobamiso,kobamiso,https://nhentai.net/tag/kobamiso/,4
kobushi,kobushi,https://nhentai.net/tag/kobushi/,3
kodomo doushi,kodomo-doushi,https://nhentai.net/tag/kodomo-doushi/,1560
kodomo only,kodomo-only,https://nhentai.net/tag/kodomo-only/,1039
kodomo oukoku,kodomo-oukoku,https://nhentai.net/tag/kodomo-oukoku/,1
kodomokai,kodomokai,https://nhentai.net/tag/kodomokai/,1
koeda mameko,koeda-mameko,https://nhentai.net/tag/koeda-mameko/,1
kogeta neko,kogeta-neko,https://nhentai.net/tag/kogeta-neko/,1
kogetsu,kogetsu,https://nhentai.net/tag/kogetsu/,2
kogure,kogure,https://nhentai.net/tag/kogure/,1
kohe,kohe,https://nhentai.net/tag/kohe/,1
koi mizutani,koi-mizutani,https://nhentai.net/tag/koi-mizutani/,1
koikatsu,koikatsu,https://nhentai.net/tag/koikatsu/,2
koike akira,koike-akira,https://nhentai.net/tag/koike-akira/,1
koji pom,koji-pom,https://nhentai.net/tag/koji-pom/,1
kojiin,kojiin,https://nhentai.net/tag/kojiin/,1
kok,kok,https://nhentai.net/tag/kok/,1
kokkuri,kokkuri,https://nhentai.net/tag/kokkuri/,1
kokomi,kokomi,https://nhentai.net/tag/kokomi/,1
kokoneri,kokoneri,https://nhentai.net/tag/kokoneri/,3
kokusai hihoukan,kokusai-hihoukan,https://nhentai.net/tag/kokusai-hihoukan/,2
kokushi,kokushi,https://nhentai.net/tag/kokushi/,1
kokutou hyouka,kokutou-hyouka,https://nhentai.net/tag/kokutou-hyouka/,1
kome juice,kome-juice,https://nhentai.net/tag/kome-juice/,1
komi shouko,komi-shouko,https://nhentai.net/tag/komi-shouko/,1
komichi akina,komichi-akina,https://nhentai.net/tag/komichi-akina/,1
komikkukyassuru junbi iinkai,komikkukyassuru-junbi-iinkai,https://nhentai.net/tag/komikkukyassuru-junbi-iinkai/,1
komiya kaori,komiya-kaori,https://nhentai.net/tag/komiya-kaori/,1
komyaku,komyaku,https://nhentai.net/tag/komyaku/,1
kon shota,kon-shota,https://nhentai.net/tag/kon-shota/,1
kona koushou,kona-koushou,https://nhentai.net/tag/kona-koushou/,3
kona wana,kona-wana,https://nhentai.net/tag/kona-wana/,3
konan no inugoya,konan-no-inugoya,https://nhentai.net/tag/konan-no-inugoya/,2
konbudashi,konbudashi,https://nhentai.net/tag/konbudashi/,1
kondou kisaki,kondou-kisaki,https://nhentai.net/tag/kondou-kisaki/,1
kongjian cuoluan,kongjian-cuoluan,https://nhentai.net/tag/kongjian-cuoluan/,1
konnoyu,konnoyu,https://nhentai.net/tag/konnoyu/,1
konoka,konoka,https://nhentai.net/tag/konoka/,2
konshirou konari,konshirou-konari,https://nhentai.net/tag/konshirou-konari/,1
konton kurabu,konton-kurabu,https://nhentai.net/tag/konton-kurabu/,1
koonago,koonago,https://nhentai.net/tag/koonago/,1
koooootya,koooootya,https://nhentai.net/tag/koooootya/,2
kopoli,kopoli,https://nhentai.net/tag/kopoli/,1
koppun enogu,koppun-enogu,https://nhentai.net/tag/koppun-enogu/,1
korokoro dou,korokoro-dou,https://nhentai.net/tag/korokoro-dou/,1
koromochi,koromochi,https://nhentai.net/tag/koromochi/,1
kosameda yuu,kosameda-yuu,https://nhentai.net/tag/kosameda-yuu/,4
koshian,koshian,https://nhentai.net/tag/koshian/,3
koshiki yukari,koshiki-yukari,https://nhentai.net/tag/koshiki-yukari/,1
kosmos beta,kosmos-beta,https://nhentai.net/tag/kosmos-beta/,5
kosuke poke,kosuke-poke,https://nhentai.net/tag/kosuke-poke/,3
kota maru,kota-maru,https://nhentai.net/tag/kota-maru/,2
kotako-san,kotako-san,https://nhentai.net/tag/kotako-san/,2
kotamatimo,kotamatimo,https://nhentai.net/tag/kotamatimo/,1
kotani,kotani,https://nhentai.net/tag/kotani/,2
kotori toyomi,kotori-toyomi,https://nhentai.net/tag/kotori-toyomi/,1
kouan,kouan,https://nhentai.net/tag/kouan/,6
kouchamaru,kouchamaru,https://nhentai.net/tag/kouchamaru/,1
kouguti,kouguti,https://nhentai.net/tag/kouguti/,1
koume kouhiiten,koume-kouhiiten,https://nhentai.net/tag/koume-kouhiiten/,1
koushouin teisetsu,koushouin-teisetsu,https://nhentai.net/tag/koushouin-teisetsu/,3
kouun ryuusui,kouun-ryuusui,https://nhentai.net/tag/kouun-ryuusui/,1
koyado keroyon,koyado-keroyon,https://nhentai.net/tag/koyado-keroyon/,1
koyama hayato,koyama-hayato,https://nhentai.net/tag/koyama-hayato/,1
koyossey,koyossey,https://nhentai.net/tag/koyossey/,1
kozuki kanna,kozuki-kanna,https://nhentai.net/tag/kozuki-kanna/,4
krdsan,krdsan,https://nhentai.net/tag/krdsan/,1
ksk suru shoudou,ksk-suru-shoudou,https://nhentai.net/tag/ksk-suru-shoudou/,1
kt koubou,kt-koubou,https://nhentai.net/tag/kt-koubou/,1
kta,kta,https://nhentai.net/tag/kta/,1
kuararin,kuararin,https://nhentai.net/tag/kuararin/,6
kuba yodomu,kuba-yodomu,https://nhentai.net/tag/kuba-yodomu/,1
kubo lion,kubo-lion,https://nhentai.net/tag/kubo-lion/,4
kubo lion no heya,kubo-lion-no-heya,https://nhentai.net/tag/kubo-lion-no-heya/,4
kubo minako,kubo-minako,https://nhentai.net/tag/kubo-minako/,1
kuchibiru chazuke,kuchibiru-chazuke,https://nhentai.net/tag/kuchibiru-chazuke/,1
kudou maimu,kudou-maimu,https://nhentai.net/tag/kudou-maimu/,7
kuga tsunya,kuga-tsunya,https://nhentai.net/tag/kuga-tsunya/,3
kugara,kugara,https://nhentai.net/tag/kugara/,2
kuhul ajaw,kuhul-ajaw,https://nhentai.net/tag/kuhul-ajaw/,1
kujo shima,kujo-shima,https://nhentai.net/tag/kujo-shima/,2
kuki isu,kuki-isu,https://nhentai.net/tag/kuki-isu/,1
kuma no mi,kuma-no-mi,https://nhentai.net/tag/kuma-no-mi/,5
kumaashi s,kumaashi-s,https://nhentai.net/tag/kumaashi-s/,2
kumagawa yuuichi,kumagawa-yuuichi,https://nhentai.net/tag/kumagawa-yuuichi/,2
kumakko,kumakko,https://nhentai.net/tag/kumakko/,2
kumano daishougun,kumano-daishougun,https://nhentai.net/tag/kumano-daishougun/,2
kumano miyabi,kumano-miyabi,https://nhentai.net/tag/kumano-miyabi/,1
kumarin,kumarin,https://nhentai.net/tag/kumarin/,2
kumata katsumi,kumata-katsumi,https://nhentai.net/tag/kumata-katsumi/,1
kunitei,kunitei,https://nhentai.net/tag/kunitei/,2
kuno ichika,kuno-ichika,https://nhentai.net/tag/kuno-ichika/,1
kunoichi,kunoichi,https://nhentai.net/tag/kunoichi/,1862
kuonkairo,kuonkairo,https://nhentai.net/tag/kuonkairo/,1
kura-san,kura-san,https://nhentai.net/tag/kura-san/,4
kurahashi tomo,kurahashi-tomo,https://nhentai.net/tag/kurahashi-tomo/,1
kurarissa,kurarissa,https://nhentai.net/tag/kurarissa/,2
kure no genki na goaisatsu,kure-no-genki-na-goaisatsu,https://nhentai.net/tag/kure-no-genki-na-goaisatsu/,1
kuremente,kuremente,https://nhentai.net/tag/kuremente/,2
kureo kingyo,kureo-kingyo,https://nhentai.net/tag/kureo-kingyo/,1
kuri dango-ya sora,kuri-dango-ya-sora,https://nhentai.net/tag/kuri-dango-ya-sora/,1
kurihashi shinsuke,kurihashi-shinsuke,https://nhentai.net/tag/kurihashi-shinsuke/,1
kurimaru satoshi,kurimaru-satoshi,https://nhentai.net/tag/kurimaru-satoshi/,1
kurimo souda,kurimo-souda,https://nhentai.net/tag/kurimo-souda/,2
kurimopie,kurimopie,https://nhentai.net/tag/kurimopie/,2
kuriya honden,kuriya-honden,https://nhentai.net/tag/kuriya-honden/,3
kurobabu,kurobabu,https://nhentai.net/tag/kurobabu/,3
kuroi mello yello,kuroi-mello-yello,https://nhentai.net/tag/kuroi-mello-yello/,1
kurokabo,kurokabo,https://nhentai.net/tag/kurokabo/,1
kurokawa ako,kurokawa-ako,https://nhentai.net/tag/kurokawa-ako/,1
kuromame kanure,kuromame-kanure,https://nhentai.net/tag/kuromame-kanure/,3
kurosaki shun,kurosaki-shun,https://nhentai.net/tag/kurosaki-shun/,1
kurosu ekusu,kurosu-ekusu,https://nhentai.net/tag/kurosu-ekusu/,1
kurosui,kurosui,https://nhentai.net/tag/kurosui/,1
kurotane,kurotane,https://nhentai.net/tag/kurotane/,1
kurotanicrowa,kurotanicrowa,https://nhentai.net/tag/kurotanicrowa/,2
kurotanida,kurotanida,https://nhentai.net/tag/kurotanida/,2
kurowa san,kurowa-san,https://nhentai.net/tag/kurowa-san/,1
kuroyume koubou,kuroyume-koubou,https://nhentai.net/tag/kuroyume-koubou/,1
kurumi no atelier,kurumi-no-atelier,https://nhentai.net/tag/kurumi-no-atelier/,2
kurumi rumi,kurumi-rumi,https://nhentai.net/tag/kurumi-rumi/,1
kurumiya,kurumiya,https://nhentai.net/tag/kurumiya/,2
kusakabe kanna,kusakabe-kanna,https://nhentai.net/tag/kusakabe-kanna/,1
kusano matsuri,kusano-matsuri,https://nhentai.net/tag/kusano-matsuri/,1
kusarikake melon,kusarikake-melon,https://nhentai.net/tag/kusarikake-melon/,1
kusatsu,kusatsu,https://nhentai.net/tag/kusatsu/,3
kutsudaru,kutsudaru,https://nhentai.net/tag/kutsudaru/,1
kuufuku,kuufuku,https://nhentai.net/tag/kuufuku/,1
kuusou jikkenshitsu,kuusou-jikkenshitsu,https://nhentai.net/tag/kuusou-jikkenshitsu/,2
kuusou shoujo kenkyuujo,kuusou-shoujo-kenkyuujo,https://nhentai.net/tag/kuusou-shoujo-kenkyuujo/,1
kuwagata ko,kuwagata-ko,https://nhentai.net/tag/kuwagata-ko/,1
kuware,kuware,https://nhentai.net/tag/kuware/,1
kuzu no mokuzu,kuzu-no-mokuzu,https://nhentai.net/tag/kuzu-no-mokuzu/,3
kuzuha pote gitsune,kuzuha-pote-gitsune,https://nhentai.net/tag/kuzuha-pote-gitsune/,3
kyabiramuuru,kyabiramuuru,https://nhentai.net/tag/kyabiramuuru/,3
kyon-kyon,kyon-kyon,https://nhentai.net/tag/kyon-kyon/,1
kyorakuen,kyorakuen,https://nhentai.net/tag/kyorakuen/,1
kyouka edami,kyouka-edami,https://nhentai.net/tag/kyouka-edami/,1
kyoutansan,kyoutansan,https://nhentai.net/tag/kyoutansan/,3
kyugata,kyugata,https://nhentai.net/tag/kyugata/,4
kyun ja,kyun-ja,https://nhentai.net/tag/kyun-ja/,1
kyuudai manken dennou,kyuudai-manken-dennou,https://nhentai.net/tag/kyuudai-manken-dennou/,1
kyuupura,kyuupura,https://nhentai.net/tag/kyuupura/,1
kyuuzan daigaku,kyuuzan-daigaku,https://nhentai.net/tag/kyuuzan-daigaku/,1
lab coat,lab-coat,https://nhentai.net/tag/lab-coat/,1864
.labo,labo,https://nhentai.net/tag/labo/,1
lacey,lacey,https://nhentai.net/tag/lacey/,2
lachan,lachan,https://nhentai.net/tag/lachan/,1
lactation,lactation,https://nhentai.net/tag/lactation/,21565
lady bat,lady-bat,https://nhentai.net/tag/lady-bat/,1
lake side,lake-side,https://nhentai.net/tag/lake-side/,1
lalala holiday,lalala-holiday,https://nhentai.net/tag/lalala-holiday/,1
lander,lander,https://nhentai.net/tag/lander/,1
lank-chan,lank-chan,https://nhentai.net/tag/lank-chan/,1
large insertions,large-insertions,https://nhentai.net/tag/large-insertions/,2534
large tattoo,large-tattoo,https://nhentai.net/tag/large-tattoo/,1691
laserbeam,laserbeam,https://nhentai.net/tag/laserbeam/,1
laserbeam seisan jigyoudan,laserbeam-seisan-jigyoudan,https://nhentai.net/tag/laserbeam-seisan-jigyoudan/,1
last ecstasy,last-ecstasy,https://nhentai.net/tag/last-ecstasy/,3
last linkage,last-linkage,https://nhentai.net/tag/last-linkage/,2
latex,latex,https://nhentai.net/tag/latex/,5023
layer cake,layer-cake,https://nhentai.net/tag/layer-cake/,696
laylay,laylay,https://nhentai.net/tag/laylay/,1
lazy blue,lazy-blue,https://nhentai.net/tag/lazy-blue/,2
lazzysin,lazzysin,https://nhentai.net/tag/lazzysin/,8
le manrro,le-manrro,https://nhentai.net/tag/le-manrro/,2
le ping,le-ping,https://nhentai.net/tag/le-ping/,1
leaf pie,leaf-pie,https://nhentai.net/tag/leaf-pie/,1
leash,leash,https://nhentai.net/tag/leash/,3596
lee juwon,lee-juwon,https://nhentai.net/tag/lee-juwon/,1
leet iga,leet-iga,https://nhentai.net/tag/leet-iga/,1
leg lock,leg-lock,https://nhentai.net/tag/leg-lock/,4614
legjob,legjob,https://nhentai.net/tag/legjob/,41
lemi,lemi,https://nhentai.net/tag/lemi/,1
leotard,leotard,https://nhentai.net/tag/leotard/,7032
lestart,lestart,https://nhentai.net/tag/lestart/,1
letahl weapon,letahl-weapon,https://nhentai.net/tag/letahl-weapon/,1
leto,leto,https://nhentai.net/tag/leto/,1
lets go kaikigumi,lets-go-kaikigumi,https://nhentai.net/tag/lets-go-kaikigumi/,2
letumor,letumor,https://nhentai.net/tag/letumor/,1
level9,level9,https://nhentai.net/tag/level9/,1
levi,levi,https://nhentai.net/tag/levi/,80
lhr,lhr,https://nhentai.net/tag/lhr/,1
lidenskap,lidenskap,https://nhentai.net/tag/lidenskap/,1
like plus,like-plus,https://nhentai.net/tag/like-plus/,2
liko,liko,https://nhentai.net/tag/liko/,2
lilac garden,lilac-garden,https://nhentai.net/tag/lilac-garden/,4
lili archive,lili-archive,https://nhentai.net/tag/lili-archive/,1
lilique kadoka lipati,lilique-kadoka-lipati,https://nhentai.net/tag/lilique-kadoka-lipati/,2
lilypat,lilypat,https://nhentai.net/tag/lilypat/,1
limbochang2,limbochang2,https://nhentai.net/tag/limbochang2/,2
limsett,limsett,https://nhentai.net/tag/limsett/,1
lingerie,lingerie,https://nhentai.net/tag/lingerie/,15478
lion,lion,https://nhentai.net/tag/lion/,9
lioness,lioness,https://nhentai.net/tag/lioness/,1
lipstick mark,lipstick-mark,https://nhentai.net/tag/lipstick-mark/,152
liquoriceririn,liquoriceririn,https://nhentai.net/tag/liquoriceririn/,1
lisen,lisen,https://nhentai.net/tag/lisen/,1
little note,little-note,https://nhentai.net/tag/little-note/,2
littlepool,littlepool,https://nhentai.net/tag/littlepool/,1
liuoie2,liuoie2,https://nhentai.net/tag/liuoie2/,1
live twin lil-la,live-twin-lil-la,https://nhentai.net/tag/live-twin-lil-la/,4
living clothes,living-clothes,https://nhentai.net/tag/living-clothes/,1026
lizard girl,lizard-girl,https://nhentai.net/tag/lizard-girl/,496
lizard guy,lizard-guy,https://nhentai.net/tag/lizard-guy/,69
lizel jaldak,lizel-jaldak,https://nhentai.net/tag/lizel-jaldak/,1
lo.c,lo-c,https://nhentai.net/tag/lo-c/,8
loi,loi,https://nhentai.net/tag/loi/,1
lokulo no mawasimono,lokulo-no-mawasimono,https://nhentai.net/tag/lokulo-no-mawasimono/,1
loli chahan,loli-chahan,https://nhentai.net/tag/loli-chahan/,1
loli-fan,loli-fan,https://nhentai.net/tag/loli-fan/,2
lolicon,lolicon,https://nhentai.net/tag/lolicon/,108707
lolicon clinic,lolicon-clinic,https://nhentai.net/tag/lolicon-clinic/,1
lonelyplum.,lonelyplum,https://nhentai.net/tag/lonelyplum/,2
long tongue,long-tongue,https://nhentai.net/tag/long-tongue/,1496
longtimedull,longtimedull,https://nhentai.net/tag/longtimedull/,1
lonklink,lonklink,https://nhentai.net/tag/lonklink/,9
loon koubou,loon-koubou,https://nhentai.net/tag/loon-koubou/,1
lop,lop,https://nhentai.net/tag/lop/,1
lostdragon01,lostdragon01,https://nhentai.net/tag/lostdragon01/,1
loulan,loulan,https://nhentai.net/tag/loulan/,1
love-saber,love-saber,https://nhentai.net/tag/love-saber/,3
love-tan,love-tan,https://nhentai.net/tag/love-tan/,1
low bestiality,low-bestiality,https://nhentai.net/tag/low-bestiality/,538
low fee,low-fee,https://nhentai.net/tag/low-fee/,3
low guro,low-guro,https://nhentai.net/tag/low-guro/,64
low incest,low-incest,https://nhentai.net/tag/low-incest/,121
low lolicon,low-lolicon,https://nhentai.net/tag/low-lolicon/,1749
low scat,low-scat,https://nhentai.net/tag/low-scat/,956
low shotacon,low-shotacon,https://nhentai.net/tag/low-shotacon/,892
low smegma,low-smegma,https://nhentai.net/tag/low-smegma/,23
lucifer morningstar,lucifer-morningstar,https://nhentai.net/tag/lucifer-morningstar/,1
ludonic alien,ludonic-alien,https://nhentai.net/tag/ludonic-alien/,1
lui shirosagi,lui-shirosagi,https://nhentai.net/tag/lui-shirosagi/,1
luke notos greyrat,luke-notos-greyrat,https://nhentai.net/tag/luke-notos-greyrat/,2
lumilcus,lumilcus,https://nhentai.net/tag/lumilcus/,1
luminous witches,luminous-witches,https://nhentai.net/tag/luminous-witches/,1
lums mom,lums-mom,https://nhentai.net/tag/lums-mom/,1
luo xiaohei,luo-xiaohei,https://nhentai.net/tag/luo-xiaohei/,2
lupus,lupus,https://nhentai.net/tag/lupus/,1
lupusdotcom,lupusdotcom,https://nhentai.net/tag/lupusdotcom/,1
lustyzo,lustyzo,https://nhentai.net/tag/lustyzo/,2
luv 3 do,luv-3-do,https://nhentai.net/tag/luv-3-do/,1
lv.41,lv-41,https://nhentai.net/tag/lv-41/,1
lyna,lyna,https://nhentai.net/tag/lyna/,4
m30b,m30b,https://nhentai.net/tag/m30b/,1
ma-maikea,ma-maikea,https://nhentai.net/tag/ma-maikea/,2
mabuki,mabuki,https://nhentai.net/tag/mabuki/,13
mabuta no uragawa,mabuta-no-uragawa,https://nhentai.net/tag/mabuta-no-uragawa/,2
maccho morizou,maccho-morizou,https://nhentai.net/tag/maccho-morizou/,1
machida march,machida-march,https://nhentai.net/tag/machida-march/,3
machine,machine,https://nhentai.net/tag/machine/,1790
machupinyu,machupinyu,https://nhentai.net/tag/machupinyu/,1
madchen haus,madchen-haus,https://nhentai.net/tag/madchen-haus/,1
madchen house,madchen-house,https://nhentai.net/tag/madchen-house/,1
madchen jager,madchen-jager,https://nhentai.net/tag/madchen-jager/,1
madden,madden,https://nhentai.net/tag/madden/,1
madofu,madofu,https://nhentai.net/tag/madofu/,2
mafa,mafa,https://nhentai.net/tag/mafa/,1
magachiyo,magachiyo,https://nhentai.net/tag/magachiyo/,1
maggot,maggot,https://nhentai.net/tag/maggot/,37
magical girl,magical-girl,https://nhentai.net/tag/magical-girl/,5510
magical kagechousukashi,magical-kagechousukashi,https://nhentai.net/tag/magical-kagechousukashi/,2
maguni,maguni,https://nhentai.net/tag/maguni/,1
mahiru no ashiato,mahiru-no-ashiato,https://nhentai.net/tag/mahiru-no-ashiato/,1
mahiru noto,mahiru-noto,https://nhentai.net/tag/mahiru-noto/,1
mahiru shirota,mahiru-shirota,https://nhentai.net/tag/mahiru-shirota/,4
mahjong fight girl,mahjong-fight-girl,https://nhentai.net/tag/mahjong-fight-girl/,1
mahomaho,mahomaho,https://nhentai.net/tag/mahomaho/,3
mahomaho koubou,mahomaho-koubou,https://nhentai.net/tag/mahomaho-koubou/,3
mai mai miracle,mai-mai-miracle,https://nhentai.net/tag/mai-mai-miracle/,1
maibotsuge,maibotsuge,https://nhentai.net/tag/maibotsuge/,1
maid,maid,https://nhentai.net/tag/maid/,17194
maihama,maihama,https://nhentai.net/tag/maihama/,1
maika kamimura,maika-kamimura,https://nhentai.net/tag/maika-kamimura/,1
maikage,maikage,https://nhentai.net/tag/maikage/,1
maimai0116,maimai0116,https://nhentai.net/tag/maimai0116/,1
maimeetung,maimeetung,https://nhentai.net/tag/maimeetung/,1
maina asakura,maina-asakura,https://nhentai.net/tag/maina-asakura/,1
maji2,maji2,https://nhentai.net/tag/maji2/,1
majima,majima,https://nhentai.net/tag/majima/,2
makai,makai,https://nhentai.net/tag/makai/,1
makeup,makeup,https://nhentai.net/tag/makeup/,1071
makinomachi park,makinomachi-park,https://nhentai.net/tag/makinomachi-park/,1
makochiya,makochiya,https://nhentai.net/tag/makochiya/,1
makolas,makolas,https://nhentai.net/tag/makolas/,1
makosho,makosho,https://nhentai.net/tag/makosho/,5
makosyo,makosyo,https://nhentai.net/tag/makosyo/,4
makoto katayama,makoto-katayama,https://nhentai.net/tag/makoto-katayama/,1
makoyuki,makoyuki,https://nhentai.net/tag/makoyuki/,1
makusu,makusu,https://nhentai.net/tag/makusu/,3
mala xiao longxia,mala-xiao-longxia,https://nhentai.net/tag/mala-xiao-longxia/,1
male on dickgirl,male-on-dickgirl,https://nhentai.net/tag/male-on-dickgirl/,3524
males onl,males-onl,https://nhentai.net/tag/males-onl/,1
males only,males-only,https://nhentai.net/tag/males-only/,51196
malovic,malovic,https://nhentai.net/tag/malovic/,1
malzeno,malzeno,https://nhentai.net/tag/malzeno/,1
mamek hoshi,mamek-hoshi,https://nhentai.net/tag/mamek-hoshi/,1
mamepaitan,mamepaitan,https://nhentai.net/tag/mamepaitan/,1
mameppoi,mameppoi,https://nhentai.net/tag/mameppoi/,1
mamerakkkkko,mamerakkkkko,https://nhentai.net/tag/mamerakkkkko/,4
mameroku,mameroku,https://nhentai.net/tag/mameroku/,1
manaita koubou,manaita-koubou,https://nhentai.net/tag/manaita-koubou/,1
manaka kiryuu,manaka-kiryuu,https://nhentai.net/tag/manaka-kiryuu/,1
manamel,manamel,https://nhentai.net/tag/manamel/,1
manami ogura,manami-ogura,https://nhentai.net/tag/manami-ogura/,2
manbo,manbo,https://nhentai.net/tag/manbo/,2
mandara ryuuseigun,mandara-ryuuseigun,https://nhentai.net/tag/mandara-ryuuseigun/,2
manfred von karma,manfred-von-karma,https://nhentai.net/tag/manfred-von-karma/,1
manga,manga,https://nhentai.net/tag/manga/,529
mangayre,mangayre,https://nhentai.net/tag/mangayre/,1
maniac,maniac,https://nhentai.net/tag/maniac/,1
manmaru kushami,manmaru-kushami,https://nhentai.net/tag/manmaru-kushami/,1
manyuu,manyuu,https://nhentai.net/tag/manyuu/,1
manyuu hiken-chou,manyuu-hiken-chou,https://nhentai.net/tag/manyuu-hiken-chou/,3
manzoku ippon,manzoku-ippon,https://nhentai.net/tag/manzoku-ippon/,1
mao zedong,mao-zedong,https://nhentai.net/tag/mao-zedong/,1
maou dante,maou-dante,https://nhentai.net/tag/maou-dante/,1
maple neko,maple-neko,https://nhentai.net/tag/maple-neko/,1
marapan,marapan,https://nhentai.net/tag/marapan/,1
maria owens,maria-owens,https://nhentai.net/tag/maria-owens/,1
mariel legrand,mariel-legrand,https://nhentai.net/tag/mariel-legrand/,1
maripaka,maripaka,https://nhentai.net/tag/maripaka/,3
marisayaka,marisayaka,https://nhentai.net/tag/marisayaka/,2
marquis,marquis,https://nhentai.net/tag/marquis/,1
marubishi rikuto,marubishi-rikuto,https://nhentai.net/tag/marubishi-rikuto/,1
masago 3-chome,masago-3-chome,https://nhentai.net/tag/masago-3-chome/,1
masago ryouichi,masago-ryouichi,https://nhentai.net/tag/masago-ryouichi/,1
masaru,masaru,https://nhentai.net/tag/masaru/,2
masato kageura,masato-kageura,https://nhentai.net/tag/masato-kageura/,1
mase ryuuki,mase-ryuuki,https://nhentai.net/tag/mase-ryuuki/,2
mash.,mash,https://nhentai.net/tag/mash/,1
mashi miyuki,mashi-miyuki,https://nhentai.net/tag/mashi-miyuki/,31
masio,masio,https://nhentai.net/tag/masio/,2
masked face,masked-face,https://nhentai.net/tag/masked-face/,3756
masora ema,masora-ema,https://nhentai.net/tag/masora-ema/,1
master chikushoudou,master-chikushoudou,https://nhentai.net/tag/master-chikushoudou/,1
masturbation,masturbation,https://nhentai.net/tag/masturbation/,22951
masturbtion,masturbtion,https://nhentai.net/tag/masturbtion/,1
masuta,masuta,https://nhentai.net/tag/masuta/,1
masutabe shou,masutabe-shou,https://nhentai.net/tag/masutabe-shou/,1
mato mai,mato-mai,https://nhentai.net/tag/mato-mai/,1
matoba ryou,matoba-ryou,https://nhentai.net/tag/matoba-ryou/,1
matsuda val,matsuda-val,https://nhentai.net/tag/matsuda-val/,1
matsumoto,matsumoto,https://nhentai.net/tag/matsumoto/,2
matsumura amaka,matsumura-amaka,https://nhentai.net/tag/matsumura-amaka/,1
matsuno,matsuno,https://nhentai.net/tag/matsuno/,2
matsuri oyama,matsuri-oyama,https://nhentai.net/tag/matsuri-oyama/,1
matsurino ato,matsurino-ato,https://nhentai.net/tag/matsurino-ato/,1
mattya-sama,mattya-sama,https://nhentai.net/tag/mattya-sama/,1
matumoto ke,matumoto-ke,https://nhentai.net/tag/matumoto-ke/,1
maturbation,maturbation,https://nhentai.net/tag/maturbation/,1
mature,mature,https://nhentai.net/tag/mature/,69
matyo morizou,matyo-morizou,https://nhentai.net/tag/matyo-morizou/,2
mayocha,mayocha,https://nhentai.net/tag/mayocha/,1
mayoke chaya,mayoke-chaya,https://nhentai.net/tag/mayoke-chaya/,1
mayu ko,mayu-ko,https://nhentai.net/tag/mayu-ko/,1
mayuge tarou,mayuge-tarou,https://nhentai.net/tag/mayuge-tarou/,1
mecha boy,mecha-boy,https://nhentai.net/tag/mecha-boy/,2
mecha girl,mecha-girl,https://nhentai.net/tag/mecha-girl/,808
mechano factory,mechano-factory,https://nhentai.net/tag/mechano-factory/,1
medama-oyaji,medama-oyaji,https://nhentai.net/tag/medama-oyaji/,1
medamoso,medamoso,https://nhentai.net/tag/medamoso/,2
mei no haha,mei-no-haha,https://nhentai.net/tag/mei-no-haha/,1
meiji chichiko,meiji-chichiko,https://nhentai.net/tag/meiji-chichiko/,2
meimeikomei,meimeikomei,https://nhentai.net/tag/meimeikomei/,1
meina,meina,https://nhentai.net/tag/meina/,1
meiruu,meiruu,https://nhentai.net/tag/meiruu/,2
meishou,meishou,https://nhentai.net/tag/meishou/,2
mekano kouba,mekano-kouba,https://nhentai.net/tag/mekano-kouba/,1
melanoma kurosawa,melanoma-kurosawa,https://nhentai.net/tag/melanoma-kurosawa/,1
melina,melina,https://nhentai.net/tag/melina/,3
mellowsanchi,mellowsanchi,https://nhentai.net/tag/mellowsanchi/,2
melon soda float,melon-soda-float,https://nhentai.net/tag/melon-soda-float/,1
melonbooks,melonbooks,https://nhentai.net/tag/melonbooks/,10
meluwow,meluwow,https://nhentai.net/tag/meluwow/,2
memenikushinzou,memenikushinzou,https://nhentai.net/tag/memenikushinzou/,1
menstruation,menstruation,https://nhentai.net/tag/menstruation/,180
mentoru,mentoru,https://nhentai.net/tag/mentoru/,1
mentsuyu,mentsuyu,https://nhentai.net/tag/mentsuyu/,2
mepuchin,mepuchin,https://nhentai.net/tag/mepuchin/,2
mercenary tao,mercenary-tao,https://nhentai.net/tag/mercenary-tao/,1
merlah,merlah,https://nhentai.net/tag/merlah/,1
mermaid,mermaid,https://nhentai.net/tag/mermaid/,461
mermaid thetis,mermaid-thetis,https://nhentai.net/tag/mermaid-thetis/,1
merman,merman,https://nhentai.net/tag/merman/,94
merril,merril,https://nhentai.net/tag/merril/,3
merry melody line,merry-melody-line,https://nhentai.net/tag/merry-melody-line/,2
merulu ilum,merulu-ilum,https://nhentai.net/tag/merulu-ilum/,5
mesugaki,mesugaki,https://nhentai.net/tag/mesugaki/,1140
mesuiki,mesuiki,https://nhentai.net/tag/mesuiki/,2571
mesukama,mesukama,https://nhentai.net/tag/mesukama/,1
metal armor,metal-armor,https://nhentai.net/tag/metal-armor/,1123
meteor sugar,meteor-sugar,https://nhentai.net/tag/meteor-sugar/,1
meteor-ya,meteor-ya,https://nhentai.net/tag/meteor-ya/,2
mia-chan kannou shashinshuu suishin iinkai,mia-chan-kannou-shashinshuu-suishin-iinkai,https://nhentai.net/tag/mia-chan-kannou-shashinshuu-suishin-iinkai/,1
mian mubo,mian-mubo,https://nhentai.net/tag/mian-mubo/,2
miato,miato,https://nhentai.net/tag/miato/,2
micchi,micchi,https://nhentai.net/tag/micchi/,1
michiko,michiko,https://nhentai.net/tag/michiko/,1
michikusa,michikusa,https://nhentai.net/tag/michikusa/,1
michikusa no michi,michikusa-no-michi,https://nhentai.net/tag/michikusa-no-michi/,1
michio,michio,https://nhentai.net/tag/michio/,1
michiyo gotou,michiyo-gotou,https://nhentai.net/tag/michiyo-gotou/,1
midget,midget,https://nhentai.net/tag/midget/,642
mighty yukiko,mighty-yukiko,https://nhentai.net/tag/mighty-yukiko/,1
migi hane,migi-hane,https://nhentai.net/tag/migi-hane/,1
migi ni sasetsu,migi-ni-sasetsu,https://nhentai.net/tag/migi-ni-sasetsu/,1
miginaa,miginaa,https://nhentai.net/tag/miginaa/,1
mihoshi rinko,mihoshi-rinko,https://nhentai.net/tag/mihoshi-rinko/,1
miime,miime,https://nhentai.net/tag/miime/,1
miimui,miimui,https://nhentai.net/tag/miimui/,2
mika misono,mika-misono,https://nhentai.net/tag/mika-misono/,1
mikeneko,mikeneko,https://nhentai.net/tag/mikeneko/,1
miki chika,miki-chika,https://nhentai.net/tag/miki-chika/,5
miki hime,miki-hime,https://nhentai.net/tag/miki-hime/,85
mikikomachi,mikikomachi,https://nhentai.net/tag/mikikomachi/,2
miko,miko,https://nhentai.net/tag/miko/,4181
mikomachi,mikomachi,https://nhentai.net/tag/mikomachi/,1
mikoshiba,mikoshiba,https://nhentai.net/tag/mikoshiba/,4
mikoshiba kakyo,mikoshiba-kakyo,https://nhentai.net/tag/mikoshiba-kakyo/,1
mikoshiro nagitoh,mikoshiro-nagitoh,https://nhentai.net/tag/mikoshiro-nagitoh/,38
mikosuri mercenary corps,mikosuri-mercenary-corps,https://nhentai.net/tag/mikosuri-mercenary-corps/,1
mil peeu,mil-peeu,https://nhentai.net/tag/mil-peeu/,19
milf,milf,https://nhentai.net/tag/milf/,49181
military,military,https://nhentai.net/tag/military/,4466
milking,milking,https://nhentai.net/tag/milking/,2382
milkyboy,milkyboy,https://nhentai.net/tag/milkyboy/,1
milkyboy inc.,milkyboy-inc,https://nhentai.net/tag/milkyboy-inc/,1
mill,mill,https://nhentai.net/tag/mill/,1
milllenium mob a,milllenium-mob-a,https://nhentai.net/tag/milllenium-mob-a/,1
milton lynxley,milton-lynxley,https://nhentai.net/tag/milton-lynxley/,1
mimamori-tei,mimamori-tei,https://nhentai.net/tag/mimamori-tei/,2
mimamoriencyo,mimamoriencyo,https://nhentai.net/tag/mimamoriencyo/,12
mimaru,mimaru,https://nhentai.net/tag/mimaru/,3
mimi takaoka,mimi-takaoka,https://nhentai.net/tag/mimi-takaoka/,1
mimimi misaki,mimimi-misaki,https://nhentai.net/tag/mimimi-misaki/,1
miminoura,miminoura,https://nhentai.net/tag/miminoura/,1
mimitako seijin,mimitako-seijin,https://nhentai.net/tag/mimitako-seijin/,1
mimutan,mimutan,https://nhentai.net/tag/mimutan/,2
mina narive,mina-narive,https://nhentai.net/tag/mina-narive/,1
minagi rei,minagi-rei,https://nhentai.net/tag/minagi-rei/,1
minami haruko,minami-haruko,https://nhentai.net/tag/minami-haruko/,2
minami shizu,minami-shizu,https://nhentai.net/tag/minami-shizu/,1
minamo duki,minamo-duki,https://nhentai.net/tag/minamo-duki/,3
minamo ruri,minamo-ruri,https://nhentai.net/tag/minamo-ruri/,3
minamori noeru,minamori-noeru,https://nhentai.net/tag/minamori-noeru/,1
minasa,minasa,https://nhentai.net/tag/minasa/,1
minato mirai,minato-mirai,https://nhentai.net/tag/minato-mirai/,1
minatozuki nacht,minatozuki-nacht,https://nhentai.net/tag/minatozuki-nacht/,1
mind break,mind-break,https://nhentai.net/tag/mind-break/,20882
mind control,mind-control,https://nhentai.net/tag/mind-control/,22717
mine mura,mine-mura,https://nhentai.net/tag/mine-mura/,36
minekami aya,minekami-aya,https://nhentai.net/tag/minekami-aya/,3
mineyuki juren,mineyuki-juren,https://nhentai.net/tag/mineyuki-juren/,1
minigirl,minigirl,https://nhentai.net/tag/minigirl/,1142
miniguy,miniguy,https://nhentai.net/tag/miniguy/,2040
minotaur,minotaur,https://nhentai.net/tag/minotaur/,221
minx,minx,https://nhentai.net/tag/minx/,1
minya.,minya,https://nhentai.net/tag/minya/,1
mio camp,mio-camp,https://nhentai.net/tag/mio-camp/,5
mio mio mio,mio-mio-mio,https://nhentai.net/tag/mio-mio-mio/,5
miohasu,miohasu,https://nhentai.net/tag/miohasu/,2
mirabel aalton,mirabel-aalton,https://nhentai.net/tag/mirabel-aalton/,1
mirai sentai timeranger,mirai-sentai-timeranger,https://nhentai.net/tag/mirai-sentai-timeranger/,1
mirrorwu,mirrorwu,https://nhentai.net/tag/mirrorwu/,6
mirudora,mirudora,https://nhentai.net/tag/mirudora/,1
miruhorucho,miruhorucho,https://nhentai.net/tag/miruhorucho/,1
miruki amauri,miruki-amauri,https://nhentai.net/tag/miruki-amauri/,1
misakitou,misakitou,https://nhentai.net/tag/misakitou/,39
misc,misc,https://nhentai.net/tag/misc/,84
misekiss,misekiss,https://nhentai.net/tag/misekiss/,1
miso katsu oden,miso-katsu-oden,https://nhentai.net/tag/miso-katsu-oden/,2
miso tanuki inka teitoku,miso-tanuki-inka-teitoku,https://nhentai.net/tag/miso-tanuki-inka-teitoku/,2
misoji company,misoji-company,https://nhentai.net/tag/misoji-company/,1
misoka,misoka,https://nhentai.net/tag/misoka/,1
missing cover,missing-cover,https://nhentai.net/tag/missing-cover/,664
misstta,misstta,https://nhentai.net/tag/misstta/,1
mistressmiko,mistressmiko,https://nhentai.net/tag/mistressmiko/,2
misuke,misuke,https://nhentai.net/tag/misuke/,3
misuzu gundou,misuzu-gundou,https://nhentai.net/tag/misuzu-gundou/,1
mitari gakuen,mitari-gakuen,https://nhentai.net/tag/mitari-gakuen/,2
mito mitsukuni,mito-mitsukuni,https://nhentai.net/tag/mito-mitsukuni/,1
mitsuhide rouen,mitsuhide-rouen,https://nhentai.net/tag/mitsuhide-rouen/,1
mitsui ame,mitsui-ame,https://nhentai.net/tag/mitsui-ame/,2
mitsumitsumittsu,mitsumitsumittsu,https://nhentai.net/tag/mitsumitsumittsu/,4
mitsumura hachi,mitsumura-hachi,https://nhentai.net/tag/mitsumura-hachi/,2
mitsutaka,mitsutaka,https://nhentai.net/tag/mitsutaka/,2
miura koudai,miura-koudai,https://nhentai.net/tag/miura-koudai/,3
mix meisei story,mix-meisei-story,https://nhentai.net/tag/mix-meisei-story/,1
miya sousaki,miya-sousaki,https://nhentai.net/tag/miya-sousaki/,1
miyabin,miyabin,https://nhentai.net/tag/miyabin/,1
miyahama ryou,miyahama-ryou,https://nhentai.net/tag/miyahama-ryou/,1
miyako tsukiyuki,miyako-tsukiyuki,https://nhentai.net/tag/miyako-tsukiyuki/,2
miyamaru,miyamaru,https://nhentai.net/tag/miyamaru/,2
miyamon,miyamon,https://nhentai.net/tag/miyamon/,1
miyamoto smoke,miyamoto-smoke,https://nhentai.net/tag/miyamoto-smoke/,100
miyazen,miyazen,https://nhentai.net/tag/miyazen/,7
miyoshi shiomi,miyoshi-shiomi,https://nhentai.net/tag/miyoshi-shiomi/,4
miyuki shiratori,miyuki-shiratori,https://nhentai.net/tag/miyuki-shiratori/,1
miyuri yukari,miyuri-yukari,https://nhentai.net/tag/miyuri-yukari/,1
mizudeppou,mizudeppou,https://nhentai.net/tag/mizudeppou/,2
mizuhara chitose,mizuhara-chitose,https://nhentai.net/tag/mizuhara-chitose/,1
mizuhara you,mizuhara-you,https://nhentai.net/tag/mizuhara-you/,1
mizuhara zakuro,mizuhara-zakuro,https://nhentai.net/tag/mizuhara-zakuro/,1
mizuiro,mizuiro,https://nhentai.net/tag/mizuiro/,1
mizuiro palette,mizuiro-palette,https://nhentai.net/tag/mizuiro-palette/,1
mizuiro penra,mizuiro-penra,https://nhentai.net/tag/mizuiro-penra/,1
mizukaki sango,mizukaki-sango,https://nhentai.net/tag/mizukaki-sango/,1
mizuko no pasta,mizuko-no-pasta,https://nhentai.net/tag/mizuko-no-pasta/,1
mizunoto hina,mizunoto-hina,https://nhentai.net/tag/mizunoto-hina/,5
mizusawahiro,mizusawahiro,https://nhentai.net/tag/mizusawahiro/,1
mizutamari no uta,mizutamari-no-uta,https://nhentai.net/tag/mizutamari-no-uta/,1
mizuumi,mizuumi,https://nhentai.net/tag/mizuumi/,2
mlt sato,mlt-sato,https://nhentai.net/tag/mlt-sato/,2
mmchair,mmchair,https://nhentai.net/tag/mmchair/,8
mmf threesome,mmf-threesome,https://nhentai.net/tag/mmf-threesome/,19443
mmm threesome,mmm-threesome,https://nhentai.net/tag/mmm-threesome/,1210
mmt threesome,mmt-threesome,https://nhentai.net/tag/mmt-threesome/,155
mobu oji haken kaisha,mobu-oji-haken-kaisha,https://nhentai.net/tag/mobu-oji-haken-kaisha/,1
mochapon,mochapon,https://nhentai.net/tag/mochapon/,1
mochichimaru,mochichimaru,https://nhentai.net/tag/mochichimaru/,2
mochida,mochida,https://nhentai.net/tag/mochida/,1
mochimochi yusaku,mochimochi-yusaku,https://nhentai.net/tag/mochimochi-yusaku/,1
mochimochiwawa,mochimochiwawa,https://nhentai.net/tag/mochimochiwawa/,2
mochimugi,mochimugi,https://nhentai.net/tag/mochimugi/,2
mochinchi,mochinchi,https://nhentai.net/tag/mochinchi/,1
mochini,mochini,https://nhentai.net/tag/mochini/,1
mochisaka mitsuki,mochisaka-mitsuki,https://nhentai.net/tag/mochisaka-mitsuki/,2
mochiume,mochiume,https://nhentai.net/tag/mochiume/,1
moegi oji-san,moegi-oji-san,https://nhentai.net/tag/moegi-oji-san/,6
mofuaki,mofuaki,https://nhentai.net/tag/mofuaki/,1
moheji,moheji,https://nhentai.net/tag/moheji/,11
moji ecchi-san,moji-ecchi-san,https://nhentai.net/tag/moji-ecchi-san/,2
mojibake,mojibake,https://nhentai.net/tag/mojibake/,1
mojihee,mojihee,https://nhentai.net/tag/mojihee/,1
mokataki,mokataki,https://nhentai.net/tag/mokataki/,10
mokawa,mokawa,https://nhentai.net/tag/mokawa/,1
mokkindou,mokkindou,https://nhentai.net/tag/mokkindou/,1
mokko,mokko,https://nhentai.net/tag/mokko/,2
mokkorihan,mokkorihan,https://nhentai.net/tag/mokkorihan/,8
mokomaru fisheries,mokomaru-fisheries,https://nhentai.net/tag/mokomaru-fisheries/,1
molttak,molttak,https://nhentai.net/tag/molttak/,2
momatou,momatou,https://nhentai.net/tag/momatou/,4
momendoufu,momendoufu,https://nhentai.net/tag/momendoufu/,1
momi-san,momi-san,https://nhentai.net/tag/momi-san/,1
momiji mimo,momiji-mimo,https://nhentai.net/tag/momiji-mimo/,4
mommeya,mommeya,https://nhentai.net/tag/mommeya/,1
momo nishimiya,momo-nishimiya,https://nhentai.net/tag/momo-nishimiya/,1
momo no kerimichi,momo-no-kerimichi,https://nhentai.net/tag/momo-no-kerimichi/,1
momoen,momoen,https://nhentai.net/tag/momoen/,1
momohara,momohara,https://nhentai.net/tag/momohara/,1
momohito hanazono,momohito-hanazono,https://nhentai.net/tag/momohito-hanazono/,2
momoi kawaii ne,momoi-kawaii-ne,https://nhentai.net/tag/momoi-kawaii-ne/,1
momoiro chocolate,momoiro-chocolate,https://nhentai.net/tag/momoiro-chocolate/,1
momoiro kaeru koushi,momoiro-kaeru-koushi,https://nhentai.net/tag/momoiro-kaeru-koushi/,1
momomo doumei,momomo-doumei,https://nhentai.net/tag/momomo-doumei/,1
momomo gasshuukoku,momomo-gasshuukoku,https://nhentai.net/tag/momomo-gasshuukoku/,4
momono pepe,momono-pepe,https://nhentai.net/tag/momono-pepe/,2
momonomi yuki,momonomi-yuki,https://nhentai.net/tag/momonomi-yuki/,1
momorio,momorio,https://nhentai.net/tag/momorio/,1
momoroco,momoroco,https://nhentai.net/tag/momoroco/,10
momoroko-goya,momoroko-goya,https://nhentai.net/tag/momoroko-goya/,1
momota tetsu,momota-tetsu,https://nhentai.net/tag/momota-tetsu/,1
momoto,momoto,https://nhentai.net/tag/momoto/,2
momoya,momoya,https://nhentai.net/tag/momoya/,1
momoyamahato,momoyamahato,https://nhentai.net/tag/momoyamahato/,1
mon,mon,https://nhentai.net/tag/mon/,2
mon3tre,mon3tre,https://nhentai.net/tag/mon3tre/,4
monaka coji,monaka-coji,https://nhentai.net/tag/monaka-coji/,3
monaka doumei,monaka-doumei,https://nhentai.net/tag/monaka-doumei/,1
monimonimo,monimonimo,https://nhentai.net/tag/monimonimo/,1
monkey,monkey,https://nhentai.net/tag/monkey/,166
monkey boy,monkey-boy,https://nhentai.net/tag/monkey-boy/,20
monkey girl,monkey-girl,https://nhentai.net/tag/monkey-girl/,24
monoeye,monoeye,https://nhentai.net/tag/monoeye/,139
monohoshi,monohoshi,https://nhentai.net/tag/monohoshi/,1
monooji ojisan,monooji-ojisan,https://nhentai.net/tag/monooji-ojisan/,1
monose,monose,https://nhentai.net/tag/monose/,1
monster,monster,https://nhentai.net/tag/monster/,7774
monster girl,monster-girl,https://nhentai.net/tag/monster-girl/,6359
monster ken,monster-ken,https://nhentai.net/tag/monster-ken/,1
montana,montana,https://nhentai.net/tag/montana/,1
moodeter,moodeter,https://nhentai.net/tag/moodeter/,1
moomoomilk,moomoomilk,https://nhentai.net/tag/moomoomilk/,1
moonlight epicurian,moonlight-epicurian,https://nhentai.net/tag/moonlight-epicurian/,1
moonlight laboratory,moonlight-laboratory,https://nhentai.net/tag/moonlight-laboratory/,1
moral degeneration,moral-degeneration,https://nhentai.net/tag/moral-degeneration/,2244
morimori kissaten,morimori-kissaten,https://nhentai.net/tag/morimori-kissaten/,1
morimoriya,morimoriya,https://nhentai.net/tag/morimoriya/,1
morita arms development,morita-arms-development,https://nhentai.net/tag/morita-arms-development/,2
moritama,moritama,https://nhentai.net/tag/moritama/,2
moriyama inu,moriyama-inu,https://nhentai.net/tag/moriyama-inu/,1
moriyama moka,moriyama-moka,https://nhentai.net/tag/moriyama-moka/,1
moriyama tarutaru,moriyama-tarutaru,https://nhentai.net/tag/moriyama-tarutaru/,1
morohito otogi,morohito-otogi,https://nhentai.net/tag/morohito-otogi/,1
morokochiffon cake,morokochiffon-cake,https://nhentai.net/tag/morokochiffon-cake/,2
mosaic censorship,mosaic-censorship,https://nhentai.net/tag/mosaic-censorship/,61395
mosoya,mosoya,https://nhentai.net/tag/mosoya/,1
motemote life,motemote-life,https://nhentai.net/tag/motemote-life/,1
mother,mother,https://nhentai.net/tag/mother/,16349
motochi sora,motochi-sora,https://nhentai.net/tag/motochi-sora/,1
motomu tsukinaga,motomu-tsukinaga,https://nhentai.net/tag/motomu-tsukinaga/,1
mou dame po,mou-dame-po,https://nhentai.net/tag/mou-dame-po/,1
mouja,mouja,https://nhentai.net/tag/mouja/,3
mouno,mouno,https://nhentai.net/tag/mouno/,1
mouri toushirou,mouri-toushirou,https://nhentai.net/tag/mouri-toushirou/,1
mouse,mouse,https://nhentai.net/tag/mouse/,4
mouse boy,mouse-boy,https://nhentai.net/tag/mouse-boy/,13
mouse girl,mouse-girl,https://nhentai.net/tag/mouse-girl/,370
mousou zangi,mousou-zangi,https://nhentai.net/tag/mousou-zangi/,2
mouth mask,mouth-mask,https://nhentai.net/tag/mouth-mask/,2239
mr. bobo,mr-bobo,https://nhentai.net/tag/mr-bobo/,1
mr kurz,mr-kurz,https://nhentai.net/tag/mr-kurz/,5
mt.sea,mt-sea,https://nhentai.net/tag/mt-sea/,1
mt.sushi,mt-sushi,https://nhentai.net/tag/mt-sushi/,1
mten,mten,https://nhentai.net/tag/mten/,1
mtf threesome,mtf-threesome,https://nhentai.net/tag/mtf-threesome/,683
muchimuchioume,muchimuchioume,https://nhentai.net/tag/muchimuchioume/,1
muchuu yakou,muchuu-yakou,https://nhentai.net/tag/muchuu-yakou/,9
mudabone,mudabone,https://nhentai.net/tag/mudabone/,1
mugai,mugai,https://nhentai.net/tag/mugai/,2
mugen kouya,mugen-kouya,https://nhentai.net/tag/mugen-kouya/,4
mugen murasaki,mugen-murasaki,https://nhentai.net/tag/mugen-murasaki/,1
mugishibori,mugishibori,https://nhentai.net/tag/mugishibori/,13
mukakin,mukakin,https://nhentai.net/tag/mukakin/,1
mukei bunka zaidan,mukei-bunka-zaidan,https://nhentai.net/tag/mukei-bunka-zaidan/,3
mukimoto koko,mukimoto-koko,https://nhentai.net/tag/mukimoto-koko/,1
mulberry,mulberry,https://nhentai.net/tag/mulberry/,1
mult-work series,mult-work-series,https://nhentai.net/tag/mult-work-series/,1
multi-work series,multi-work-series,https://nhentai.net/tag/multi-work-series/,52154
multimouth blowjob,multimouth-blowjob,https://nhentai.net/tag/multimouth-blowjob/,2540
multipanel sequence,multipanel-sequence,https://nhentai.net/tag/multipanel-sequence/,604
multiple arms,multiple-arms,https://nhentai.net/tag/multiple-arms/,197
multiple assjob,multiple-assjob,https://nhentai.net/tag/multiple-assjob/,32
multiple breasts,multiple-breasts,https://nhentai.net/tag/multiple-breasts/,257
multiple footjob,multiple-footjob,https://nhentai.net/tag/multiple-footjob/,30
multiple handjob,multiple-handjob,https://nhentai.net/tag/multiple-handjob/,163
multiple nipples,multiple-nipples,https://nhentai.net/tag/multiple-nipples/,4
multiple orgasm,multiple-orgasm,https://nhentai.net/tag/multiple-orgasm/,1
multiple orgasms,multiple-orgasms,https://nhentai.net/tag/multiple-orgasms/,3469
multiple pairings,multiple-pairings,https://nhentai.net/tag/multiple-pairings/,144
multiple paizuri,multiple-paizuri,https://nhentai.net/tag/multiple-paizuri/,1431
multiple penises,multiple-penises,https://nhentai.net/tag/multiple-penises/,703
multiple straddling,multiple-straddling,https://nhentai.net/tag/multiple-straddling/,100
multiple tails,multiple-tails,https://nhentai.net/tag/multiple-tails/,173
multiple vaginas,multiple-vaginas,https://nhentai.net/tag/multiple-vaginas/,1
mumumususumu,mumumususumu,https://nhentai.net/tag/mumumususumu/,1
mura mura,mura-mura,https://nhentai.net/tag/mura-mura/,1
murai toyo,murai-toyo,https://nhentai.net/tag/murai-toyo/,7
murakami harumasa,murakami-harumasa,https://nhentai.net/tag/murakami-harumasa/,6
murasaki on,murasaki-on,https://nhentai.net/tag/murasaki-on/,2
murasaki reika,murasaki-reika,https://nhentai.net/tag/murasaki-reika/,1
murch,murch,https://nhentai.net/tag/murch/,1
muriyari,muriyari,https://nhentai.net/tag/muriyari/,1
muroi,muroi,https://nhentai.net/tag/muroi/,4
muscle,muscle,https://nhentai.net/tag/muscle/,25678
muscle family,muscle-family,https://nhentai.net/tag/muscle-family/,1
muscle growth,muscle-growth,https://nhentai.net/tag/muscle-growth/,34
musen tansaku butai,musen-tansaku-butai,https://nhentai.net/tag/musen-tansaku-butai/,1
mushipan,mushipan,https://nhentai.net/tag/mushipan/,3
mushoku muho,mushoku-muho,https://nhentai.net/tag/mushoku-muho/,2
mushypeas,mushypeas,https://nhentai.net/tag/mushypeas/,1
musicamach,musicamach,https://nhentai.net/tag/musicamach/,1
musui ethanol,musui-ethanol,https://nhentai.net/tag/musui-ethanol/,1
mute,mute,https://nhentai.net/tag/mute/,26
mutou shio,mutou-shio,https://nhentai.net/tag/mutou-shio/,1
mutsuko sakura,mutsuko-sakura,https://nhentai.net/tag/mutsuko-sakura/,1
muufa,muufa,https://nhentai.net/tag/muufa/,5
muzzle.,muzzle,https://nhentai.net/tag/muzzle/,1
my nori,my-nori,https://nhentai.net/tag/my-nori/,1
my sweet bitter,my-sweet-bitter,https://nhentai.net/tag/my-sweet-bitter/,1
mygf,mygf,https://nhentai.net/tag/mygf/,1
myon,myon,https://nhentai.net/tag/myon/,2
mysterious heroine xx,mysterious-heroine-xx,https://nhentai.net/tag/mysterious-heroine-xx/,2
myuu,myuu,https://nhentai.net/tag/myuu/,1
n katsudou,n-katsudou,https://nhentai.net/tag/n-katsudou/,3
naburokku,naburokku,https://nhentai.net/tag/naburokku/,3
nachiko,nachiko,https://nhentai.net/tag/nachiko/,1
nacl,nacl,https://nhentai.net/tag/nacl/,1
nadesico extacy,nadesico-extacy,https://nhentai.net/tag/nadesico-extacy/,1
nagahama kenji,nagahama-kenji,https://nhentai.net/tag/nagahama-kenji/,1
nagano,nagano,https://nhentai.net/tag/nagano/,2
nagano ken,nagano-ken,https://nhentai.net/tag/nagano-ken/,1
nagashima,nagashima,https://nhentai.net/tag/nagashima/,2
nagatsuki mira,nagatsuki-mira,https://nhentai.net/tag/nagatsuki-mira/,1
nagi futaba,nagi-futaba,https://nhentai.net/tag/nagi-futaba/,1
nagi tobiuo,nagi-tobiuo,https://nhentai.net/tag/nagi-tobiuo/,1
nagiri tsujigiri,nagiri-tsujigiri,https://nhentai.net/tag/nagiri-tsujigiri/,4
nagisa ran,nagisa-ran,https://nhentai.net/tag/nagisa-ran/,2
nagisa rekka,nagisa-rekka,https://nhentai.net/tag/nagisa-rekka/,1
nagomix,nagomix,https://nhentai.net/tag/nagomix/,1
nagosuzu infinity,nagosuzu-infinity,https://nhentai.net/tag/nagosuzu-infinity/,1
nagoyama,nagoyama,https://nhentai.net/tag/nagoyama/,11
naisho da.,naisho-da,https://nhentai.net/tag/naisho-da/,1
najimaarc,najimaarc,https://nhentai.net/tag/najimaarc/,1
najimaru,najimaru,https://nhentai.net/tag/najimaru/,1
naka,naka,https://nhentai.net/tag/naka/,1
nakadashi,nakadashi,https://nhentai.net/tag/nakadashi/,113047
nakagome,nakagome,https://nhentai.net/tag/nakagome/,1
nakahara mizuimo,nakahara-mizuimo,https://nhentai.net/tag/nakahara-mizuimo/,1
nakajima aika,nakajima-aika,https://nhentai.net/tag/nakajima-aika/,4
nakakazu,nakakazu,https://nhentai.net/tag/nakakazu/,1
nakakazuya,nakakazuya,https://nhentai.net/tag/nakakazuya/,1
nakamura denki,nakamura-denki,https://nhentai.net/tag/nakamura-denki/,1
nakamura kafka,nakamura-kafka,https://nhentai.net/tag/nakamura-kafka/,1
nako sir,nako-sir,https://nhentai.net/tag/nako-sir/,2
nama,nama,https://nhentai.net/tag/nama/,6
namaita,namaita,https://nhentai.net/tag/namaita/,1
namakan,namakan,https://nhentai.net/tag/namakan/,1
namakawa koala,namakawa-koala,https://nhentai.net/tag/namakawa-koala/,3
namakopie,namakopie,https://nhentai.net/tag/namakopie/,1
namaniku,namaniku,https://nhentai.net/tag/namaniku/,2
namazu chaya,namazu-chaya,https://nhentai.net/tag/namazu-chaya/,1
nami futaba,nami-futaba,https://nhentai.net/tag/nami-futaba/,1
namiitcho,namiitcho,https://nhentai.net/tag/namiitcho/,1
naminori kamome,naminori-kamome,https://nhentai.net/tag/naminori-kamome/,1
namisawa,namisawa,https://nhentai.net/tag/namisawa/,1
namishira hidane,namishira-hidane,https://nhentai.net/tag/namishira-hidane/,1
nana-g,nana-g,https://nhentai.net/tag/nana-g/,1
nanahamu,nanahamu,https://nhentai.net/tag/nanahamu/,1
nanami neru,nanami-neru,https://nhentai.net/tag/nanami-neru/,1
nananashita,nananashita,https://nhentai.net/tag/nananashita/,1
nananto,nananto,https://nhentai.net/tag/nananto/,1
nanao rion,nanao-rion,https://nhentai.net/tag/nanao-rion/,1
nanaoki,nanaoki,https://nhentai.net/tag/nanaoki/,1
nanasao,nanasao,https://nhentai.net/tag/nanasao/,1
nanase sese,nanase-sese,https://nhentai.net/tag/nanase-sese/,5
nanashi no hitsuji,nanashi-no-hitsuji,https://nhentai.net/tag/nanashi-no-hitsuji/,1
nanaya,nanaya,https://nhentai.net/tag/nanaya/,1
nano trans,nano-trans,https://nhentai.net/tag/nano-trans/,1
nanohito,nanohito,https://nhentai.net/tag/nanohito/,2
nanoka kota,nanoka-kota,https://nhentai.net/tag/nanoka-kota/,1
nanoko,nanoko,https://nhentai.net/tag/nanoko/,1
nanonepio,nanonepio,https://nhentai.net/tag/nanonepio/,1
nanquanzl,nanquanzl,https://nhentai.net/tag/nanquanzl/,1
nantokanare,nantokanare,https://nhentai.net/tag/nantokanare/,1
naoki honda,naoki-honda,https://nhentai.net/tag/naoki-honda/,1
naomasa sakuya,naomasa-sakuya,https://nhentai.net/tag/naomasa-sakuya/,1
nappa kaine,nappa-kaine,https://nhentai.net/tag/nappa-kaine/,1
naru din,naru-din,https://nhentai.net/tag/naru-din/,1
narumieru,narumieru,https://nhentai.net/tag/narumieru/,3
naruo,naruo,https://nhentai.net/tag/naruo/,1
nas-pal-las,nas-pal-las,https://nhentai.net/tag/nas-pal-las/,1
nasubin,nasubin,https://nhentai.net/tag/nasubin/,2
nata de koko sarada,nata-de-koko-sarada,https://nhentai.net/tag/nata-de-koko-sarada/,1
natsu mikan,natsu-mikan,https://nhentai.net/tag/natsu-mikan/,1
natsukawa kagari,natsukawa-kagari,https://nhentai.net/tag/natsukawa-kagari/,1
natsuki shinobu,natsuki-shinobu,https://nhentai.net/tag/natsuki-shinobu/,1
natsume yochiki,natsume-yochiki,https://nhentai.net/tag/natsume-yochiki/,2
natsuna tsunatsu,natsuna-tsunatsu,https://nhentai.net/tag/natsuna-tsunatsu/,1
natsuru ataru,natsuru-ataru,https://nhentai.net/tag/natsuru-ataru/,1
natto shiruko,natto-shiruko,https://nhentai.net/tag/natto-shiruko/,1
natuduki syou,natuduki-syou,https://nhentai.net/tag/natuduki-syou/,1
natuya unchou,natuya-unchou,https://nhentai.net/tag/natuya-unchou/,1
nauvvii,nauvvii,https://nhentai.net/tag/nauvvii/,1
navel birth,navel-birth,https://nhentai.net/tag/navel-birth/,16
navel fuck,navel-fuck,https://nhentai.net/tag/navel-fuck/,350
nazi,nazi,https://nhentai.net/tag/nazi/,52
nazono,nazono,https://nhentai.net/tag/nazono/,1
nboimaru,nboimaru,https://nhentai.net/tag/nboimaru/,1
necosystem,necosystem,https://nhentai.net/tag/necosystem/,1
necrophilia,necrophilia,https://nhentai.net/tag/necrophilia/,663
nedokoro mitsuki,nedokoro-mitsuki,https://nhentai.net/tag/nedokoro-mitsuki/,3
nedosim,nedosim,https://nhentai.net/tag/nedosim/,2
needssox,needssox,https://nhentai.net/tag/needssox/,1
negotoneko,negotoneko,https://nhentai.net/tag/negotoneko/,1
neia baraja,neia-baraja,https://nhentai.net/tag/neia-baraja/,1
nejirin,nejirin,https://nhentai.net/tag/nejirin/,1
neko no tendon,neko-no-tendon,https://nhentai.net/tag/neko-no-tendon/,1
neko pan,neko-pan,https://nhentai.net/tag/neko-pan/,1
neko plus,neko-plus,https://nhentai.net/tag/neko-plus/,1
neko to sake,neko-to-sake,https://nhentai.net/tag/neko-to-sake/,1
nekokoyoshi,nekokoyoshi,https://nhentai.net/tag/nekokoyoshi/,1
nekokyun,nekokyun,https://nhentai.net/tag/nekokyun/,2
nekome koi,nekome-koi,https://nhentai.net/tag/nekome-koi/,1
nekomomo kissakan,nekomomo-kissakan,https://nhentai.net/tag/nekomomo-kissakan/,1
nekomune,nekomune,https://nhentai.net/tag/nekomune/,1
nekoniku,nekoniku,https://nhentai.net/tag/nekoniku/,1
nekoniku shake,nekoniku-shake,https://nhentai.net/tag/nekoniku-shake/,5
nekookaji sikoru,nekookaji-sikoru,https://nhentai.net/tag/nekookaji-sikoru/,1
nekoruna nekona,nekoruna-nekona,https://nhentai.net/tag/nekoruna-nekona/,1
nekoyama service,nekoyama-service,https://nhentai.net/tag/nekoyama-service/,1
nelluru,nelluru,https://nhentai.net/tag/nelluru/,1
neo tokugawake,neo-tokugawake,https://nhentai.net/tag/neo-tokugawake/,1
neon.,neon,https://nhentai.net/tag/neon/,1
nephila,nephila,https://nhentai.net/tag/nephila/,1
nerikiri,nerikiri,https://nhentai.net/tag/nerikiri/,1
nerima aki,nerima-aki,https://nhentai.net/tag/nerima-aki/,1
nero tarou.,nero-tarou,https://nhentai.net/tag/nero-tarou/,1
neru okiru,neru-okiru,https://nhentai.net/tag/neru-okiru/,1
nerumesian,nerumesian,https://nhentai.net/tag/nerumesian/,1
neruneru 7mm,neruneru-7mm,https://nhentai.net/tag/neruneru-7mm/,1
nestkeeper,nestkeeper,https://nhentai.net/tag/nestkeeper/,2
netorare,netorare,https://nhentai.net/tag/netorare/,39359
netorase,netorase,https://nhentai.net/tag/netorase/,1481
next episode,next-episode,https://nhentai.net/tag/next-episode/,1
nexton,nexton,https://nhentai.net/tag/nexton/,1
nezumi no haha,nezumi-no-haha,https://nhentai.net/tag/nezumi-no-haha/,1
nezumichiru,nezumichiru,https://nhentai.net/tag/nezumichiru/,2
nf-freak,nf-freak,https://nhentai.net/tag/nf-freak/,1
ngu,ngu,https://nhentai.net/tag/ngu/,1
nic,nic,https://nhentai.net/tag/nic/,1
nicho,nicho,https://nhentai.net/tag/nicho/,1
nico wakatsuki,nico-wakatsuki,https://nhentai.net/tag/nico-wakatsuki/,1
nicola keydoor,nicola-keydoor,https://nhentai.net/tag/nicola-keydoor/,1
nicolai no yome,nicolai-no-yome,https://nhentai.net/tag/nicolai-no-yome/,1
nidouma,nidouma,https://nhentai.net/tag/nidouma/,2
niece,niece,https://nhentai.net/tag/niece/,1894
nieta mago,nieta-mago,https://nhentai.net/tag/nieta-mago/,2
night watch,night-watch,https://nhentai.net/tag/night-watch/,1
nihon brain-tou,nihon-brain-tou,https://nhentai.net/tag/nihon-brain-tou/,1
nihontsuno,nihontsuno,https://nhentai.net/tag/nihontsuno/,1
niiruma no koya,niiruma-no-koya,https://nhentai.net/tag/niiruma-no-koya/,1
nijihashi sora,nijihashi-sora,https://nhentai.net/tag/nijihashi-sora/,1
nijiiro wagon,nijiiro-wagon,https://nhentai.net/tag/nijiiro-wagon/,1
nijimaarc,nijimaarc,https://nhentai.net/tag/nijimaarc/,3
nijimaru,nijimaru,https://nhentai.net/tag/nijimaru/,3
nijisanji,nijisanji,https://nhentai.net/tag/nijisanji/,129
nikuju,nikuju,https://nhentai.net/tag/nikuju/,1
nikujuu,nikujuu,https://nhentai.net/tag/nikujuu/,15
nikumayadorodou,nikumayadorodou,https://nhentai.net/tag/nikumayadorodou/,1
nikushoku kurari,nikushoku-kurari,https://nhentai.net/tag/nikushoku-kurari/,1
ningen no sei,ningen-no-sei,https://nhentai.net/tag/ningen-no-sei/,2
ningyo no mori,ningyo-no-mori,https://nhentai.net/tag/ningyo-no-mori/,1
ninja,ninja,https://nhentai.net/tag/ninja/,248
ninomae,ninomae,https://nhentai.net/tag/ninomae/,3
nintai akira,nintai-akira,https://nhentai.net/tag/nintai-akira/,1
nipple birth,nipple-birth,https://nhentai.net/tag/nipple-birth/,145
nipple expansion,nipple-expansion,https://nhentai.net/tag/nipple-expansion/,305
nipple fuck,nipple-fuck,https://nhentai.net/tag/nipple-fuck/,3138
nipple piercing,nipple-piercing,https://nhentai.net/tag/nipple-piercing/,1735
nipple stimulation,nipple-stimulation,https://nhentai.net/tag/nipple-stimulation/,8722
nishi yasuaki,nishi-yasuaki,https://nhentai.net/tag/nishi-yasuaki/,3
nishieda kinoe,nishieda-kinoe,https://nhentai.net/tag/nishieda-kinoe/,1
nishikasai muni,nishikasai-muni,https://nhentai.net/tag/nishikasai-muni/,1
nishikasai munieru,nishikasai-munieru,https://nhentai.net/tag/nishikasai-munieru/,1
nishiki ai,nishiki-ai,https://nhentai.net/tag/nishiki-ai/,2
nishiki yutaka,nishiki-yutaka,https://nhentai.net/tag/nishiki-yutaka/,1
nito,nito,https://nhentai.net/tag/nito/,1
nitohen,nitohen,https://nhentai.net/tag/nitohen/,1
nitouhen,nitouhen,https://nhentai.net/tag/nitouhen/,2
niwaka ame,niwaka-ame,https://nhentai.net/tag/niwaka-ame/,1
niwaka daimyou,niwaka-daimyou,https://nhentai.net/tag/niwaka-daimyou/,3
niya amachi,niya-amachi,https://nhentai.net/tag/niya-amachi/,2
nnt,nnt,https://nhentai.net/tag/nnt/,1
no.7,no-7,https://nhentai.net/tag/no-7/,1
no alarm,no-alarm,https://nhentai.net/tag/no-alarm/,1
no balls,no-balls,https://nhentai.net/tag/no-balls/,5
no maru no maru,no-maru-no-maru,https://nhentai.net/tag/no-maru-no-maru/,1
no penetration,no-penetration,https://nhentai.net/tag/no-penetration/,8828
no tengo nada,no-tengo-nada,https://nhentai.net/tag/no-tengo-nada/,2
nobiruko,nobiruko,https://nhentai.net/tag/nobiruko/,1
noconchan,noconchan,https://nhentai.net/tag/noconchan/,3
nodachi,nodachi,https://nhentai.net/tag/nodachi/,3
nodo,nodo,https://nhentai.net/tag/nodo/,1
nodokanasatoyama,nodokanasatoyama,https://nhentai.net/tag/nodokanasatoyama/,1
nofi,nofi,https://nhentai.net/tag/nofi/,10
noilpoisoncat,noilpoisoncat,https://nhentai.net/tag/noilpoisoncat/,2
nokemon,nokemon,https://nhentai.net/tag/nokemon/,1
nokoshi,nokoshi,https://nhentai.net/tag/nokoshi/,1
nomad joe,nomad-joe,https://nhentai.net/tag/nomad-joe/,1
nomiki,nomiki,https://nhentai.net/tag/nomiki/,3
non-h,non-h,https://nhentai.net/tag/non-h/,707
non-h game manual,non-h-game-manual,https://nhentai.net/tag/non-h-game-manual/,1
non-h imageset,non-h-imageset,https://nhentai.net/tag/non-h-imageset/,41
non-nude,non-nude,https://nhentai.net/tag/non-nude/,8
nongnong,nongnong,https://nhentai.net/tag/nongnong/,1
nonoma rui,nonoma-rui,https://nhentai.net/tag/nonoma-rui/,1
nonomiya,nonomiya,https://nhentai.net/tag/nonomiya/,2
nontaro nonjiro,nontaro-nonjiro,https://nhentai.net/tag/nontaro-nonjiro/,3
noraneko nicole,noraneko-nicole,https://nhentai.net/tag/noraneko-nicole/,2
noriko tengoku,noriko-tengoku,https://nhentai.net/tag/noriko-tengoku/,1
norino,norino,https://nhentai.net/tag/norino/,1
norisuke,norisuke,https://nhentai.net/tag/norisuke/,1
noriuma,noriuma,https://nhentai.net/tag/noriuma/,4
northernrf,northernrf,https://nhentai.net/tag/northernrf/,1
nose fuck,nose-fuck,https://nhentai.net/tag/nose-fuck/,141
nose hook,nose-hook,https://nhentai.net/tag/nose-hook/,1811
noshi-ya,noshi-ya,https://nhentai.net/tag/noshi-ya/,1
nou,nou,https://nhentai.net/tag/nou/,1
noumiso kaimentai,noumiso-kaimentai,https://nhentai.net/tag/noumiso-kaimentai/,1
nova disaster,nova-disaster,https://nhentai.net/tag/nova-disaster/,1
nozora yuzu,nozora-yuzu,https://nhentai.net/tag/nozora-yuzu/,1
nude male clothed female,nude-male-clothed-female,https://nhentai.net/tag/nude-male-clothed-female/,2
nudism,nudism,https://nhentai.net/tag/nudism/,119
nudism idiots,nudism-idiots,https://nhentai.net/tag/nudism-idiots/,1
nudity only,nudity-only,https://nhentai.net/tag/nudity-only/,1289
nuka,nuka,https://nhentai.net/tag/nuka/,1
nukeru,nukeru,https://nhentai.net/tag/nukeru/,1
nukuida chihiro,nukuida-chihiro,https://nhentai.net/tag/nukuida-chihiro/,1
nukunuku nijyouhan,nukunuku-nijyouhan,https://nhentai.net/tag/nukunuku-nijyouhan/,1
numasaka seisaku,numasaka-seisaku,https://nhentai.net/tag/numasaka-seisaku/,4
numata shizumu,numata-shizumu,https://nhentai.net/tag/numata-shizumu/,2
nun,nun,https://nhentai.net/tag/nun/,4187
nurse,nurse,https://nhentai.net/tag/nurse/,5003
nurufu,nurufu,https://nhentai.net/tag/nurufu/,1
nurugai,nurugai,https://nhentai.net/tag/nurugai/,1
nurunuru daijin,nurunuru-daijin,https://nhentai.net/tag/nurunuru-daijin/,1
nya-tan,nya-tan,https://nhentai.net/tag/nya-tan/,1
nyaa no esa,nyaa-no-esa,https://nhentai.net/tag/nyaa-no-esa/,1
nyama,nyama,https://nhentai.net/tag/nyama/,11
nyamome,nyamome,https://nhentai.net/tag/nyamome/,1
nyamu yutenji,nyamu-yutenji,https://nhentai.net/tag/nyamu-yutenji/,1
nyan dorosei,nyan-dorosei,https://nhentai.net/tag/nyan-dorosei/,1
nyanpunikai,nyanpunikai,https://nhentai.net/tag/nyanpunikai/,1
nyantomo,nyantomo,https://nhentai.net/tag/nyantomo/,1
nyotaika,nyotaika,https://nhentai.net/tag/nyotaika/,1
nyowawa,nyowawa,https://nhentai.net/tag/nyowawa/,8
oasis,oasis,https://nhentai.net/tag/oasis/,1
oat and meal,oat-and-meal,https://nhentai.net/tag/oat-and-meal/,4
oat meal,oat-meal,https://nhentai.net/tag/oat-meal/,2
object insertion only,object-insertion-only,https://nhentai.net/tag/object-insertion-only/,196
obonjour,obonjour,https://nhentai.net/tag/obonjour/,20
och4suke,och4suke,https://nhentai.net/tag/och4suke/,1
ochi,ochi,https://nhentai.net/tag/ochi/,1
ochichio,ochichio,https://nhentai.net/tag/ochichio/,3
ocita micawa,ocita-micawa,https://nhentai.net/tag/ocita-micawa/,1
octopus,octopus,https://nhentai.net/tag/octopus/,252
octopusmania,octopusmania,https://nhentai.net/tag/octopusmania/,2
odeko collection,odeko-collection,https://nhentai.net/tag/odeko-collection/,1
oekaki ojisan,oekaki-ojisan,https://nhentai.net/tag/oekaki-ojisan/,5
ofudon ayu,ofudon-ayu,https://nhentai.net/tag/ofudon-ayu/,1
ogata yuu,ogata-yuu,https://nhentai.net/tag/ogata-yuu/,5
ogi sifer,ogi-sifer,https://nhentai.net/tag/ogi-sifer/,1
ogura souko,ogura-souko,https://nhentai.net/tag/ogura-souko/,1
ogyu,ogyu,https://nhentai.net/tag/ogyu/,3
ohtoku welles,ohtoku-welles,https://nhentai.net/tag/ohtoku-welles/,1
oideyo shikonayo no mori,oideyo-shikonayo-no-mori,https://nhentai.net/tag/oideyo-shikonayo-no-mori/,1
oikawa,oikawa,https://nhentai.net/tag/oikawa/,2
oil,oil,https://nhentai.net/tag/oil/,815
oimomelon,oimomelon,https://nhentai.net/tag/oimomelon/,1
oinari sun,oinari-sun,https://nhentai.net/tag/oinari-sun/,1
oinu,oinu,https://nhentai.net/tag/oinu/,2
oishii oshiri,oishii-oshiri,https://nhentai.net/tag/oishii-oshiri/,1
oishii oshiri cafe,oishii-oshiri-cafe,https://nhentai.net/tag/oishii-oshiri-cafe/,1
oishinbo,oishinbo,https://nhentai.net/tag/oishinbo/,1
ojarumaru,ojarumaru,https://nhentai.net/tag/ojarumaru/,1
ojitama,ojitama,https://nhentai.net/tag/ojitama/,1
okadaya tetuzoh,okadaya-tetuzoh,https://nhentai.net/tag/okadaya-tetuzoh/,1
okamoto nyohei,okamoto-nyohei,https://nhentai.net/tag/okamoto-nyohei/,2
oke-tarai,oke-tarai,https://nhentai.net/tag/oke-tarai/,1
okeido,okeido,https://nhentai.net/tag/okeido/,1
okemaruta,okemaruta,https://nhentai.net/tag/okemaruta/,3
okibari yasu,okibari-yasu,https://nhentai.net/tag/okibari-yasu/,1
okinawa de suki ni natta ko ga hougen sugite tsura sugiru,okinawa-de-suki-ni-natta-ko-ga-hougen-sugite-tsura-sugiru,https://nhentai.net/tag/okinawa-de-suki-ni-natta-ko-ga-hougen-sugite-tsura-sugiru/,1
okiraku,okiraku,https://nhentai.net/tag/okiraku/,1
okometaroo,okometaroo,https://nhentai.net/tag/okometaroo/,1
okugai.,okugai,https://nhentai.net/tag/okugai/,1
okuoku,okuoku,https://nhentai.net/tag/okuoku/,1
okuribidokei,okuribidokei,https://nhentai.net/tag/okuribidokei/,1
okusaka maeue,okusaka-maeue,https://nhentai.net/tag/okusaka-maeue/,1
okushima izumo,okushima-izumo,https://nhentai.net/tag/okushima-izumo/,4
ol shinkaron,ol-shinkaron,https://nhentai.net/tag/ol-shinkaron/,1
old lady,old-lady,https://nhentai.net/tag/old-lady/,454
old man,old-man,https://nhentai.net/tag/old-man/,4940
oman koijirou,oman-koijirou,https://nhentai.net/tag/oman-koijirou/,1
omaru sensen,omaru-sensen,https://nhentai.net/tag/omaru-sensen/,1
omnipotence,omnipotence,https://nhentai.net/tag/omnipotence/,1
omochi nabe,omochi-nabe,https://nhentai.net/tag/omochi-nabe/,4
omorashi,omorashi,https://nhentai.net/tag/omorashi/,960
omu,omu,https://nhentai.net/tag/omu/,1
omu omurice,omu-omurice,https://nhentai.net/tag/omu-omurice/,1
onahole,onahole,https://nhentai.net/tag/onahole/,2128
onaka pants koubou,onaka-pants-koubou,https://nhentai.net/tag/onaka-pants-koubou/,1
onakin data land,onakin-data-land,https://nhentai.net/tag/onakin-data-land/,1
ondoreanko mochi,ondoreanko-mochi,https://nhentai.net/tag/ondoreanko-mochi/,1
one hound red,one-hound-red,https://nhentai.net/tag/one-hound-red/,6
oni,oni,https://nhentai.net/tag/oni/,3285
onibi,onibi,https://nhentai.net/tag/onibi/,4
onibi kuudan,onibi-kuudan,https://nhentai.net/tag/onibi-kuudan/,2
onigiri manmosu shoukai,onigiri-manmosu-shoukai,https://nhentai.net/tag/onigiri-manmosu-shoukai/,1
onigunsow,onigunsow,https://nhentai.net/tag/onigunsow/,1
onii-chan wa oshimai,onii-chan-wa-oshimai,https://nhentai.net/tag/onii-chan-wa-oshimai/,2
oniku ga tabetai gozen niji,oniku-ga-tabetai-gozen-niji,https://nhentai.net/tag/oniku-ga-tabetai-gozen-niji/,2
onikuya,onikuya,https://nhentai.net/tag/onikuya/,3
onimoku namida,onimoku-namida,https://nhentai.net/tag/onimoku-namida/,2
onisari,onisari,https://nhentai.net/tag/onisari/,1
onizuka,onizuka,https://nhentai.net/tag/onizuka/,5
onizuka burger,onizuka-burger,https://nhentai.net/tag/onizuka-burger/,2
onobori mameta,onobori-mameta,https://nhentai.net/tag/onobori-mameta/,2
onome shin,onome-shin,https://nhentai.net/tag/onome-shin/,1
onp,onp,https://nhentai.net/tag/onp/,2
onsen,onsen,https://nhentai.net/tag/onsen/,415
onsen panda,onsen-panda,https://nhentai.net/tag/onsen-panda/,1
onuj2,onuj2,https://nhentai.net/tag/onuj2/,1
oofxyphxia,oofxyphxia,https://nhentai.net/tag/oofxyphxia/,1
oohara keiji,oohara-keiji,https://nhentai.net/tag/oohara-keiji/,1
oohara-ya,oohara-ya,https://nhentai.net/tag/oohara-ya/,1
ookamikaze ryou,ookamikaze-ryou,https://nhentai.net/tag/ookamikaze-ryou/,1
ookura youkan,ookura-youkan,https://nhentai.net/tag/ookura-youkan/,2
oosaki,oosaki,https://nhentai.net/tag/oosaki/,1
oosashimi,oosashimi,https://nhentai.net/tag/oosashimi/,1
ooya nako,ooya-nako,https://nhentai.net/tag/ooya-nako/,6
opium,opium,https://nhentai.net/tag/opium/,2
oppai loli,oppai-loli,https://nhentai.net/tag/oppai-loli/,4232
opuntia,opuntia,https://nhentai.net/tag/opuntia/,1
orange isle,orange-isle,https://nhentai.net/tag/orange-isle/,1
orc,orc,https://nhentai.net/tag/orc/,1855
ore teki doremi e,ore-teki-doremi-e,https://nhentai.net/tag/ore-teki-doremi-e/,1
ore to kakuni to abura soba,ore-to-kakuni-to-abura-soba,https://nhentai.net/tag/ore-to-kakuni-to-abura-soba/,1
ore to kubiwa,ore-to-kubiwa,https://nhentai.net/tag/ore-to-kubiwa/,2
ore wa lolicon ja nai,ore-wa-lolicon-ja-nai,https://nhentai.net/tag/ore-wa-lolicon-ja-nai/,2
organ,organ,https://nhentai.net/tag/organ/,1
orgasm denial,orgasm-denial,https://nhentai.net/tag/orgasm-denial/,2834
orgone kenkyuujo,orgone-kenkyuujo,https://nhentai.net/tag/orgone-kenkyuujo/,2
oritsuki fumio,oritsuki-fumio,https://nhentai.net/tag/oritsuki-fumio/,1
oroshi ponzu,oroshi-ponzu,https://nhentai.net/tag/oroshi-ponzu/,1
osakana cookie,osakana-cookie,https://nhentai.net/tag/osakana-cookie/,1
osakana purin matsuri,osakana-purin-matsuri,https://nhentai.net/tag/osakana-purin-matsuri/,2
osaki,osaki,https://nhentai.net/tag/osaki/,1
osanai,osanai,https://nhentai.net/tag/osanai/,1
osaru no kai,osaru-no-kai,https://nhentai.net/tag/osaru-no-kai/,1
oshino,oshino,https://nhentai.net/tag/oshino/,1
oshiroiro,oshiroiro,https://nhentai.net/tag/oshiroiro/,1
ostamin house,ostamin-house,https://nhentai.net/tag/ostamin-house/,1
ostrich,ostrich,https://nhentai.net/tag/ostrich/,2
osuwaani,osuwaani,https://nhentai.net/tag/osuwaani/,21
otaki,otaki,https://nhentai.net/tag/otaki/,1
otama jacuzzi,otama-jacuzzi,https://nhentai.net/tag/otama-jacuzzi/,1
otameshikakaku,otameshikakaku,https://nhentai.net/tag/otameshikakaku/,4
otapic,otapic,https://nhentai.net/tag/otapic/,1
otetsuki,otetsuki,https://nhentai.net/tag/otetsuki/,1
otogi,otogi,https://nhentai.net/tag/otogi/,1
otogiri fua,otogiri-fua,https://nhentai.net/tag/otogiri-fua/,1
otokofutanari,otokofutanari,https://nhentai.net/tag/otokofutanari/,67
otomi tachibana,otomi-tachibana,https://nhentai.net/tag/otomi-tachibana/,1
otomonin wanmaru,otomonin-wanmaru,https://nhentai.net/tag/otomonin-wanmaru/,1
otona no sexy ehon,otona-no-sexy-ehon,https://nhentai.net/tag/otona-no-sexy-ehon/,4
oudo mikito,oudo-mikito,https://nhentai.net/tag/oudo-mikito/,1
oukawa,oukawa,https://nhentai.net/tag/oukawa/,1
oukokudou,oukokudou,https://nhentai.net/tag/oukokudou/,1
oumi keimaisha,oumi-keimaisha,https://nhentai.net/tag/oumi-keimaisha/,1
ouroboros,ouroboros,https://nhentai.net/tag/ouroboros/,2
ousato notsuwa,ousato-notsuwa,https://nhentai.net/tag/ousato-notsuwa/,2
out of order,out-of-order,https://nhentai.net/tag/out-of-order/,719
outa-san,outa-san,https://nhentai.net/tag/outa-san/,1
over boost,over-boost,https://nhentai.net/tag/over-boost/,1
over rice,over-rice,https://nhentai.net/tag/over-rice/,1
overlord unicorn,overlord-unicorn,https://nhentai.net/tag/overlord-unicorn/,1
owen,owen,https://nhentai.net/tag/owen/,1
owm,owm,https://nhentai.net/tag/owm/,3
oworanger,oworanger,https://nhentai.net/tag/oworanger/,1
oyakodon,oyakodon,https://nhentai.net/tag/oyakodon/,3578
oyogi,oyogi,https://nhentai.net/tag/oyogi/,1
ozawa,ozawa,https://nhentai.net/tag/ozawa/,2
p-box,p-box,https://nhentai.net/tag/p-box/,1
p-craft,p-craft,https://nhentai.net/tag/p-craft/,1
pachonglei,pachonglei,https://nhentai.net/tag/pachonglei/,1
paedosho nii-san,paedosho-nii-san,https://nhentai.net/tag/paedosho-nii-san/,7
pai genji,pai-genji,https://nhentai.net/tag/pai-genji/,6
painted nails,painted-nails,https://nhentai.net/tag/painted-nails/,2130
paiohasaamu,paiohasaamu,https://nhentai.net/tag/paiohasaamu/,4
pairin,pairin,https://nhentai.net/tag/pairin/,1
paizuri,paizuri,https://nhentai.net/tag/paizuri/,43060
pakomucchi,pakomucchi,https://nhentai.net/tag/pakomucchi/,1
pakupaku dark cherry,pakupaku-dark-cherry,https://nhentai.net/tag/pakupaku-dark-cherry/,2
paldea mom,paldea-mom,https://nhentai.net/tag/paldea-mom/,1
pallapalla,pallapalla,https://nhentai.net/tag/pallapalla/,1
pan no sashimi,pan-no-sashimi,https://nhentai.net/tag/pan-no-sashimi/,1
pan no sashimiya,pan-no-sashimiya,https://nhentai.net/tag/pan-no-sashimiya/,1
pan-pan,pan-pan,https://nhentai.net/tag/pan-pan/,5
pan to koucha no tabibito,pan-to-koucha-no-tabibito,https://nhentai.net/tag/pan-to-koucha-no-tabibito/,1
pan8,pan8,https://nhentai.net/tag/pan8/,2
panda girl,panda-girl,https://nhentai.net/tag/panda-girl/,6
pandaj,pandaj,https://nhentai.net/tag/pandaj/,1
pangohan,pangohan,https://nhentai.net/tag/pangohan/,1
panther,panther,https://nhentai.net/tag/panther/,1
pants o pants,pants-o-pants,https://nhentai.net/tag/pants-o-pants/,1
pantsu hakanai,pantsu-hakanai,https://nhentai.net/tag/pantsu-hakanai/,1
pantsu kaburou,pantsu-kaburou,https://nhentai.net/tag/pantsu-kaburou/,1
pantyhose,pantyhose,https://nhentai.net/tag/pantyhose/,25661
pantyjob,pantyjob,https://nhentai.net/tag/pantyjob/,309
panyakawa,panyakawa,https://nhentai.net/tag/panyakawa/,1
parareyukicchu,parareyukicchu,https://nhentai.net/tag/parareyukicchu/,1
parasite,parasite,https://nhentai.net/tag/parasite/,1796
parfait don,parfait-don,https://nhentai.net/tag/parfait-don/,3
pasties,pasties,https://nhentai.net/tag/pasties/,2584
pastime774,pastime774,https://nhentai.net/tag/pastime774/,1
patapata.,patapata,https://nhentai.net/tag/patapata/,1
patapo,patapo,https://nhentai.net/tag/patapo/,1
pattadol,pattadol,https://nhentai.net/tag/pattadol/,1
pau,pau,https://nhentai.net/tag/pau/,2
pavlov no neko,pavlov-no-neko,https://nhentai.net/tag/pavlov-no-neko/,1
pawakon,pawakon,https://nhentai.net/tag/pawakon/,1
pawamaku,pawamaku,https://nhentai.net/tag/pawamaku/,1
pawbert lynxley,pawbert-lynxley,https://nhentai.net/tag/pawbert-lynxley/,1
pax shirone,pax-shirone,https://nhentai.net/tag/pax-shirone/,1
payila,payila,https://nhentai.net/tag/payila/,1
payochiyo,payochiyo,https://nhentai.net/tag/payochiyo/,7
pectoriah,pectoriah,https://nhentai.net/tag/pectoriah/,1
pedoya,pedoya,https://nhentai.net/tag/pedoya/,1
pedoya nekohachi,pedoya-nekohachi,https://nhentai.net/tag/pedoya-nekohachi/,1
peeberuto,peeberuto,https://nhentai.net/tag/peeberuto/,1
pegasus,pegasus,https://nhentai.net/tag/pegasus/,1
pegging,pegging,https://nhentai.net/tag/pegging/,2931
peimond,peimond,https://nhentai.net/tag/peimond/,1
pekokichi,pekokichi,https://nhentai.net/tag/pekokichi/,2
pekooka,pekooka,https://nhentai.net/tag/pekooka/,1
penchapen,penchapen,https://nhentai.net/tag/penchapen/,5
penguin capsule,penguin-capsule,https://nhentai.net/tag/penguin-capsule/,2
penguinon,penguinon,https://nhentai.net/tag/penguinon/,1
peninsula hantou,peninsula-hantou,https://nhentai.net/tag/peninsula-hantou/,1
penis birth,penis-birth,https://nhentai.net/tag/penis-birth/,33
penis bumps,penis-bumps,https://nhentai.net/tag/penis-bumps/,21
penis enlargement,penis-enlargement,https://nhentai.net/tag/penis-enlargement/,697
penis reduction,penis-reduction,https://nhentai.net/tag/penis-reduction/,50
penny dreadful,penny-dreadful,https://nhentai.net/tag/penny-dreadful/,1
penpenhanten,penpenhanten,https://nhentai.net/tag/penpenhanten/,2
penpenmaru,penpenmaru,https://nhentai.net/tag/penpenmaru/,2
pepe2,pepe2,https://nhentai.net/tag/pepe2/,3
peroi nuru,peroi-nuru,https://nhentai.net/tag/peroi-nuru/,1
perokisu,perokisu,https://nhentai.net/tag/perokisu/,6
personality excretion,personality-excretion,https://nhentai.net/tag/personality-excretion/,494
peshita,peshita,https://nhentai.net/tag/peshita/,1
petapeta,petapeta,https://nhentai.net/tag/petapeta/,1
petplay,petplay,https://nhentai.net/tag/petplay/,1905
petrification,petrification,https://nhentai.net/tag/petrification/,779
phase e,phase-e,https://nhentai.net/tag/phase-e/,1
phimosis,phimosis,https://nhentai.net/tag/phimosis/,1939
phone sex,phone-sex,https://nhentai.net/tag/phone-sex/,211
pichinki,pichinki,https://nhentai.net/tag/pichinki/,1
piercing,piercing,https://nhentai.net/tag/piercing/,12849
pig,pig,https://nhentai.net/tag/pig/,655
pig girl,pig-girl,https://nhentai.net/tag/pig-girl/,162
pig man,pig-man,https://nhentai.net/tag/pig-man/,346
pikopiko,pikopiko,https://nhentai.net/tag/pikopiko/,1
pikota,pikota,https://nhentai.net/tag/pikota/,6
pillory,pillory,https://nhentai.net/tag/pillory/,622
pinez,pinez,https://nhentai.net/tag/pinez/,2
pingtsi,pingtsi,https://nhentai.net/tag/pingtsi/,1
pink mousse,pink-mousse,https://nhentai.net/tag/pink-mousse/,1
pink no sukesuke,pink-no-sukesuke,https://nhentai.net/tag/pink-no-sukesuke/,1
pinkpaper,pinkpaper,https://nhentai.net/tag/pinkpaper/,1
pinky,pinky,https://nhentai.net/tag/pinky/,1
pinochika,pinochika,https://nhentai.net/tag/pinochika/,2
piofiore no banshou,piofiore-no-banshou,https://nhentai.net/tag/piofiore-no-banshou/,2
pipo,pipo,https://nhentai.net/tag/pipo/,2
pirate,pirate,https://nhentai.net/tag/pirate/,115
piscott,piscott,https://nhentai.net/tag/piscott/,1
piss drinking,piss-drinking,https://nhentai.net/tag/piss-drinking/,2819
pixie cut,pixie-cut,https://nhentai.net/tag/pixie-cut/,4414
piyokozabure,piyokozabure,https://nhentai.net/tag/piyokozabure/,1
piyopoyo,piyopoyo,https://nhentai.net/tag/piyopoyo/,1
pizu,pizu,https://nhentai.net/tag/pizu/,1
pizzasi,pizzasi,https://nhentai.net/tag/pizzasi/,4
pizzicato,pizzicato,https://nhentai.net/tag/pizzicato/,1
plant boy,plant-boy,https://nhentai.net/tag/plant-boy/,8
plant girl,plant-girl,https://nhentai.net/tag/plant-girl/,279
plug,plug,https://nhentai.net/tag/plug/,2
plug man,plug-man,https://nhentai.net/tag/plug-man/,1
plum-r,plum-r,https://nhentai.net/tag/plum-r/,1
poco-pene,poco-pene,https://nhentai.net/tag/poco-pene/,2
podo,podo,https://nhentai.net/tag/podo/,4
pogejitsu,pogejitsu,https://nhentai.net/tag/pogejitsu/,3
poipoi ramen,poipoi-ramen,https://nhentai.net/tag/poipoi-ramen/,2
pokapoka biyori,pokapoka-biyori,https://nhentai.net/tag/pokapoka-biyori/,1
poki,poki,https://nhentai.net/tag/poki/,2
poki no ie,poki-no-ie,https://nhentai.net/tag/poki-no-ie/,1
pokon,pokon,https://nhentai.net/tag/pokon/,1
polano,polano,https://nhentai.net/tag/polano/,5
pole dancing,pole-dancing,https://nhentai.net/tag/pole-dancing/,94
policeman,policeman,https://nhentai.net/tag/policeman/,421
policewoman,policewoman,https://nhentai.net/tag/policewoman/,1035
polygon osushi,polygon-osushi,https://nhentai.net/tag/polygon-osushi/,1
ponchiki,ponchiki,https://nhentai.net/tag/ponchiki/,3
ponchin x,ponchin-x,https://nhentai.net/tag/ponchin-x/,1
pondiru,pondiru,https://nhentai.net/tag/pondiru/,1
ponkotsu afro,ponkotsu-afro,https://nhentai.net/tag/ponkotsu-afro/,1
ponpogura,ponpogura,https://nhentai.net/tag/ponpogura/,1
ponyarata popalappio,ponyarata-popalappio,https://nhentai.net/tag/ponyarata-popalappio/,4
ponygirl,ponygirl,https://nhentai.net/tag/ponygirl/,87
ponytail,ponytail,https://nhentai.net/tag/ponytail/,32669
poor grammar,poor-grammar,https://nhentai.net/tag/poor-grammar/,616
popa-ya,popa-ya,https://nhentai.net/tag/popa-ya/,1
popote.,popote,https://nhentai.net/tag/popote/,1
popp,popp,https://nhentai.net/tag/popp/,1
pori,pori,https://nhentai.net/tag/pori/,1
porunamin c,porunamin-c,https://nhentai.net/tag/porunamin-c/,1
posori,posori,https://nhentai.net/tag/posori/,2
possession,possession,https://nhentai.net/tag/possession/,3601
potala,potala,https://nhentai.net/tag/potala/,1
potato chips,potato-chips,https://nhentai.net/tag/potato-chips/,1
pottenpurincho gyabin,pottenpurincho-gyabin,https://nhentai.net/tag/pottenpurincho-gyabin/,1
pouchism,pouchism,https://nhentai.net/tag/pouchism/,1
poyojirou,poyojirou,https://nhentai.net/tag/poyojirou/,2
ppninjaman,ppninjaman,https://nhentai.net/tag/ppninjaman/,2
pregnant,pregnant,https://nhentai.net/tag/pregnant/,18898
prehensile hair,prehensile-hair,https://nhentai.net/tag/prehensile-hair/,90
press gear,press-gear,https://nhentai.net/tag/press-gear/,1
pressed glass,pressed-glass,https://nhentai.net/tag/pressed-glass/,1
preteen factory,preteen-factory,https://nhentai.net/tag/preteen-factory/,1
priest,priest,https://nhentai.net/tag/priest/,237
prismatic boy,prismatic-boy,https://nhentai.net/tag/prismatic-boy/,3
priysantheme,priysantheme,https://nhentai.net/tag/priysantheme/,1
produce,produce,https://nhentai.net/tag/produce/,1
project neural cloud,project-neural-cloud,https://nhentai.net/tag/project-neural-cloud/,7
project take 4,project-take-4,https://nhentai.net/tag/project-take-4/,2
prolapse,prolapse,https://nhentai.net/tag/prolapse/,1909
property tag,property-tag,https://nhentai.net/tag/property-tag/,67
prostate massage,prostate-massage,https://nhentai.net/tag/prostate-massage/,4909
prostitution,prostitution,https://nhentai.net/tag/prostitution/,11906
pseudoscience seminar,pseudoscience-seminar,https://nhentai.net/tag/pseudoscience-seminar/,1
psychosis,psychosis,https://nhentai.net/tag/psychosis/,1
pubic stubble,pubic-stubble,https://nhentai.net/tag/pubic-stubble/,898
public use,public-use,https://nhentai.net/tag/public-use/,1909
puchishoku,puchishoku,https://nhentai.net/tag/puchishoku/,1
puella magi oriko magica,puella-magi-oriko-magica,https://nhentai.net/tag/puella-magi-oriko-magica/,1
pulque factory,pulque-factory,https://nhentai.net/tag/pulque-factory/,1
puniket junbikai,puniket-junbikai,https://nhentai.net/tag/puniket-junbikai/,1
puniru wa kawaii slime,puniru-wa-kawaii-slime,https://nhentai.net/tag/puniru-wa-kawaii-slime/,3
pupunezumi,pupunezumi,https://nhentai.net/tag/pupunezumi/,1
purapechifrappe,purapechifrappe,https://nhentai.net/tag/purapechifrappe/,4
purapechinu,purapechinu,https://nhentai.net/tag/purapechinu/,4
pure chantai ochu,pure-chantai-ochu,https://nhentai.net/tag/pure-chantai-ochu/,2
purplian,purplian,https://nhentai.net/tag/purplian/,2
pushmine,pushmine,https://nhentai.net/tag/pushmine/,3
pussyboys only,pussyboys-only,https://nhentai.net/tag/pussyboys-only/,1
pyonchi,pyonchi,https://nhentai.net/tag/pyonchi/,8
pyonchi koubou,pyonchi-koubou,https://nhentai.net/tag/pyonchi-koubou/,1
pyonpyonmaru,pyonpyonmaru,https://nhentai.net/tag/pyonpyonmaru/,1
q-ko-chan the chikyuu shinryaku shoujo,q-ko-chan-the-chikyuu-shinryaku-shoujo,https://nhentai.net/tag/q-ko-chan-the-chikyuu-shinryaku-shoujo/,1
qiujun,qiujun,https://nhentai.net/tag/qiujun/,1
quick man,quick-man,https://nhentai.net/tag/quick-man/,1
r gakugu nanagou kenkyuushitsu,r-gakugu-nanagou-kenkyuushitsu,https://nhentai.net/tag/r-gakugu-nanagou-kenkyuushitsu/,1
r-ka,r-ka,https://nhentai.net/tag/r-ka/,1
r kaneda,r-kaneda,https://nhentai.net/tag/r-kaneda/,1
r1kyu,r1kyu,https://nhentai.net/tag/r1kyu/,1
rabbit,rabbit,https://nhentai.net/tag/rabbit/,28
raccoon boy,raccoon-boy,https://nhentai.net/tag/raccoon-boy/,11
raccoon girl,raccoon-girl,https://nhentai.net/tag/raccoon-girl/,211
race queen,race-queen,https://nhentai.net/tag/race-queen/,136
rachocity,rachocity,https://nhentai.net/tag/rachocity/,1
ragii,ragii,https://nhentai.net/tag/ragii/,1
ragu,ragu,https://nhentai.net/tag/ragu/,3
raichi.,raichi,https://nhentai.net/tag/raichi/,1
raid socks,raid-socks,https://nhentai.net/tag/raid-socks/,3
rainbow zou,rainbow-zou,https://nhentai.net/tag/rainbow-zou/,1
rainy eternity,rainy-eternity,https://nhentai.net/tag/rainy-eternity/,1
raiya mikazuchi,raiya-mikazuchi,https://nhentai.net/tag/raiya-mikazuchi/,1
rakudai ninja rantaro,rakudai-ninja-rantaro,https://nhentai.net/tag/rakudai-ninja-rantaro/,1
rakurui no sonosakihe,rakurui-no-sonosakihe,https://nhentai.net/tag/rakurui-no-sonosakihe/,3
ramanda,ramanda,https://nhentai.net/tag/ramanda/,3
ramco,ramco,https://nhentai.net/tag/ramco/,1
ramonii,ramonii,https://nhentai.net/tag/ramonii/,4
ramuda,ramuda,https://nhentai.net/tag/ramuda/,1
ranchoro,ranchoro,https://nhentai.net/tag/ranchoro/,1
randoseru,randoseru,https://nhentai.net/tag/randoseru/,1955
range amp,range-amp,https://nhentai.net/tag/range-amp/,2
rano lalanox,rano-lalanox,https://nhentai.net/tag/rano-lalanox/,2
ranoudou,ranoudou,https://nhentai.net/tag/ranoudou/,2
rap,rap,https://nhentai.net/tag/rap/,2
rape,rape,https://nhentai.net/tag/rape/,61686
rarara milk,rarara-milk,https://nhentai.net/tag/rarara-milk/,1
rariart,rariart,https://nhentai.net/tag/rariart/,1
rasetsu dot d,rasetsu-dot-d,https://nhentai.net/tag/rasetsu-dot-d/,2
rayasi,rayasi,https://nhentai.net/tag/rayasi/,1
rayou.,rayou,https://nhentai.net/tag/rayou/,1
rayp,rayp,https://nhentai.net/tag/rayp/,2
rays,rays,https://nhentai.net/tag/rays/,1
rayzhai,rayzhai,https://nhentai.net/tag/rayzhai/,2
real doll,real-doll,https://nhentai.net/tag/real-doll/,13
realporn,realporn,https://nhentai.net/tag/realporn/,7
recoil,recoil,https://nhentai.net/tag/recoil/,1
record of ragnarok,record-of-ragnarok,https://nhentai.net/tag/record-of-ragnarok/,3
red-a,red-a,https://nhentai.net/tag/red-a/,1
red desire,red-desire,https://nhentai.net/tag/red-desire/,1
red light red,red-light-red,https://nhentai.net/tag/red-light-red/,3
red miso soup,red-miso-soup,https://nhentai.net/tag/red-miso-soup/,1
red plum dianthus,red-plum-dianthus,https://nhentai.net/tag/red-plum-dianthus/,3
red uguisu,red-uguisu,https://nhentai.net/tag/red-uguisu/,1
redosukan,redosukan,https://nhentai.net/tag/redosukan/,1
redraw,redraw,https://nhentai.net/tag/redraw/,343
refrevo comic,refrevo-comic,https://nhentai.net/tag/refrevo-comic/,2
reikoku na haizara,reikoku-na-haizara,https://nhentai.net/tag/reikoku-na-haizara/,17
reina sakuya,reina-sakuya,https://nhentai.net/tag/reina-sakuya/,1
reisa uzawa,reisa-uzawa,https://nhentai.net/tag/reisa-uzawa/,1
reitou yakisoba,reitou-yakisoba,https://nhentai.net/tag/reitou-yakisoba/,1
remifashi,remifashi,https://nhentai.net/tag/remifashi/,1
remy,remy,https://nhentai.net/tag/remy/,1
rena kinui,rena-kinui,https://nhentai.net/tag/rena-kinui/,1
rena kurumi,rena-kurumi,https://nhentai.net/tag/rena-kurumi/,1
renai torisetsu,renai-torisetsu,https://nhentai.net/tag/renai-torisetsu/,1
renjiou shion,renjiou-shion,https://nhentai.net/tag/renjiou-shion/,2
replaced,replaced,https://nhentai.net/tag/replaced/,4638
reptile,reptile,https://nhentai.net/tag/reptile/,9
resorman manga koubou,resorman-manga-koubou,https://nhentai.net/tag/resorman-manga-koubou/,1
retort,retort,https://nhentai.net/tag/retort/,1
retractable penis,retractable-penis,https://nhentai.net/tag/retractable-penis/,24
retro cross,retro-cross,https://nhentai.net/tag/retro-cross/,4
return to shironagasu island,return-to-shironagasu-island,https://nhentai.net/tag/return-to-shironagasu-island/,1
reversible,reversible,https://nhentai.net/tag/reversible/,3
rhox,rhox,https://nhentai.net/tag/rhox/,1
rhythm yuki,rhythm-yuki,https://nhentai.net/tag/rhythm-yuki/,2
rienia,rienia,https://nhentai.net/tag/rienia/,14
rihenara ningyou,rihenara-ningyou,https://nhentai.net/tag/rihenara-ningyou/,2
rikopinrikopin,rikopinrikopin,https://nhentai.net/tag/rikopinrikopin/,3
rim,rim,https://nhentai.net/tag/rim/,10
rimjob,rimjob,https://nhentai.net/tag/rimjob/,8873
rimu chanchi,rimu-chanchi,https://nhentai.net/tag/rimu-chanchi/,1
rin mitsuki,rin-mitsuki,https://nhentai.net/tag/rin-mitsuki/,1
rin nanagami,rin-nanagami,https://nhentai.net/tag/rin-nanagami/,1
rinami himesaki,rinami-himesaki,https://nhentai.net/tag/rinami-himesaki/,1
rinderon,rinderon,https://nhentai.net/tag/rinderon/,1
ring ring souls,ring-ring-souls,https://nhentai.net/tag/ring-ring-souls/,1
rino kou,rino-kou,https://nhentai.net/tag/rino-kou/,1
rinrin kan,rinrin-kan,https://nhentai.net/tag/rinrin-kan/,1
rippoutai6,rippoutai6,https://nhentai.net/tag/rippoutai6/,2
risa nakahira,risa-nakahira,https://nhentai.net/tag/risa-nakahira/,1
risugumi,risugumi,https://nhentai.net/tag/risugumi/,1
ritaomochi,ritaomochi,https://nhentai.net/tag/ritaomochi/,1
ritsuka,ritsuka,https://nhentai.net/tag/ritsuka/,1
rk-2,rk-2,https://nhentai.net/tag/rk-2/,1
rnt,rnt,https://nhentai.net/tag/rnt/,1
roas plus,roas-plus,https://nhentai.net/tag/roas-plus/,1
robby and kerobby,robby-and-kerobby,https://nhentai.net/tag/robby-and-kerobby/,1
robo z,robo-z,https://nhentai.net/tag/robo-z/,1
robot,robot,https://nhentai.net/tag/robot/,2452
robot ponkottsu,robot-ponkottsu,https://nhentai.net/tag/robot-ponkottsu/,1
roccia,roccia,https://nhentai.net/tag/roccia/,1
rocket girl,rocket-girl,https://nhentai.net/tag/rocket-girl/,1
rockydou,rockydou,https://nhentai.net/tag/rockydou/,5
rof,rof,https://nhentai.net/tag/rof/,2
roirabi,roirabi,https://nhentai.net/tag/roirabi/,1
roji-ya,roji-ya,https://nhentai.net/tag/roji-ya/,6
rojiura,rojiura,https://nhentai.net/tag/rojiura/,1
rokkotsusan,rokkotsusan,https://nhentai.net/tag/rokkotsusan/,1
roko,roko,https://nhentai.net/tag/roko/,2
rokudo,rokudo,https://nhentai.net/tag/rokudo/,2
rokusuno,rokusuno,https://nhentai.net/tag/rokusuno/,2
romomata,romomata,https://nhentai.net/tag/romomata/,1
rondobell,rondobell,https://nhentai.net/tag/rondobell/,2
room101,room101,https://nhentai.net/tag/room101/,1
roppongi nyugyo,roppongi-nyugyo,https://nhentai.net/tag/roppongi-nyugyo/,2
rorichikku izm,rorichikku-izm,https://nhentai.net/tag/rorichikku-izm/,1
roruri,roruri,https://nhentai.net/tag/roruri/,2
rosalinde,rosalinde,https://nhentai.net/tag/rosalinde/,1
roselia millstein,roselia-millstein,https://nhentai.net/tag/roselia-millstein/,1
roselia69181,roselia69181,https://nhentai.net/tag/roselia69181/,3
rotoest,rotoest,https://nhentai.net/tag/rotoest/,1
rough grammar,rough-grammar,https://nhentai.net/tag/rough-grammar/,322
rough translation,rough-translation,https://nhentai.net/tag/rough-translation/,12725
rousei,rousei,https://nhentai.net/tag/rousei/,2
rueff,rueff,https://nhentai.net/tag/rueff/,1
ruimanabu,ruimanabu,https://nhentai.net/tag/ruimanabu/,1
ruined orgasm,ruined-orgasm,https://nhentai.net/tag/ruined-orgasm/,42
ruri no koubou,ruri-no-koubou,https://nhentai.net/tag/ruri-no-koubou/,1
ruriiro tokubetsushitsu,ruriiro-tokubetsushitsu,https://nhentai.net/tag/ruriiro-tokubetsushitsu/,3
ruriko midorikawa,ruriko-midorikawa,https://nhentai.net/tag/ruriko-midorikawa/,1
ryo tachibana,ryo-tachibana,https://nhentai.net/tag/ryo-tachibana/,1
ryona,ryona,https://nhentai.net/tag/ryona/,4843
ryou,ryou,https://nhentai.net/tag/ryou/,1
ryuka satoru,ryuka-satoru,https://nhentai.net/tag/ryuka-satoru/,1
ryusei shidou,ryusei-shidou,https://nhentai.net/tag/ryusei-shidou/,3
ryuuguu,ryuuguu,https://nhentai.net/tag/ryuuguu/,2
ryuukusnpaiart,ryuukusnpaiart,https://nhentai.net/tag/ryuukusnpaiart/,1
ryuunokke,ryuunokke,https://nhentai.net/tag/ryuunokke/,2
ryuusaikan,ryuusaikan,https://nhentai.net/tag/ryuusaikan/,1
s-force rappa chiyomaru,s-force-rappa-chiyomaru,https://nhentai.net/tag/s-force-rappa-chiyomaru/,1
s p little knight,s-p-little-knight,https://nhentai.net/tag/s-p-little-knight/,1
s8403,s8403,https://nhentai.net/tag/s8403/,1
saamridh ramkelawan,saamridh-ramkelawan,https://nhentai.net/tag/saamridh-ramkelawan/,2
sabuustar,sabuustar,https://nhentai.net/tag/sabuustar/,1
sada sadao,sada-sadao,https://nhentai.net/tag/sada-sadao/,1
sae ganaha,sae-ganaha,https://nhentai.net/tag/sae-ganaha/,1
saichi kou,saichi-kou,https://nhentai.net/tag/saichi-kou/,1
saihou yuki,saihou-yuki,https://nhentai.net/tag/saihou-yuki/,1
saikime,saikime,https://nhentai.net/tag/saikime/,1
saikoro,saikoro,https://nhentai.net/tag/saikoro/,1
saikura noushu,saikura-noushu,https://nhentai.net/tag/saikura-noushu/,1
saimonke,saimonke,https://nhentai.net/tag/saimonke/,1
saisyu kusanagi,saisyu-kusanagi,https://nhentai.net/tag/saisyu-kusanagi/,1
saita katsutoshi,saita-katsutoshi,https://nhentai.net/tag/saita-katsutoshi/,1
saitou dareka,saitou-dareka,https://nhentai.net/tag/saitou-dareka/,2
saitou mochi,saitou-mochi,https://nhentai.net/tag/saitou-mochi/,1
saitou renji,saitou-renji,https://nhentai.net/tag/saitou-renji/,1
sajimoka aca,sajimoka-aca,https://nhentai.net/tag/sajimoka-aca/,1
saka-sama,saka-sama,https://nhentai.net/tag/saka-sama/,1
sakakibara bieru,sakakibara-bieru,https://nhentai.net/tag/sakakibara-bieru/,1
sake-chan,sake-chan,https://nhentai.net/tag/sake-chan/,10
sake no ate,sake-no-ate,https://nhentai.net/tag/sake-no-ate/,1
sakeno tsumami,sakeno-tsumami,https://nhentai.net/tag/sakeno-tsumami/,2
sakuan,sakuan,https://nhentai.net/tag/sakuan/,1
sakuhiro,sakuhiro,https://nhentai.net/tag/sakuhiro/,1
sakura ayane,sakura-ayane,https://nhentai.net/tag/sakura-ayane/,1
sakura ibaragi,sakura-ibaragi,https://nhentai.net/tag/sakura-ibaragi/,1
sakura nishihori,sakura-nishihori,https://nhentai.net/tag/sakura-nishihori/,2
sakura no kinoshita,sakura-no-kinoshita,https://nhentai.net/tag/sakura-no-kinoshita/,1
sakura no tomoru hie,sakura-no-tomoru-hie,https://nhentai.net/tag/sakura-no-tomoru-hie/,2
sakura sada,sakura-sada,https://nhentai.net/tag/sakura-sada/,2
sakura suishou,sakura-suishou,https://nhentai.net/tag/sakura-suishou/,1
sakurai mizuki,sakurai-mizuki,https://nhentai.net/tag/sakurai-mizuki/,1
sakurako utazumi,sakurako-utazumi,https://nhentai.net/tag/sakurako-utazumi/,2
sakuranbu,sakuranbu,https://nhentai.net/tag/sakuranbu/,1
sakusaku non-fried,sakusaku-non-fried,https://nhentai.net/tag/sakusaku-non-fried/,2
salad oil,salad-oil,https://nhentai.net/tag/salad-oil/,1
salad resort,salad-resort,https://nhentai.net/tag/salad-resort/,1
saliva,saliva,https://nhentai.net/tag/saliva/,657
salmontofu,salmontofu,https://nhentai.net/tag/salmontofu/,1
samotorake,samotorake,https://nhentai.net/tag/samotorake/,4
sample,sample,https://nhentai.net/tag/sample/,1
san kagura,san-kagura,https://nhentai.net/tag/san-kagura/,1
sanamaru,sanamaru,https://nhentai.net/tag/sanamaru/,1
sanbon tamaru,sanbon-tamaru,https://nhentai.net/tag/sanbon-tamaru/,1
sandira,sandira,https://nhentai.net/tag/sandira/,1
sanehara,sanehara,https://nhentai.net/tag/sanehara/,1
saneyaro,saneyaro,https://nhentai.net/tag/saneyaro/,1
sankaku noel,sankaku-noel,https://nhentai.net/tag/sankaku-noel/,1
sankei,sankei,https://nhentai.net/tag/sankei/,1
sanma-drill,sanma-drill,https://nhentai.net/tag/sanma-drill/,2
sano itsuki,sano-itsuki,https://nhentai.net/tag/sano-itsuki/,2
sanokusu,sanokusu,https://nhentai.net/tag/sanokusu/,1
sanpa,sanpa,https://nhentai.net/tag/sanpa/,1
sansan,sansan,https://nhentai.net/tag/sansan/,2
santoka,santoka,https://nhentai.net/tag/santoka/,1
saodakeya,saodakeya,https://nhentai.net/tag/saodakeya/,2
sarashi,sarashi,https://nhentai.net/tag/sarashi/,76
sarururu,sarururu,https://nhentai.net/tag/sarururu/,1
saruyama boss,saruyama-boss,https://nhentai.net/tag/saruyama-boss/,1
sasada aki,sasada-aki,https://nhentai.net/tag/sasada-aki/,2
sasaki hiroyuki,sasaki-hiroyuki,https://nhentai.net/tag/sasaki-hiroyuki/,1
sasaki kazuyuki,sasaki-kazuyuki,https://nhentai.net/tag/sasaki-kazuyuki/,1
sasaki kudoo,sasaki-kudoo,https://nhentai.net/tag/sasaki-kudoo/,1
sate,sate,https://nhentai.net/tag/sate/,1
sato pan,sato-pan,https://nhentai.net/tag/sato-pan/,1
satoru hoashi,satoru-hoashi,https://nhentai.net/tag/satoru-hoashi/,1
satotsuki chiyo,satotsuki-chiyo,https://nhentai.net/tag/satotsuki-chiyo/,1
satou tanaka suzuki,satou-tanaka-suzuki,https://nhentai.net/tag/satou-tanaka-suzuki/,2
satoukokonakadou,satoukokonakadou,https://nhentai.net/tag/satoukokonakadou/,1
satsuki bare sengen,satsuki-bare-sengen,https://nhentai.net/tag/satsuki-bare-sengen/,1
sauna,sauna,https://nhentai.net/tag/sauna/,6
sawadai,sawadai,https://nhentai.net/tag/sawadai/,2
sawaru na kiken,sawaru-na-kiken,https://nhentai.net/tag/sawaru-na-kiken/,1
sawkm,sawkm,https://nhentai.net/tag/sawkm/,1
sayama yukihiro,sayama-yukihiro,https://nhentai.net/tag/sayama-yukihiro/,2
sayato,sayato,https://nhentai.net/tag/sayato/,1
sayuumigi,sayuumigi,https://nhentai.net/tag/sayuumigi/,4
scan,scan,https://nhentai.net/tag/scan/,1
scanmark,scanmark,https://nhentai.net/tag/scanmark/,6067
scar,scar,https://nhentai.net/tag/scar/,2428
scarabaeus,scarabaeus,https://nhentai.net/tag/scarabaeus/,1
scarlet maple,scarlet-maple,https://nhentai.net/tag/scarlet-maple/,2
scat,scat,https://nhentai.net/tag/scat/,10275
scat insertion,scat-insertion,https://nhentai.net/tag/scat-insertion/,48
school gym uniform,school-gym-uniform,https://nhentai.net/tag/school-gym-uniform/,1491
school swimsuit,school-swimsuit,https://nhentai.net/tag/school-swimsuit/,6142
schoolboy uniform,schoolboy-uniform,https://nhentai.net/tag/schoolboy-uniform/,19204
schoolgirl uniform,schoolgirl-uniform,https://nhentai.net/tag/schoolgirl-uniform/,88146
schwarz kastell,schwarz-kastell,https://nhentai.net/tag/schwarz-kastell/,1
schweinchen31,schweinchen31,https://nhentai.net/tag/schweinchen31/,1
screenshots,screenshots,https://nhentai.net/tag/screenshots/,18
scrivener lahn,scrivener-lahn,https://nhentai.net/tag/scrivener-lahn/,1
scrotal lingerie,scrotal-lingerie,https://nhentai.net/tag/scrotal-lingerie/,212
seaweed,seaweed,https://nhentai.net/tag/seaweed/,1
sechi,sechi,https://nhentai.net/tag/sechi/,1
segi show,segi-show,https://nhentai.net/tag/segi-show/,3
seika ijichi,seika-ijichi,https://nhentai.net/tag/seika-ijichi/,3
seika kyomachi,seika-kyomachi,https://nhentai.net/tag/seika-kyomachi/,1
seika zuyosi,seika-zuyosi,https://nhentai.net/tag/seika-zuyosi/,1
seiniku aikoukai,seiniku-aikoukai,https://nhentai.net/tag/seiniku-aikoukai/,1
seinyanko gakuen,seinyanko-gakuen,https://nhentai.net/tag/seinyanko-gakuen/,2
seisha ryuso,seisha-ryuso,https://nhentai.net/tag/seisha-ryuso/,1
seishokuki,seishokuki,https://nhentai.net/tag/seishokuki/,1
seishuku shinsho,seishuku-shinsho,https://nhentai.net/tag/seishuku-shinsho/,3
seisui bar,seisui-bar,https://nhentai.net/tag/seisui-bar/,2
seitokai ni mo ana wa aru,seitokai-ni-mo-ana-wa-aru,https://nhentai.net/tag/seitokai-ni-mo-ana-wa-aru/,4
seiya kinoshita,seiya-kinoshita,https://nhentai.net/tag/seiya-kinoshita/,2
sekaiju no hakoniwa,sekaiju-no-hakoniwa,https://nhentai.net/tag/sekaiju-no-hakoniwa/,1
seki hirame,seki-hirame,https://nhentai.net/tag/seki-hirame/,1
sekito sakurada,sekito-sakurada,https://nhentai.net/tag/sekito-sakurada/,3
selfcest,selfcest,https://nhentai.net/tag/selfcest/,1281
selverna,selverna,https://nhentai.net/tag/selverna/,1
semiemon,semiemon,https://nhentai.net/tag/semiemon/,1
sen no rikyuu,sen-no-rikyuu,https://nhentai.net/tag/sen-no-rikyuu/,2
senba kurono,senba-kurono,https://nhentai.net/tag/senba-kurono/,2
senchoris,senchoris,https://nhentai.net/tag/senchoris/,1
senda chiyo,senda-chiyo,https://nhentai.net/tag/senda-chiyo/,1
sengoku arsenothelus,sengoku-arsenothelus,https://nhentai.net/tag/sengoku-arsenothelus/,1
senmen dice,senmen-dice,https://nhentai.net/tag/senmen-dice/,1
senoo hibiteru,senoo-hibiteru,https://nhentai.net/tag/senoo-hibiteru/,1
sentes,sentes,https://nhentai.net/tag/sentes/,1
sentou,sentou,https://nhentai.net/tag/sentou/,64
seo yukino,seo-yukino,https://nhentai.net/tag/seo-yukino/,1
servamp,servamp,https://nhentai.net/tag/servamp/,4
service area,service-area,https://nhentai.net/tag/service-area/,2
sesamidou,sesamidou,https://nhentai.net/tag/sesamidou/,2
seshiro,seshiro,https://nhentai.net/tag/seshiro/,8
sesshouin kiara,sesshouin-kiara,https://nhentai.net/tag/sesshouin-kiara/,1
seto natsutsuki,seto-natsutsuki,https://nhentai.net/tag/seto-natsutsuki/,1
seto ryouko,seto-ryouko,https://nhentai.net/tag/seto-ryouko/,3
settsuman,settsuman,https://nhentai.net/tag/settsuman/,3
sex toys,sex-toys,https://nhentai.net/tag/sex-toys/,40282
sexpistols,sexpistols,https://nhentai.net/tag/sexpistols/,1
sggushwak,sggushwak,https://nhentai.net/tag/sggushwak/,3
shachiku-san wa youjo yuurei ni iyasaretai.,shachiku-san-wa-youjo-yuurei-ni-iyasaretai,https://nhentai.net/tag/shachiku-san-wa-youjo-yuurei-ni-iyasaretai/,1
shade no urahime,shade-no-urahime,https://nhentai.net/tag/shade-no-urahime/,2
shadow rangers,shadow-rangers,https://nhentai.net/tag/shadow-rangers/,1
shadow thorn,shadow-thorn,https://nhentai.net/tag/shadow-thorn/,2
shadowo tto shark,shadowo-tto-shark,https://nhentai.net/tag/shadowo-tto-shark/,1
shako punch,shako-punch,https://nhentai.net/tag/shako-punch/,9
shakujiirou,shakujiirou,https://nhentai.net/tag/shakujiirou/,1
shamidou maichimonji,shamidou-maichimonji,https://nhentai.net/tag/shamidou-maichimonji/,1
shapening,shapening,https://nhentai.net/tag/shapening/,30
shared senses,shared-senses,https://nhentai.net/tag/shared-senses/,521
shark,shark,https://nhentai.net/tag/shark/,1
shark boy,shark-boy,https://nhentai.net/tag/shark-boy/,21
shark girl,shark-girl,https://nhentai.net/tag/shark-girl/,109
sharktrs,sharktrs,https://nhentai.net/tag/sharktrs/,6
shasha inu,shasha-inu,https://nhentai.net/tag/shasha-inu/,2
shaved head,shaved-head,https://nhentai.net/tag/shaved-head/,1420
sheep,sheep,https://nhentai.net/tag/sheep/,2
sheep boy,sheep-boy,https://nhentai.net/tag/sheep-boy/,5
sheep girl,sheep-girl,https://nhentai.net/tag/sheep-girl/,205
shemale,shemale,https://nhentai.net/tag/shemale/,5416
shh,shh,https://nhentai.net/tag/shh/,3
shiawase na choushoku,shiawase-na-choushoku,https://nhentai.net/tag/shiawase-na-choushoku/,3
shiba hiyori,shiba-hiyori,https://nhentai.net/tag/shiba-hiyori/,3
shibaiinu nisei,shibaiinu-nisei,https://nhentai.net/tag/shibaiinu-nisei/,2
shibainu lab,shibainu-lab,https://nhentai.net/tag/shibainu-lab/,1
shibaken gorou,shibaken-gorou,https://nhentai.net/tag/shibaken-gorou/,1
shibari,shibari,https://nhentai.net/tag/shibari/,5086
shibayan,shibayan,https://nhentai.net/tag/shibayan/,1
shibire na memai,shibire-na-memai,https://nhentai.net/tag/shibire-na-memai/,1
shibudaku seisaku iinkai,shibudaku-seisaku-iinkai,https://nhentai.net/tag/shibudaku-seisaku-iinkai/,1
shibungi magu,shibungi-magu,https://nhentai.net/tag/shibungi-magu/,6
shida no genseirin,shida-no-genseirin,https://nhentai.net/tag/shida-no-genseirin/,6
shida rui,shida-rui,https://nhentai.net/tag/shida-rui/,7
shidaidaka,shidaidaka,https://nhentai.net/tag/shidaidaka/,1
shiga hanako,shiga-hanako,https://nhentai.net/tag/shiga-hanako/,1
shigao,shigao,https://nhentai.net/tag/shigao/,1
shigemaru shigeru,shigemaru-shigeru,https://nhentai.net/tag/shigemaru-shigeru/,1
shigure hakka,shigure-hakka,https://nhentai.net/tag/shigure-hakka/,1
shigure mayoi,shigure-mayoi,https://nhentai.net/tag/shigure-mayoi/,3
shiguren,shiguren,https://nhentai.net/tag/shiguren/,2
shiiko sugai,shiiko-sugai,https://nhentai.net/tag/shiiko-sugai/,1
shiina shin,shiina-shin,https://nhentai.net/tag/shiina-shin/,1
shiinyan,shiinyan,https://nhentai.net/tag/shiinyan/,1
shijou saikou no sakusen,shijou-saikou-no-sakusen,https://nhentai.net/tag/shijou-saikou-no-sakusen/,1
shika kobucha,shika-kobucha,https://nhentai.net/tag/shika-kobucha/,2
shikanoo derako,shikanoo-derako,https://nhentai.net/tag/shikanoo-derako/,1
shikeida,shikeida,https://nhentai.net/tag/shikeida/,1
shikibuton cover,shikibuton-cover,https://nhentai.net/tag/shikibuton-cover/,4
shikoshiko puripuri mushi,shikoshiko-puripuri-mushi,https://nhentai.net/tag/shikoshiko-puripuri-mushi/,1
shikotama,shikotama,https://nhentai.net/tag/shikotama/,1
shikoushoku,shikoushoku,https://nhentai.net/tag/shikoushoku/,1
shimaidon,shimaidon,https://nhentai.net/tag/shimaidon/,2177
shimaneko megumi,shimaneko-megumi,https://nhentai.net/tag/shimaneko-megumi/,1
shimapan,shimapan,https://nhentai.net/tag/shimapan/,1792
shimashima rissu,shimashima-rissu,https://nhentai.net/tag/shimashima-rissu/,3
shimasoft,shimasoft,https://nhentai.net/tag/shimasoft/,3
shimejimo,shimejimo,https://nhentai.net/tag/shimejimo/,1
shimen soka,shimen-soka,https://nhentai.net/tag/shimen-soka/,1
shimenawa to onna no ko,shimenawa-to-onna-no-ko,https://nhentai.net/tag/shimenawa-to-onna-no-ko/,2
shimikobeya,shimikobeya,https://nhentai.net/tag/shimikobeya/,3
shimizu masaharu,shimizu-masaharu,https://nhentai.net/tag/shimizu-masaharu/,1
shimon ryuushirou,shimon-ryuushirou,https://nhentai.net/tag/shimon-ryuushirou/,64
shimoshi,shimoshi,https://nhentai.net/tag/shimoshi/,1
shimuro,shimuro,https://nhentai.net/tag/shimuro/,1
shin arata,shin-arata,https://nhentai.net/tag/shin-arata/,1
shin gyokusai honpo,shin-gyokusai-honpo,https://nhentai.net/tag/shin-gyokusai-honpo/,1
shinazu,shinazu,https://nhentai.net/tag/shinazu/,1
shinbashi,shinbashi,https://nhentai.net/tag/shinbashi/,1
shinei neko hakase,shinei-neko-hakase,https://nhentai.net/tag/shinei-neko-hakase/,1
shinen469313,shinen469313,https://nhentai.net/tag/shinen469313/,6
shinitate hokahoka zombie,shinitate-hokahoka-zombie,https://nhentai.net/tag/shinitate-hokahoka-zombie/,1
shinka-san,shinka-san,https://nhentai.net/tag/shinka-san/,1
shinki sakusei file do m,shinki-sakusei-file-do-m,https://nhentai.net/tag/shinki-sakusei-file-do-m/,4
shinonome yuki,shinonome-yuki,https://nhentai.net/tag/shinonome-yuki/,4
shinozaki ui,shinozaki-ui,https://nhentai.net/tag/shinozaki-ui/,1
shinsen,shinsen,https://nhentai.net/tag/shinsen/,12
shinya shibasaki,shinya-shibasaki,https://nhentai.net/tag/shinya-shibasaki/,1
shiobuki ziiya,shiobuki-ziiya,https://nhentai.net/tag/shiobuki-ziiya/,2
shiodamari,shiodamari,https://nhentai.net/tag/shiodamari/,8
shiofuu,shiofuu,https://nhentai.net/tag/shiofuu/,1
shioimo,shioimo,https://nhentai.net/tag/shioimo/,1
shiokaze toride,shiokaze-toride,https://nhentai.net/tag/shiokaze-toride/,3
shioriha ruri,shioriha-ruri,https://nhentai.net/tag/shioriha-ruri/,1
shiotaiou,shiotaiou,https://nhentai.net/tag/shiotaiou/,1
shiotsuki love,shiotsuki-love,https://nhentai.net/tag/shiotsuki-love/,1
shipu,shipu,https://nhentai.net/tag/shipu/,1
shipuolu,shipuolu,https://nhentai.net/tag/shipuolu/,7
shiragi mana,shiragi-mana,https://nhentai.net/tag/shiragi-mana/,1
shiraishi kohei,shiraishi-kohei,https://nhentai.net/tag/shiraishi-kohei/,2
shiranai uchi ni level max ni nattemashita,shiranai-uchi-ni-level-max-ni-nattemashita,https://nhentai.net/tag/shiranai-uchi-ni-level-max-ni-nattemashita/,1
shirasaka miyu,shirasaka-miyu,https://nhentai.net/tag/shirasaka-miyu/,1
shirasudon,shirasudon,https://nhentai.net/tag/shirasudon/,1
shiratama kokoro,shiratama-kokoro,https://nhentai.net/tag/shiratama-kokoro/,1
shiratamaya,shiratamaya,https://nhentai.net/tag/shiratamaya/,3
shiratorizawa ai,shiratorizawa-ai,https://nhentai.net/tag/shiratorizawa-ai/,1
shirishiri denbu club,shirishiri-denbu-club,https://nhentai.net/tag/shirishiri-denbu-club/,1
shiro brownie,shiro-brownie,https://nhentai.net/tag/shiro-brownie/,8
shiro iruka,shiro-iruka,https://nhentai.net/tag/shiro-iruka/,1
shiro no burausu,shiro-no-burausu,https://nhentai.net/tag/shiro-no-burausu/,8
shirokage musashi,shirokage-musashi,https://nhentai.net/tag/shirokage-musashi/,1
shiroko terror,shiroko-terror,https://nhentai.net/tag/shiroko-terror/,3
shirokujichu,shirokujichu,https://nhentai.net/tag/shirokujichu/,1
shirokumasan,shirokumasan,https://nhentai.net/tag/shirokumasan/,3
shiromaru,shiromaru,https://nhentai.net/tag/shiromaru/,2
shiromonya,shiromonya,https://nhentai.net/tag/shiromonya/,2
shirotanuki,shirotanuki,https://nhentai.net/tag/shirotanuki/,1
shiroyama kotori,shiroyama-kotori,https://nhentai.net/tag/shiroyama-kotori/,1
shiruko,shiruko,https://nhentai.net/tag/shiruko/,4
shisha no mukuro,shisha-no-mukuro,https://nhentai.net/tag/shisha-no-mukuro/,24
shishigashira,shishigashira,https://nhentai.net/tag/shishigashira/,1
shishio,shishio,https://nhentai.net/tag/shishio/,1
shitataru,shitataru,https://nhentai.net/tag/shitataru/,2
shitatattel,shitatattel,https://nhentai.net/tag/shitatattel/,1
shitsuren restaurant om,shitsuren-restaurant-om,https://nhentai.net/tag/shitsuren-restaurant-om/,1
shittori bouzu,shittori-bouzu,https://nhentai.net/tag/shittori-bouzu/,1
shiwasu guruto,shiwasu-guruto,https://nhentai.net/tag/shiwasu-guruto/,1
shiyo,shiyo,https://nhentai.net/tag/shiyo/,1
shizaki tsukiyo,shizaki-tsukiyo,https://nhentai.net/tag/shizaki-tsukiyo/,1
shizuko kawawa,shizuko-kawawa,https://nhentai.net/tag/shizuko-kawawa/,1
shizuku yaegashi,shizuku-yaegashi,https://nhentai.net/tag/shizuku-yaegashi/,1
shizukuno reyu,shizukuno-reyu,https://nhentai.net/tag/shizukuno-reyu/,1
shizuma,shizuma,https://nhentai.net/tag/shizuma/,2
sho utsumi,sho-utsumi,https://nhentai.net/tag/sho-utsumi/,1
shoga,shoga,https://nhentai.net/tag/shoga/,2
shokushu,shokushu,https://nhentai.net/tag/shokushu/,1
shokushu teikoku,shokushu-teikoku,https://nhentai.net/tag/shokushu-teikoku/,1
shokuyou arikui,shokuyou-arikui,https://nhentai.net/tag/shokuyou-arikui/,1
short kami,short-kami,https://nhentai.net/tag/short-kami/,1
shotacon,shotacon,https://nhentai.net/tag/shotacon/,64634
shotademel,shotademel,https://nhentai.net/tag/shotademel/,2
shotashikan kyouwakoku,shotashikan-kyouwakoku,https://nhentai.net/tag/shotashikan-kyouwakoku/,1
shoto,shoto,https://nhentai.net/tag/shoto/,3
shots,shots,https://nhentai.net/tag/shots/,1
shoudama potekora,shoudama-potekora,https://nhentai.net/tag/shoudama-potekora/,1
shoujo yoshitsune den,shoujo-yoshitsune-den,https://nhentai.net/tag/shoujo-yoshitsune-den/,1
shounai bousouzoku,shounai-bousouzoku,https://nhentai.net/tag/shounai-bousouzoku/,1
shounan rakujin society,shounan-rakujin-society,https://nhentai.net/tag/shounan-rakujin-society/,3
showmuro,showmuro,https://nhentai.net/tag/showmuro/,1
shrimp cake,shrimp-cake,https://nhentai.net/tag/shrimp-cake/,2
shrinking,shrinking,https://nhentai.net/tag/shrinking/,909
shu amamine,shu-amamine,https://nhentai.net/tag/shu-amamine/,1
shuhan,shuhan,https://nhentai.net/tag/shuhan/,51
shun shimotsuki,shun-shimotsuki,https://nhentai.net/tag/shun-shimotsuki/,1
shunga no hassan,shunga-no-hassan,https://nhentai.net/tag/shunga-no-hassan/,1
shuntendou,shuntendou,https://nhentai.net/tag/shuntendou/,1
shuroop,shuroop,https://nhentai.net/tag/shuroop/,1
shuruban,shuruban,https://nhentai.net/tag/shuruban/,2
shutendouji,shutendouji,https://nhentai.net/tag/shutendouji/,1
shuusuke takanashi,shuusuke-takanashi,https://nhentai.net/tag/shuusuke-takanashi/,1
siansi,siansi,https://nhentai.net/tag/siansi/,1
siao ding,siao-ding,https://nhentai.net/tag/siao-ding/,1
sid,sid,https://nhentai.net/tag/sid/,1
sierragrad,sierragrad,https://nhentai.net/tag/sierragrad/,1
sight,sight,https://nhentai.net/tag/sight/,1
sigmart,sigmart,https://nhentai.net/tag/sigmart/,1
sikiryu,sikiryu,https://nhentai.net/tag/sikiryu/,1
silicon tarou,silicon-tarou,https://nhentai.net/tag/silicon-tarou/,2
silicon2814,silicon2814,https://nhentai.net/tag/silicon2814/,1
silky the phantom thief,silky-the-phantom-thief,https://nhentai.net/tag/silky-the-phantom-thief/,2
silver candy,silver-candy,https://nhentai.net/tag/silver-candy/,1
silvermoon,silvermoon,https://nhentai.net/tag/silvermoon/,1
simasima,simasima,https://nhentai.net/tag/simasima/,1
simaura,simaura,https://nhentai.net/tag/simaura/,1
sime,sime,https://nhentai.net/tag/sime/,2
sinful palette,sinful-palette,https://nhentai.net/tag/sinful-palette/,2
sink49,sink49,https://nhentai.net/tag/sink49/,1
sion ogura,sion-ogura,https://nhentai.net/tag/sion-ogura/,1
siranuiann,siranuiann,https://nhentai.net/tag/siranuiann/,1
siruto,siruto,https://nhentai.net/tag/siruto/,3
sister,sister,https://nhentai.net/tag/sister/,23110
six at tree,six-at-tree,https://nhentai.net/tag/six-at-tree/,2
sk2b,sk2b,https://nhentai.net/tag/sk2b/,4
skeb,skeb,https://nhentai.net/tag/skeb/,4
skeleton,skeleton,https://nhentai.net/tag/skeleton/,9
skeleton knight in another world,skeleton-knight-in-another-world,https://nhentai.net/tag/skeleton-knight-in-another-world/,1
sketch lines,sketch-lines,https://nhentai.net/tag/sketch-lines/,463
skinsuit,skinsuit,https://nhentai.net/tag/skinsuit/,1303
skip beat studio,skip-beat-studio,https://nhentai.net/tag/skip-beat-studio/,1
sksk-chan,sksk-chan,https://nhentai.net/tag/sksk-chan/,1
skunk girl,skunk-girl,https://nhentai.net/tag/skunk-girl/,5
slashpalooza,slashpalooza,https://nhentai.net/tag/slashpalooza/,1
slaughter house,slaughter-house,https://nhentai.net/tag/slaughter-house/,1
slave,slave,https://nhentai.net/tag/slave/,5897
sleeping,sleeping,https://nhentai.net/tag/sleeping/,8382
slime,slime,https://nhentai.net/tag/slime/,1728
slime boy,slime-boy,https://nhentai.net/tag/slime-boy/,45
slime girl,slime-girl,https://nhentai.net/tag/slime-girl/,853
slime milk,slime-milk,https://nhentai.net/tag/slime-milk/,1
slime taoshite 300-nen shiranai uchi ni level max ni nattemashita,slime-taoshite-300-nen-shiranai-uchi-ni-level-max-ni-nattemashita,https://nhentai.net/tag/slime-taoshite-300-nen-shiranai-uchi-ni-level-max-ni-nattemashita/,1
slug,slug,https://nhentai.net/tag/slug/,146
small breasts,small-breasts,https://nhentai.net/tag/small-breasts/,12740
small penis,small-penis,https://nhentai.net/tag/small-penis/,3079
smalldom,smalldom,https://nhentai.net/tag/smalldom/,2445
smegma,smegma,https://nhentai.net/tag/smegma/,2706
smell,smell,https://nhentai.net/tag/smell/,4979
smellslike,smellslike,https://nhentai.net/tag/smellslike/,3
smile foran company,smile-foran-company,https://nhentai.net/tag/smile-foran-company/,1
smithee,smithee,https://nhentai.net/tag/smithee/,2
smoking,smoking,https://nhentai.net/tag/smoking/,436
snail girl,snail-girl,https://nhentai.net/tag/snail-girl/,15
snake,snake,https://nhentai.net/tag/snake/,239
snake boy,snake-boy,https://nhentai.net/tag/snake-boy/,26
snake girl,snake-girl,https://nhentai.net/tag/snake-girl/,761
snake queen,snake-queen,https://nhentai.net/tag/snake-queen/,1
snow rain,snow-rain,https://nhentai.net/tag/snow-rain/,1
snowdrops,snowdrops,https://nhentai.net/tag/snowdrops/,4
snuff,snuff,https://nhentai.net/tag/snuff/,5866
so-en,so-en,https://nhentai.net/tag/so-en/,1
so-ryu,so-ryu,https://nhentai.net/tag/so-ryu/,1
soa sora,soa-sora,https://nhentai.net/tag/soa-sora/,3
soba pasta udon,soba-pasta-udon,https://nhentai.net/tag/soba-pasta-udon/,2
soboro,soboro,https://nhentai.net/tag/soboro/,1
sochiin shounen gasshoudan,sochiin-shounen-gasshoudan,https://nhentai.net/tag/sochiin-shounen-gasshoudan/,3
sockjob,sockjob,https://nhentai.net/tag/sockjob/,166
sodebeam,sodebeam,https://nhentai.net/tag/sodebeam/,1
sodom,sodom,https://nhentai.net/tag/sodom/,1
sofia eir roses,sofia-eir-roses,https://nhentai.net/tag/sofia-eir-roses/,1
sojima yuco,sojima-yuco,https://nhentai.net/tag/sojima-yuco/,1
sokuochi shoujo,sokuochi-shoujo,https://nhentai.net/tag/sokuochi-shoujo/,4
sokushi,sokushi,https://nhentai.net/tag/sokushi/,1
sole dickgirl,sole-dickgirl,https://nhentai.net/tag/sole-dickgirl/,8672
sole female,sole-female,https://nhentai.net/tag/sole-female/,189003
sole femla,sole-femla,https://nhentai.net/tag/sole-femla/,1
sole fmelae,sole-fmelae,https://nhentai.net/tag/sole-fmelae/,1
sole male,sole-male,https://nhentai.net/tag/sole-male/,169300
sole pussyboy,sole-pussyboy,https://nhentai.net/tag/sole-pussyboy/,91
solo action,solo-action,https://nhentai.net/tag/solo-action/,2909
son,son,https://nhentai.net/tag/son/,2
sonna bakana,sonna-bakana,https://nhentai.net/tag/sonna-bakana/,1
sonora,sonora,https://nhentai.net/tag/sonora/,1
sontaku studio,sontaku-studio,https://nhentai.net/tag/sontaku-studio/,3
sonzai shinai manga no hitokoma,sonzai-shinai-manga-no-hitokoma,https://nhentai.net/tag/sonzai-shinai-manga-no-hitokoma/,3
sora harewataru,sora-harewataru,https://nhentai.net/tag/sora-harewataru/,2
sorakawa sho,sorakawa-sho,https://nhentai.net/tag/sorakawa-sho/,4
soramame,soramame,https://nhentai.net/tag/soramame/,1
sorarireyu,sorarireyu,https://nhentai.net/tag/sorarireyu/,3
sorya anmarida,sorya-anmarida,https://nhentai.net/tag/sorya-anmarida/,5
soshuuhen,soshuuhen,https://nhentai.net/tag/soshuuhen/,1
souchou shin,souchou-shin,https://nhentai.net/tag/souchou-shin/,10
souda,souda,https://nhentai.net/tag/souda/,4
soudeiba,soudeiba,https://nhentai.net/tag/soudeiba/,2
sougetsu naru,sougetsu-naru,https://nhentai.net/tag/sougetsu-naru/,2
sougi-ya,sougi-ya,https://nhentai.net/tag/sougi-ya/,3
sound project,sound-project,https://nhentai.net/tag/sound-project/,1
soushuuhen,soushuuhen,https://nhentai.net/tag/soushuuhen/,2135
space ship,space-ship,https://nhentai.net/tag/space-ship/,1
spanking,spanking,https://nhentai.net/tag/spanking/,4008
sparkling cookie,sparkling-cookie,https://nhentai.net/tag/sparkling-cookie/,1
speculum,speculum,https://nhentai.net/tag/speculum/,402
spider,spider,https://nhentai.net/tag/spider/,49
spider-cage,spider-cage,https://nhentai.net/tag/spider-cage/,1
spider girl,spider-girl,https://nhentai.net/tag/spider-girl/,254
split tongue,split-tongue,https://nhentai.net/tag/split-tongue/,40
spring,spring,https://nhentai.net/tag/spring/,1
springartworks,springartworks,https://nhentai.net/tag/springartworks/,1
squall8,squall8,https://nhentai.net/tag/squall8/,1
squid boy,squid-boy,https://nhentai.net/tag/squid-boy/,31
squid girl,squid-girl,https://nhentai.net/tag/squid-girl/,289
squirrel boy,squirrel-boy,https://nhentai.net/tag/squirrel-boy/,1
squirrel girl,squirrel-girl,https://nhentai.net/tag/squirrel-girl/,93
squirting,squirting,https://nhentai.net/tag/squirting/,10271
ssaem,ssaem,https://nhentai.net/tag/ssaem/,2
ssbbm,ssbbm,https://nhentai.net/tag/ssbbm/,18
ssbbw,ssbbw,https://nhentai.net/tag/ssbbw/,200
stainless night,stainless-night,https://nhentai.net/tag/stainless-night/,4
standing sex,standing-sex,https://nhentai.net/tag/standing-sex/,2
star heart,star-heart,https://nhentai.net/tag/star-heart/,1
star man,star-man,https://nhentai.net/tag/star-man/,1
star strike it rich,star-strike-it-rich,https://nhentai.net/tag/star-strike-it-rich/,1
std.montblanc,std-montblanc,https://nhentai.net/tag/std-montblanc/,2
stealth koubou,stealth-koubou,https://nhentai.net/tag/stealth-koubou/,1
stealthcraftwork,stealthcraftwork,https://nhentai.net/tag/stealthcraftwork/,3
stellar drop,stellar-drop,https://nhentai.net/tag/stellar-drop/,2
stewardess,stewardess,https://nhentai.net/tag/stewardess/,226
sting,sting,https://nhentai.net/tag/sting/,1
stirrup legwear,stirrup-legwear,https://nhentai.net/tag/stirrup-legwear/,813
stockings,stockings,https://nhentai.net/tag/stockings/,108384
stomach deformation,stomach-deformation,https://nhentai.net/tag/stomach-deformation/,11727
store,store,https://nhentai.net/tag/store/,1
story arc,story-arc,https://nhentai.net/tag/story-arc/,23075
straitjacket,straitjacket,https://nhentai.net/tag/straitjacket/,73
strand infinity,strand-infinity,https://nhentai.net/tag/strand-infinity/,2
stranded,stranded,https://nhentai.net/tag/stranded/,1
strap-on,strap-on,https://nhentai.net/tag/strap-on/,5899
stretching,stretching,https://nhentai.net/tag/stretching/,170
strong shuzou,strong-shuzou,https://nhentai.net/tag/strong-shuzou/,1
stuck in wall,stuck-in-wall,https://nhentai.net/tag/stuck-in-wall/,1439
studio galapagos,studio-galapagos,https://nhentai.net/tag/studio-galapagos/,1
studio honey,studio-honey,https://nhentai.net/tag/studio-honey/,1
studio linka,studio-linka,https://nhentai.net/tag/studio-linka/,2
studio m3,studio-m3,https://nhentai.net/tag/studio-m3/,1
studio macaron,studio-macaron,https://nhentai.net/tag/studio-macaron/,4
studio mauranchi,studio-mauranchi,https://nhentai.net/tag/studio-mauranchi/,1
studio semendaru,studio-semendaru,https://nhentai.net/tag/studio-semendaru/,2
sudati,sudati,https://nhentai.net/tag/sudati/,4
sudou raikuu,sudou-raikuu,https://nhentai.net/tag/sudou-raikuu/,3
suehiro machi,suehiro-machi,https://nhentai.net/tag/suehiro-machi/,2
suelecia zagan analeit,suelecia-zagan-analeit,https://nhentai.net/tag/suelecia-zagan-analeit/,1
suga juurou,suga-juurou,https://nhentai.net/tag/suga-juurou/,1
sugar coat,sugar-coat,https://nhentai.net/tag/sugar-coat/,1
sugar junkie,sugar-junkie,https://nhentai.net/tag/sugar-junkie/,1
sugimura takeshi,sugimura-takeshi,https://nhentai.net/tag/sugimura-takeshi/,1
sugishin,sugishin,https://nhentai.net/tag/sugishin/,2
sugiura yuki,sugiura-yuki,https://nhentai.net/tag/sugiura-yuki/,5
sugomori bird,sugomori-bird,https://nhentai.net/tag/sugomori-bird/,1
sugota,sugota,https://nhentai.net/tag/sugota/,1
suguru getou,suguru-getou,https://nhentai.net/tag/suguru-getou/,1
suidengetsu,suidengetsu,https://nhentai.net/tag/suidengetsu/,1
suihei-teil,suihei-teil,https://nhentai.net/tag/suihei-teil/,1
suijakusizombie,suijakusizombie,https://nhentai.net/tag/suijakusizombie/,1
suika yuuta,suika-yuuta,https://nhentai.net/tag/suika-yuuta/,1
suimen,suimen,https://nhentai.net/tag/suimen/,1
suisui,suisui,https://nhentai.net/tag/suisui/,2
suji kaminari,suji-kaminari,https://nhentai.net/tag/suji-kaminari/,1
sujikoya,sujikoya,https://nhentai.net/tag/sujikoya/,1
sukebe fanclub,sukebe-fanclub,https://nhentai.net/tag/sukebe-fanclub/,1
sukezaemon,sukezaemon,https://nhentai.net/tag/sukezaemon/,1
sukimatyaya,sukimatyaya,https://nhentai.net/tag/sukimatyaya/,1
sukoyaka gozen,sukoyaka-gozen,https://nhentai.net/tag/sukoyaka-gozen/,1
sukuna,sukuna,https://nhentai.net/tag/sukuna/,3
sumairu,sumairu,https://nhentai.net/tag/sumairu/,2
sumata,sumata,https://nhentai.net/tag/sumata/,2561
sumeragi rin,sumeragi-rin,https://nhentai.net/tag/sumeragi-rin/,2
sumiddu,sumiddu,https://nhentai.net/tag/sumiddu/,1
sumikko no ou-sama,sumikko-no-ou-sama,https://nhentai.net/tag/sumikko-no-ou-sama/,1
sumiso no hito,sumiso-no-hito,https://nhentai.net/tag/sumiso-no-hito/,2
summer mv,summer-mv,https://nhentai.net/tag/summer-mv/,1
sumomo,sumomo,https://nhentai.net/tag/sumomo/,1
sumou,sumou,https://nhentai.net/tag/sumou/,1
suna natsume,suna-natsume,https://nhentai.net/tag/suna-natsume/,4
sunagimo dx,sunagimo-dx,https://nhentai.net/tag/sunagimo-dx/,1
sunday,sunday,https://nhentai.net/tag/sunday/,1
sundress,sundress,https://nhentai.net/tag/sundress/,1278
sunglasses,sunglasses,https://nhentai.net/tag/sunglasses/,1491
sunstar,sunstar,https://nhentai.net/tag/sunstar/,1
suppai,suppai,https://nhentai.net/tag/suppai/,5
supuratta,supuratta,https://nhentai.net/tag/supuratta/,1
suruga shigi,suruga-shigi,https://nhentai.net/tag/suruga-shigi/,2
sushi yama,sushi-yama,https://nhentai.net/tag/sushi-yama/,1
sushishi,sushishi,https://nhentai.net/tag/sushishi/,1
suspended,suspended,https://nhentai.net/tag/suspended/,2
sutorai,sutorai,https://nhentai.net/tag/sutorai/,1
suzugaeru,suzugaeru,https://nhentai.net/tag/suzugaeru/,1
suzuhara toufu,suzuhara-toufu,https://nhentai.net/tag/suzuhara-toufu/,3
suzuki kenya,suzuki-kenya,https://nhentai.net/tag/suzuki-kenya/,1
suzuki takeshi,suzuki-takeshi,https://nhentai.net/tag/suzuki-takeshi/,1
suzume hibari,suzume-hibari,https://nhentai.net/tag/suzume-hibari/,1
suzume koya,suzume-koya,https://nhentai.net/tag/suzume-koya/,1
suzume no tojimari,suzume-no-tojimari,https://nhentai.net/tag/suzume-no-tojimari/,1
suzumi morizuki,suzumi-morizuki,https://nhentai.net/tag/suzumi-morizuki/,1
suzumizu fushi,suzumizu-fushi,https://nhentai.net/tag/suzumizu-fushi/,1
suzunashi rei,suzunashi-rei,https://nhentai.net/tag/suzunashi-rei/,2
suzuoka chitose,suzuoka-chitose,https://nhentai.net/tag/suzuoka-chitose/,1
suzurikawa wasabi,suzurikawa-wasabi,https://nhentai.net/tag/suzurikawa-wasabi/,1
suzushiro rei,suzushiro-rei,https://nhentai.net/tag/suzushiro-rei/,1
suzushiro seri,suzushiro-seri,https://nhentai.net/tag/suzushiro-seri/,1
suzushiro yakumo,suzushiro-yakumo,https://nhentai.net/tag/suzushiro-yakumo/,1
sway,sway,https://nhentai.net/tag/sway/,2
sweating,sweating,https://nhentai.net/tag/sweating/,22140
sweet milk,sweet-milk,https://nhentai.net/tag/sweet-milk/,4
sweetie.,sweetie,https://nhentai.net/tag/sweetie/,1
sweetswolf,sweetswolf,https://nhentai.net/tag/sweetswolf/,1
swimsuit,swimsuit,https://nhentai.net/tag/swimsuit/,33316
swinging,swinging,https://nhentai.net/tag/swinging/,2229
syakasyakapotete,syakasyakapotete,https://nhentai.net/tag/syakasyakapotete/,1
syake-ama,syake-ama,https://nhentai.net/tag/syake-ama/,1
syno,syno,https://nhentai.net/tag/syno/,2
synolee,synolee,https://nhentai.net/tag/synolee/,2
syntier13,syntier13,https://nhentai.net/tag/syntier13/,1
syoumeiya,syoumeiya,https://nhentai.net/tag/syoumeiya/,4
syringe,syringe,https://nhentai.net/tag/syringe/,319
syunka kikaku,syunka-kikaku,https://nhentai.net/tag/syunka-kikaku/,7
syunkarow,syunkarow,https://nhentai.net/tag/syunkarow/,6
t landolt,t-landolt,https://nhentai.net/tag/t-landolt/,1
t.ushikawa,t-ushikawa,https://nhentai.net/tag/t-ushikawa/,2
ta-bou,ta-bou,https://nhentai.net/tag/ta-bou/,1
ta-ta,ta-ta,https://nhentai.net/tag/ta-ta/,1
taba,taba,https://nhentai.net/tag/taba/,1
tabi glass,tabi-glass,https://nhentai.net/tag/tabi-glass/,1
tabi socks,tabi-socks,https://nhentai.net/tag/tabi-socks/,48
table masturbation,table-masturbation,https://nhentai.net/tag/table-masturbation/,362
tachi iyashi,tachi-iyashi,https://nhentai.net/tag/tachi-iyashi/,1
tachibana ami,tachibana-ami,https://nhentai.net/tag/tachibana-ami/,2
tachibana asane,tachibana-asane,https://nhentai.net/tag/tachibana-asane/,1
tachibana hinano,tachibana-hinano,https://nhentai.net/tag/tachibana-hinano/,4
tachibana ruri,tachibana-ruri,https://nhentai.net/tag/tachibana-ruri/,1
tachibana tatsuru,tachibana-tatsuru,https://nhentai.net/tag/tachibana-tatsuru/,1
tachiko,tachiko,https://nhentai.net/tag/tachiko/,1
tadanoyasu,tadanoyasu,https://nhentai.net/tag/tadanoyasu/,5
tadashi akira,tadashi-akira,https://nhentai.net/tag/tadashi-akira/,1
tadashigaki,tadashigaki,https://nhentai.net/tag/tadashigaki/,1
tadekawa,tadekawa,https://nhentai.net/tag/tadekawa/,2
tado jou,tado-jou,https://nhentai.net/tag/tado-jou/,1
taema barou-kun,taema-barou-kun,https://nhentai.net/tag/taema-barou-kun/,1
tagajyou grand fleet,tagajyou-grand-fleet,https://nhentai.net/tag/tagajyou-grand-fleet/,1
tagata,tagata,https://nhentai.net/tag/tagata/,1
tagiru akashi,tagiru-akashi,https://nhentai.net/tag/tagiru-akashi/,1
tai doujinshi doukoukai,tai-doujinshi-doukoukai,https://nhentai.net/tag/tai-doujinshi-doukoukai/,1
taiga,taiga,https://nhentai.net/tag/taiga/,3
taiga rei,taiga-rei,https://nhentai.net/tag/taiga-rei/,1
taiki inomata,taiki-inomata,https://nhentai.net/tag/taiki-inomata/,2
taiki kudou,taiki-kudou,https://nhentai.net/tag/taiki-kudou/,1
taiko leong,taiko-leong,https://nhentai.net/tag/taiko-leong/,3
taiko no fang,taiko-no-fang,https://nhentai.net/tag/taiko-no-fang/,1
tail,tail,https://nhentai.net/tag/tail/,13846
tail plug,tail-plug,https://nhentai.net/tag/tail-plug/,3777
tailjob,tailjob,https://nhentai.net/tag/tailjob/,481
tailphagia,tailphagia,https://nhentai.net/tag/tailphagia/,135
taimanin,taimanin,https://nhentai.net/tag/taimanin/,6
taion,taion,https://nhentai.net/tag/taion/,1
taira rurit,taira-rurit,https://nhentai.net/tag/taira-rurit/,1
tairakuten,tairakuten,https://nhentai.net/tag/tairakuten/,2
taisei onari,taisei-onari,https://nhentai.net/tag/taisei-onari/,1
taishou dokanism,taishou-dokanism,https://nhentai.net/tag/taishou-dokanism/,1
taishou mebiusline,taishou-mebiusline,https://nhentai.net/tag/taishou-mebiusline/,1
taito,taito,https://nhentai.net/tag/taito/,2
taiyaki pan,taiyaki-pan,https://nhentai.net/tag/taiyaki-pan/,1
taiyou no nishi,taiyou-no-nishi,https://nhentai.net/tag/taiyou-no-nishi/,1
taiyou takada,taiyou-takada,https://nhentai.net/tag/taiyou-takada/,1
tajima shinobu,tajima-shinobu,https://nhentai.net/tag/tajima-shinobu/,1
takaedakanihasami,takaedakanihasami,https://nhentai.net/tag/takaedakanihasami/,1
takafuji,takafuji,https://nhentai.net/tag/takafuji/,1
takagi yuuji,takagi-yuuji,https://nhentai.net/tag/takagi-yuuji/,1
takamura yakumo,takamura-yakumo,https://nhentai.net/tag/takamura-yakumo/,1
takao kinomiya,takao-kinomiya,https://nhentai.net/tag/takao-kinomiya/,1
takaoka heihachi,takaoka-heihachi,https://nhentai.net/tag/takaoka-heihachi/,1
takasaki aneki,takasaki-aneki,https://nhentai.net/tag/takasaki-aneki/,1
takase mie,takase-mie,https://nhentai.net/tag/takase-mie/,2
takase shinya,takase-shinya,https://nhentai.net/tag/takase-shinya/,3
takashima shoa,takashima-shoa,https://nhentai.net/tag/takashima-shoa/,2
take takashi,take-takashi,https://nhentai.net/tag/take-takashi/,1
takeaki gaku,takeaki-gaku,https://nhentai.net/tag/takeaki-gaku/,1
takeefu,takeefu,https://nhentai.net/tag/takeefu/,1
takemitsu tenta,takemitsu-tenta,https://nhentai.net/tag/takemitsu-tenta/,8
takenaka yukari,takenaka-yukari,https://nhentai.net/tag/takenaka-yukari/,1
takeshinshi,takeshinshi,https://nhentai.net/tag/takeshinshi/,1
taki reiki,taki-reiki,https://nhentai.net/tag/taki-reiki/,1
takino mishin,takino-mishin,https://nhentai.net/tag/takino-mishin/,4
tako no niwa,tako-no-niwa,https://nhentai.net/tag/tako-no-niwa/,6
tako yamaji,tako-yamaji,https://nhentai.net/tag/tako-yamaji/,2
takoika,takoika,https://nhentai.net/tag/takoika/,1
takota konu,takota-konu,https://nhentai.net/tag/takota-konu/,2
takotokite,takotokite,https://nhentai.net/tag/takotokite/,1
takuan labo,takuan-labo,https://nhentai.net/tag/takuan-labo/,1
takuan-ya,takuan-ya,https://nhentai.net/tag/takuan-ya/,3
takurowodou,takurowodou,https://nhentai.net/tag/takurowodou/,1
tall girl,tall-girl,https://nhentai.net/tag/tall-girl/,5343
tall man,tall-man,https://nhentai.net/tag/tall-man/,2322
talon,talon,https://nhentai.net/tag/talon/,1
tama go no ikesu,tama-go-no-ikesu,https://nhentai.net/tag/tama-go-no-ikesu/,1
tama project,tama-project,https://nhentai.net/tag/tama-project/,2
tamagomeshi,tamagomeshi,https://nhentai.net/tag/tamagomeshi/,1
tamamo kyosuke,tamamo-kyosuke,https://nhentai.net/tag/tamamo-kyosuke/,1
tamanoi nana,tamanoi-nana,https://nhentai.net/tag/tamanoi-nana/,1
tamaran,tamaran,https://nhentai.net/tag/tamaran/,1
tamarantei,tamarantei,https://nhentai.net/tag/tamarantei/,1
tamasuke,tamasuke,https://nhentai.net/tag/tamasuke/,2
tamazushi,tamazushi,https://nhentai.net/tag/tamazushi/,1
tamima,tamima,https://nhentai.net/tag/tamima/,2
tamimaya,tamimaya,https://nhentai.net/tag/tamimaya/,2
tammy myers,tammy-myers,https://nhentai.net/tag/tammy-myers/,1
tamotsu,tamotsu,https://nhentai.net/tag/tamotsu/,1
tan otori,tan-otori,https://nhentai.net/tag/tan-otori/,1
tana kayushi,tana-kayushi,https://nhentai.net/tag/tana-kayushi/,1
tanaka aki,tanaka-aki,https://nhentai.net/tag/tanaka-aki/,2
tananne,tananne,https://nhentai.net/tag/tananne/,1
taneya,taneya,https://nhentai.net/tag/taneya/,3
tanjou,tanjou,https://nhentai.net/tag/tanjou/,1
tankobu kids,tankobu-kids,https://nhentai.net/tag/tankobu-kids/,2
tankoubon,tankoubon,https://nhentai.net/tag/tankoubon/,36974
tankouyon,tankouyon,https://nhentai.net/tag/tankouyon/,1
tanlines,tanlines,https://nhentai.net/tag/tanlines/,10195
tanukineiri,tanukineiri,https://nhentai.net/tag/tanukineiri/,1
tarai climax,tarai-climax,https://nhentai.net/tag/tarai-climax/,1
tarcho,tarcho,https://nhentai.net/tag/tarcho/,1
taroimo tarou,taroimo-tarou,https://nhentai.net/tag/taroimo-tarou/,1
taroimobatake,taroimobatake,https://nhentai.net/tag/taroimobatake/,1
tarou-ya,tarou-ya,https://nhentai.net/tag/tarou-ya/,1
tarutoru,tarutoru,https://nhentai.net/tag/tarutoru/,1
tasogare harowin,tasogare-harowin,https://nhentai.net/tag/tasogare-harowin/,1
tasuke seinyuu,tasuke-seinyuu,https://nhentai.net/tag/tasuke-seinyuu/,1
tasumetoro,tasumetoro,https://nhentai.net/tag/tasumetoro/,2
tatakita,tatakita,https://nhentai.net/tag/tatakita/,1
tatsu niini,tatsu-niini,https://nhentai.net/tag/tatsu-niini/,1
tatsuko,tatsuko,https://nhentai.net/tag/tatsuko/,1
tatsunoko no konori,tatsunoko-no-konori,https://nhentai.net/tag/tatsunoko-no-konori/,2
tattsuu,tattsuu,https://nhentai.net/tag/tattsuu/,1
tawaraya komeda,tawaraya-komeda,https://nhentai.net/tag/tawaraya-komeda/,1
tawashi,tawashi,https://nhentai.net/tag/tawashi/,3
tawawa club,tawawa-club,https://nhentai.net/tag/tawawa-club/,1
tawawa delivery,tawawa-delivery,https://nhentai.net/tag/tawawa-delivery/,1
tawawa seimenjo,tawawa-seimenjo,https://nhentai.net/tag/tawawa-seimenjo/,6
tawawaya,tawawaya,https://nhentai.net/tag/tawawaya/,2
tayu to yukai na kibidango,tayu-to-yukai-na-kibidango,https://nhentai.net/tag/tayu-to-yukai-na-kibidango/,1
teacher,teacher,https://nhentai.net/tag/teacher/,17577
teamkid,teamkid,https://nhentai.net/tag/teamkid/,1
teardrop,teardrop,https://nhentai.net/tag/teardrop/,1
teaser apron,teaser-apron,https://nhentai.net/tag/teaser-apron/,1
tedaremonra,tedaremonra,https://nhentai.net/tag/tedaremonra/,2
tei,tei,https://nhentai.net/tag/tei/,1
teika nou,teika-nou,https://nhentai.net/tag/teika-nou/,5
teiryoku lolita,teiryoku-lolita,https://nhentai.net/tag/teiryoku-lolita/,4
teishibou chichi,teishibou-chichi,https://nhentai.net/tag/teishibou-chichi/,1
tekkinpapa,tekkinpapa,https://nhentai.net/tag/tekkinpapa/,2
tekko,tekko,https://nhentai.net/tag/tekko/,1
tekkou bondo,tekkou-bondo,https://nhentai.net/tag/tekkou-bondo/,1
templicher,templicher,https://nhentai.net/tag/templicher/,5
temuworoshi ponsuke,temuworoshi-ponsuke,https://nhentai.net/tag/temuworoshi-ponsuke/,1
tende shouwaru cupid,tende-shouwaru-cupid,https://nhentai.net/tag/tende-shouwaru-cupid/,1
tenga,tenga,https://nhentai.net/tag/tenga/,1
tengo hambre,tengo-hambre,https://nhentai.net/tag/tengo-hambre/,1
tengusaru,tengusaru,https://nhentai.net/tag/tengusaru/,1
tenjou shio,tenjou-shio,https://nhentai.net/tag/tenjou-shio/,2
tenka issui,tenka-issui,https://nhentai.net/tag/tenka-issui/,1
tenki nori,tenki-nori,https://nhentai.net/tag/tenki-nori/,1
tenkoinu,tenkoinu,https://nhentai.net/tag/tenkoinu/,1
tenma nozomi,tenma-nozomi,https://nhentai.net/tag/tenma-nozomi/,1
tenmusu,tenmusu,https://nhentai.net/tag/tenmusu/,2
tennen inari,tennen-inari,https://nhentai.net/tag/tennen-inari/,2
tenno,tenno,https://nhentai.net/tag/tenno/,1
tenochtitlan,tenochtitlan,https://nhentai.net/tag/tenochtitlan/,1
tentacles,tentacles,https://nhentai.net/tag/tentacles/,23230
tentekomai,tentekomai,https://nhentai.net/tag/tentekomai/,1
tenuwi,tenuwi,https://nhentai.net/tag/tenuwi/,1
tepen,tepen,https://nhentai.net/tag/tepen/,3
tequila,tequila,https://nhentai.net/tag/tequila/,1
tera ichigo,tera-ichigo,https://nhentai.net/tag/tera-ichigo/,1
terano haruna,terano-haruna,https://nhentai.net/tag/terano-haruna/,1
terao,terao,https://nhentai.net/tag/terao/,1
terasumc,terasumc,https://nhentai.net/tag/terasumc/,1
terauchi takahiro,terauchi-takahiro,https://nhentai.net/tag/terauchi-takahiro/,1
teriniku,teriniku,https://nhentai.net/tag/teriniku/,1
teritama potekora,teritama-potekora,https://nhentai.net/tag/teritama-potekora/,1
teriyaki sasami,teriyaki-sasami,https://nhentai.net/tag/teriyaki-sasami/,1
teriyaki sasami donburi,teriyaki-sasami-donburi,https://nhentai.net/tag/teriyaki-sasami-donburi/,1
terra earth,terra-earth,https://nhentai.net/tag/terra-earth/,1
tetsudou hisakawa,tetsudou-hisakawa,https://nhentai.net/tag/tetsudou-hisakawa/,2
tetsugyo,tetsugyo,https://nhentai.net/tag/tetsugyo/,2
tetsukabuto nuranura,tetsukabuto-nuranura,https://nhentai.net/tag/tetsukabuto-nuranura/,2
tetsuya agoryuu,tetsuya-agoryuu,https://nhentai.net/tag/tetsuya-agoryuu/,1
texteater,texteater,https://nhentai.net/tag/texteater/,7
tf bunko,tf-bunko,https://nhentai.net/tag/tf-bunko/,1
tguo,tguo,https://nhentai.net/tag/tguo/,1
thalia,thalia,https://nhentai.net/tag/thalia/,2
the future-retro hero story,the-future-retro-hero-story,https://nhentai.net/tag/the-future-retro-hero-story/,1
the genie family,the-genie-family,https://nhentai.net/tag/the-genie-family/,1
the legend of luoxiaohei,the-legend-of-luoxiaohei,https://nhentai.net/tag/the-legend-of-luoxiaohei/,1
themeless,themeless,https://nhentai.net/tag/themeless/,24
thick eyebrows,thick-eyebrows,https://nhentai.net/tag/thick-eyebrows/,2418
thigh high boots,thigh-high-boots,https://nhentai.net/tag/thigh-high-boots/,6388
thirty8ght,thirty8ght,https://nhentai.net/tag/thirty8ght/,2
ti keep,ti-keep,https://nhentai.net/tag/ti-keep/,2
tiara,tiara,https://nhentai.net/tag/tiara/,3068
tickling,tickling,https://nhentai.net/tag/tickling/,1869
tiger,tiger,https://nhentai.net/tag/tiger/,13
tights,tights,https://nhentai.net/tag/tights/,511
time stop,time-stop,https://nhentai.net/tag/time-stop/,1313
tingyun,tingyun,https://nhentai.net/tag/tingyun/,2
tiny planet,tiny-planet,https://nhentai.net/tag/tiny-planet/,1
tita russell,tita-russell,https://nhentai.net/tag/tita-russell/,1
titlover,titlover,https://nhentai.net/tag/titlover/,2
tkf,tkf,https://nhentai.net/tag/tkf/,1
tkosukotei,tkosukotei,https://nhentai.net/tag/tkosukotei/,1
tlaloc,tlaloc,https://nhentai.net/tag/tlaloc/,1
tnd,tnd,https://nhentai.net/tag/tnd/,1
to hegemonicon,to-hegemonicon,https://nhentai.net/tag/to-hegemonicon/,1
toaru kagaku no railgun,toaru-kagaku-no-railgun,https://nhentai.net/tag/toaru-kagaku-no-railgun/,4
toaru majutsu no index,toaru-majutsu-no-index,https://nhentai.net/tag/toaru-majutsu-no-index/,7
toba minami,toba-minami,https://nhentai.net/tag/toba-minami/,1
tobiume sayu,tobiume-sayu,https://nhentai.net/tag/tobiume-sayu/,1
todd ingram,todd-ingram,https://nhentai.net/tag/todd-ingram/,1
toddlercon,toddlercon,https://nhentai.net/tag/toddlercon/,1
todo kantoku,todo-kantoku,https://nhentai.net/tag/todo-kantoku/,1
toedscruel,toedscruel,https://nhentai.net/tag/toedscruel/,1
toeki,toeki,https://nhentai.net/tag/toeki/,1
toga mashiro,toga-mashiro,https://nhentai.net/tag/toga-mashiro/,1
toho10min,toho10min,https://nhentai.net/tag/toho10min/,1
tokaku,tokaku,https://nhentai.net/tag/tokaku/,2
tokakukaku,tokakukaku,https://nhentai.net/tag/tokakukaku/,5
tokamasu,tokamasu,https://nhentai.net/tag/tokamasu/,1
tokamosu,tokamosu,https://nhentai.net/tag/tokamosu/,1
tokei usagi,tokei-usagi,https://nhentai.net/tag/tokei-usagi/,1
toki asuma,toki-asuma,https://nhentai.net/tag/toki-asuma/,3
tokiha kanenari,tokiha-kanenari,https://nhentai.net/tag/tokiha-kanenari/,2
tokkuni tokku,tokkuni-tokku,https://nhentai.net/tag/tokkuni-tokku/,1
tokowan,tokowan,https://nhentai.net/tag/tokowan/,2
tokunaga poosaku,tokunaga-poosaku,https://nhentai.net/tag/tokunaga-poosaku/,2
tokushu joukyouka geinou katsudouka,tokushu-joukyouka-geinou-katsudouka,https://nhentai.net/tag/tokushu-joukyouka-geinou-katsudouka/,2
tokyo kumitaisou-gumi,tokyo-kumitaisou-gumi,https://nhentai.net/tag/tokyo-kumitaisou-gumi/,1
tomagiri,tomagiri,https://nhentai.net/tag/tomagiri/,1
tomatoedge,tomatoedge,https://nhentai.net/tag/tomatoedge/,2
tomboy,tomboy,https://nhentai.net/tag/tomboy/,6617
tomgirl,tomgirl,https://nhentai.net/tag/tomgirl/,20583
tomii roba,tomii-roba,https://nhentai.net/tag/tomii-roba/,2
tomikadou,tomikadou,https://nhentai.net/tag/tomikadou/,5
tominokozoku,tominokozoku,https://nhentai.net/tag/tominokozoku/,1
tomo aizawa,tomo-aizawa,https://nhentai.net/tag/tomo-aizawa/,3
tomonori iwaki,tomonori-iwaki,https://nhentai.net/tag/tomonori-iwaki/,1
tomuemuto,tomuemuto,https://nhentai.net/tag/tomuemuto/,1
tomura,tomura,https://nhentai.net/tag/tomura/,1
tonari toyama,tonari-toyama,https://nhentai.net/tag/tonari-toyama/,1
tonezato honu,tonezato-honu,https://nhentai.net/tag/tonezato-honu/,1
tonomura ayumi,tonomura-ayumi,https://nhentai.net/tag/tonomura-ayumi/,3
tonto,tonto,https://nhentai.net/tag/tonto/,1
tontorotei,tontorotei,https://nhentai.net/tag/tontorotei/,1
toono esuke,toono-esuke,https://nhentai.net/tag/toono-esuke/,1
toorisugari kari,toorisugari-kari,https://nhentai.net/tag/toorisugari-kari/,1
tooth brushing,tooth-brushing,https://nhentai.net/tag/tooth-brushing/,8
toplow,toplow,https://nhentai.net/tag/toplow/,4
toprush,toprush,https://nhentai.net/tag/toprush/,1
tops,tops,https://nhentai.net/tag/tops/,1
torai sigma,torai-sigma,https://nhentai.net/tag/torai-sigma/,3
toraka kuni puru,toraka-kuni-puru,https://nhentai.net/tag/toraka-kuni-puru/,4
toranoana,toranoana,https://nhentai.net/tag/toranoana/,2
torayarou,torayarou,https://nhentai.net/tag/torayarou/,2
toreeshii tsurukichi,toreeshii-tsurukichi,https://nhentai.net/tag/toreeshii-tsurukichi/,2
tori seisakusho,tori-seisakusho,https://nhentai.net/tag/tori-seisakusho/,2
toriaezu sasahara,toriaezu-sasahara,https://nhentai.net/tag/toriaezu-sasahara/,1
toriatsukai chuuika,toriatsukai-chuuika,https://nhentai.net/tag/toriatsukai-chuuika/,1
torigara mayo,torigara-mayo,https://nhentai.net/tag/torigara-mayo/,1
torihadansu,torihadansu,https://nhentai.net/tag/torihadansu/,1
toripon,toripon,https://nhentai.net/tag/toripon/,2
toriyama miki,toriyama-miki,https://nhentai.net/tag/toriyama-miki/,1
toriyaro,toriyaro,https://nhentai.net/tag/toriyaro/,2
torkoal,torkoal,https://nhentai.net/tag/torkoal/,1
tornado,tornado,https://nhentai.net/tag/tornado/,2
tornado man,tornado-man,https://nhentai.net/tag/tornado-man/,1
torobakoya,torobakoya,https://nhentai.net/tag/torobakoya/,2
torororo,torororo,https://nhentai.net/tag/torororo/,3
torotei,torotei,https://nhentai.net/tag/torotei/,2
torotoro yume banana,torotoro-yume-banana,https://nhentai.net/tag/torotoro-yume-banana/,1
torture,torture,https://nhentai.net/tag/torture/,3913
torunitaranai,torunitaranai,https://nhentai.net/tag/torunitaranai/,1
toten kreuz,toten-kreuz,https://nhentai.net/tag/toten-kreuz/,1
totoko,totoko,https://nhentai.net/tag/totoko/,1
totorina,totorina,https://nhentai.net/tag/totorina/,4
toubousha,toubousha,https://nhentai.net/tag/toubousha/,1
tougo asagaki,tougo-asagaki,https://nhentai.net/tag/tougo-asagaki/,2
touhikou,touhikou,https://nhentai.net/tag/touhikou/,3
touitsu rojiura kyoudoutai,touitsu-rojiura-kyoudoutai,https://nhentai.net/tag/touitsu-rojiura-kyoudoutai/,2
toujiki,toujiki,https://nhentai.net/tag/toujiki/,1
touka genteki,touka-genteki,https://nhentai.net/tag/touka-genteki/,3
toumei,toumei,https://nhentai.net/tag/toumei/,4
toumeiryuu no margaret,toumeiryuu-no-margaret,https://nhentai.net/tag/toumeiryuu-no-margaret/,1
touno oji,touno-oji,https://nhentai.net/tag/touno-oji/,1
touya toufuten,touya-toufuten,https://nhentai.net/tag/touya-toufuten/,3
touyou buzyutu gakkou,touyou-buzyutu-gakkou,https://nhentai.net/tag/touyou-buzyutu-gakkou/,1
towa miyoshi,towa-miyoshi,https://nhentai.net/tag/towa-miyoshi/,1
towa no yuugure,towa-no-yuugure,https://nhentai.net/tag/towa-no-yuugure/,1
towa tsugai,towa-tsugai,https://nhentai.net/tag/towa-tsugai/,1
toyoda poem,toyoda-poem,https://nhentai.net/tag/toyoda-poem/,1
toyono kitsune,toyono-kitsune,https://nhentai.net/tag/toyono-kitsune/,3
toyono tama,toyono-tama,https://nhentai.net/tag/toyono-tama/,1
tracksuit,tracksuit,https://nhentai.net/tag/tracksuit/,2900
trampling,trampling,https://nhentai.net/tag/trampling/,453
trand1008,trand1008,https://nhentai.net/tag/trand1008/,6
tranformation,tranformation,https://nhentai.net/tag/tranformation/,2
trans,trans,https://nhentai.net/tag/trans/,1
transformation,transformation,https://nhentai.net/tag/transformation/,4557
transparent clothing,transparent-clothing,https://nhentai.net/tag/transparent-clothing/,492
traptrix allomerus,traptrix-allomerus,https://nhentai.net/tag/traptrix-allomerus/,2
traptrix atrax,traptrix-atrax,https://nhentai.net/tag/traptrix-atrax/,2
traptrix cularia,traptrix-cularia,https://nhentai.net/tag/traptrix-cularia/,3
traptrix dionaea,traptrix-dionaea,https://nhentai.net/tag/traptrix-dionaea/,2
traptrix mantis,traptrix-mantis,https://nhentai.net/tag/traptrix-mantis/,3
traptrix myrmeleo,traptrix-myrmeleo,https://nhentai.net/tag/traptrix-myrmeleo/,1
traptrix nepenthes,traptrix-nepenthes,https://nhentai.net/tag/traptrix-nepenthes/,1
traptrix sera,traptrix-sera,https://nhentai.net/tag/traptrix-sera/,2
treefrogrunning,treefrogrunning,https://nhentai.net/tag/treefrogrunning/,1
tribadism,tribadism,https://nhentai.net/tag/tribadism/,3844
tricera koubou,tricera-koubou,https://nhentai.net/tag/tricera-koubou/,1
tricky,tricky,https://nhentai.net/tag/tricky/,3
triple anal,triple-anal,https://nhentai.net/tag/triple-anal/,89
triple penetration,triple-penetration,https://nhentai.net/tag/triple-penetration/,2497
triple vaginal,triple-vaginal,https://nhentai.net/tag/triple-vaginal/,136
tripura shounen,tripura-shounen,https://nhentai.net/tag/tripura-shounen/,1
truffe,truffe,https://nhentai.net/tag/truffe/,2
tsp,tsp,https://nhentai.net/tag/tsp/,1
tsubotaro,tsubotaro,https://nhentai.net/tag/tsubotaro/,1
tsujidou ayase,tsujidou-ayase,https://nhentai.net/tag/tsujidou-ayase/,1
tsujimoto an,tsujimoto-an,https://nhentai.net/tag/tsujimoto-an/,4
tsujimoto junpei,tsujimoto-junpei,https://nhentai.net/tag/tsujimoto-junpei/,7
tsukimino miu,tsukimino-miu,https://nhentai.net/tag/tsukimino-miu/,1
tsukishima hiruko,tsukishima-hiruko,https://nhentai.net/tag/tsukishima-hiruko/,1
tsukumo yuuji,tsukumo-yuuji,https://nhentai.net/tag/tsukumo-yuuji/,2
tsumikidou,tsumikidou,https://nhentai.net/tag/tsumikidou/,1
tsumikiya,tsumikiya,https://nhentai.net/tag/tsumikiya/,3
tsumugi aoba,tsumugi-aoba,https://nhentai.net/tag/tsumugi-aoba/,1
tsumura,tsumura,https://nhentai.net/tag/tsumura/,1
tsumuri,tsumuri,https://nhentai.net/tag/tsumuri/,6
tsune,tsune,https://nhentai.net/tag/tsune/,1
tsunodzuka,tsunodzuka,https://nhentai.net/tag/tsunodzuka/,12
tsunohebi-kai,tsunohebi-kai,https://nhentai.net/tag/tsunohebi-kai/,1
tsunonigau,tsunonigau,https://nhentai.net/tag/tsunonigau/,1
tsunozuka,tsunozuka,https://nhentai.net/tag/tsunozuka/,1
tsuruga,tsuruga,https://nhentai.net/tag/tsuruga/,1
tsurui toto,tsurui-toto,https://nhentai.net/tag/tsurui-toto/,1
tsurumaki maki,tsurumaki-maki,https://nhentai.net/tag/tsurumaki-maki/,1
tsurusato yuu,tsurusato-yuu,https://nhentai.net/tag/tsurusato-yuu/,1
tsutsuda,tsutsuda,https://nhentai.net/tag/tsutsuda/,1
tsuyatsuya pon-ta,tsuyatsuya-pon-ta,https://nhentai.net/tag/tsuyatsuya-pon-ta/,1
tsuyoi onnanoko,tsuyoi-onnanoko,https://nhentai.net/tag/tsuyoi-onnanoko/,1
ttf threesome,ttf-threesome,https://nhentai.net/tag/ttf-threesome/,836
ttm threesome,ttm-threesome,https://nhentai.net/tag/ttm-threesome/,414
ttt threesome,ttt-threesome,https://nhentai.net/tag/ttt-threesome/,167
tube,tube,https://nhentai.net/tag/tube/,528
tuna empire,tuna-empire,https://nhentai.net/tag/tuna-empire/,77
tundra man,tundra-man,https://nhentai.net/tag/tundra-man/,1
turisasu,turisasu,https://nhentai.net/tag/turisasu/,3
turquoise,turquoise,https://nhentai.net/tag/turquoise/,2
turtle,turtle,https://nhentai.net/tag/turtle/,1
tutor,tutor,https://nhentai.net/tag/tutor/,1543
tuxedo cat,tuxedo-cat,https://nhentai.net/tag/tuxedo-cat/,1
tuxig,tuxig,https://nhentai.net/tag/tuxig/,2
twinkyweeb,twinkyweeb,https://nhentai.net/tag/twinkyweeb/,1
twins,twins,https://nhentai.net/tag/twins/,3103
twintails,twintails,https://nhentai.net/tag/twintails/,35863
tyontyon,tyontyon,https://nhentai.net/tag/tyontyon/,2
u ally,u-ally,https://nhentai.net/tag/u-ally/,1
u.c.jupiter,u-c-jupiter,https://nhentai.net/tag/u-c-jupiter/,1
u82,u82,https://nhentai.net/tag/u82/,1
uchuu-jin tanaka tarou,uchuu-jin-tanaka-tarou,https://nhentai.net/tag/uchuu-jin-tanaka-tarou/,3
uchuujin muumuu,uchuujin-muumuu,https://nhentai.net/tag/uchuujin-muumuu/,1
udako,udako,https://nhentai.net/tag/udako/,1
ude,ude,https://nhentai.net/tag/ude/,1
udokurokujou,udokurokujou,https://nhentai.net/tag/udokurokujou/,5
udon attack,udon-attack,https://nhentai.net/tag/udon-attack/,1
udon no hoshi,udon-no-hoshi,https://nhentai.net/tag/udon-no-hoshi/,1
uenosuke,uenosuke,https://nhentai.net/tag/uenosuke/,1
uguisu hana,uguisu-hana,https://nhentai.net/tag/uguisu-hana/,2
uguisu se,uguisu-se,https://nhentai.net/tag/uguisu-se/,1
uguugu,uguugu,https://nhentai.net/tag/uguugu/,1
uika misumi,uika-misumi,https://nhentai.net/tag/uika-misumi/,2
uingssi,uingssi,https://nhentai.net/tag/uingssi/,6
ujiichan,ujiichan,https://nhentai.net/tag/ujiichan/,1
ukl,ukl,https://nhentai.net/tag/ukl/,2
ultimate safaripark,ultimate-safaripark,https://nhentai.net/tag/ultimate-safaripark/,2
ultimate sensei,ultimate-sensei,https://nhentai.net/tag/ultimate-sensei/,1
ultrawoman beth,ultrawoman-beth,https://nhentai.net/tag/ultrawoman-beth/,1
uma goya sankaku,uma-goya-sankaku,https://nhentai.net/tag/uma-goya-sankaku/,1
umai,umai,https://nhentai.net/tag/umai/,1
umaikushi,umaikushi,https://nhentai.net/tag/umaikushi/,1
ume aihara,ume-aihara,https://nhentai.net/tag/ume-aihara/,1
ume fuumi,ume-fuumi,https://nhentai.net/tag/ume-fuumi/,3
umeda,umeda,https://nhentai.net/tag/umeda/,3
umeda-ku,umeda-ku,https://nhentai.net/tag/umeda-ku/,3
umeda nautilus,umeda-nautilus,https://nhentai.net/tag/umeda-nautilus/,1
umeyuki,umeyuki,https://nhentai.net/tag/umeyuki/,1
umizoko,umizoko,https://nhentai.net/tag/umizoko/,1
umou,umou,https://nhentai.net/tag/umou/,1
umupo,umupo,https://nhentai.net/tag/umupo/,1
una otomachi,una-otomachi,https://nhentai.net/tag/una-otomachi/,1
unbirth,unbirth,https://nhentai.net/tag/unbirth/,1322
uncensored,uncensored,https://nhentai.net/tag/uncensored/,22615
uncertain field,uncertain-field,https://nhentai.net/tag/uncertain-field/,1
uncle,uncle,https://nhentai.net/tag/uncle/,171
underwater,underwater,https://nhentai.net/tag/underwater/,779
underwater sex,underwater-sex,https://nhentai.net/tag/underwater-sex/,60
uni18,uni18,https://nhentai.net/tag/uni18/,2
unicorn,unicorn,https://nhentai.net/tag/unicorn/,13
unihoya namako,unihoya-namako,https://nhentai.net/tag/unihoya-namako/,1
unino,unino,https://nhentai.net/tag/unino/,1
union bust,union-bust,https://nhentai.net/tag/union-bust/,2
universal 12,universal-12,https://nhentai.net/tag/universal-12/,1
unjuda chiu,unjuda-chiu,https://nhentai.net/tag/unjuda-chiu/,2
uno katsumi,uno-katsumi,https://nhentai.net/tag/uno-katsumi/,3
untsuku,untsuku,https://nhentai.net/tag/untsuku/,1
unusual insertions,unusual-insertions,https://nhentai.net/tag/unusual-insertions/,522
unusual pupils,unusual-pupils,https://nhentai.net/tag/unusual-pupils/,17988
unusual teeth,unusual-teeth,https://nhentai.net/tag/unusual-teeth/,2153
unya,unya,https://nhentai.net/tag/unya/,3
unyakun,unyakun,https://nhentai.net/tag/unyakun/,1
unzamu,unzamu,https://nhentai.net/tag/unzamu/,1
uota coi,uota-coi,https://nhentai.net/tag/uota-coi/,1
uoya,uoya,https://nhentai.net/tag/uoya/,1
uoyama,uoyama,https://nhentai.net/tag/uoyama/,3
upstick,upstick,https://nhentai.net/tag/upstick/,3
ura chacha seisaku iinkai,ura-chacha-seisaku-iinkai,https://nhentai.net/tag/ura-chacha-seisaku-iinkai/,1
ura semi,ura-semi,https://nhentai.net/tag/ura-semi/,1
urahara doll,urahara-doll,https://nhentai.net/tag/urahara-doll/,2
urako,urako,https://nhentai.net/tag/urako/,1
uramitsu,uramitsu,https://nhentai.net/tag/uramitsu/,2
urashima totasu,urashima-totasu,https://nhentai.net/tag/urashima-totasu/,3
urethra insertion,urethra-insertion,https://nhentai.net/tag/urethra-insertion/,5200
uri-tan,uri-tan,https://nhentai.net/tag/uri-tan/,1
urinaru,urinaru,https://nhentai.net/tag/urinaru/,2
urination,urination,https://nhentai.net/tag/urination/,13814
uru miyuu,uru-miyuu,https://nhentai.net/tag/uru-miyuu/,1
uruga,uruga,https://nhentai.net/tag/uruga/,1
uruko kuroguro,uruko-kuroguro,https://nhentai.net/tag/uruko-kuroguro/,2
urushi bara,urushi-bara,https://nhentai.net/tag/urushi-bara/,1
urushibara koubou,urushibara-koubou,https://nhentai.net/tag/urushibara-koubou/,2
urushibara yasuhiro,urushibara-yasuhiro,https://nhentai.net/tag/urushibara-yasuhiro/,2
usagi bakudan,usagi-bakudan,https://nhentai.net/tag/usagi-bakudan/,1
usagi ni tsuno,usagi-ni-tsuno,https://nhentai.net/tag/usagi-ni-tsuno/,1
usaman senpai,usaman-senpai,https://nhentai.net/tag/usaman-senpai/,1
usano you,usano-you,https://nhentai.net/tag/usano-you/,1
usayama nico,usayama-nico,https://nhentai.net/tag/usayama-nico/,1
ushi ushi ushi ushi ushi ushi,ushi-ushi-ushi-ushi-ushi-ushi,https://nhentai.net/tag/ushi-ushi-ushi-ushi-ushi-ushi/,9
ushiking,ushiking,https://nhentai.net/tag/ushiking/,4
ushio kiyoshi,ushio-kiyoshi,https://nhentai.net/tag/ushio-kiyoshi/,1
ushishiro onsen,ushishiro-onsen,https://nhentai.net/tag/ushishiro-onsen/,2
ushitora kimon,ushitora-kimon,https://nhentai.net/tag/ushitora-kimon/,1
ushitoya,ushitoya,https://nhentai.net/tag/ushitoya/,1
ushizawa mikke,ushizawa-mikke,https://nhentai.net/tag/ushizawa-mikke/,4
uso koi shigure,uso-koi-shigure,https://nhentai.net/tag/uso-koi-shigure/,2
usotsuki fx,usotsuki-fx,https://nhentai.net/tag/usotsuki-fx/,1
utatane,utatane,https://nhentai.net/tag/utatane/,4
utayama botan,utayama-botan,https://nhentai.net/tag/utayama-botan/,1
utena emu,utena-emu,https://nhentai.net/tag/utena-emu/,1
utsosukifx,utsosukifx,https://nhentai.net/tag/utsosukifx/,1
utsuki kuroko,utsuki-kuroko,https://nhentai.net/tag/utsuki-kuroko/,1
uurin,uurin,https://nhentai.net/tag/uurin/,1
uwatteru,uwatteru,https://nhentai.net/tag/uwatteru/,1
uyuu,uyuu,https://nhentai.net/tag/uyuu/,2
uzura frontier,uzura-frontier,https://nhentai.net/tag/uzura-frontier/,1
uzura i,uzura-i,https://nhentai.net/tag/uzura-i/,1
uzura shouyu ni,uzura-shouyu-ni,https://nhentai.net/tag/uzura-shouyu-ni/,2
v mania,v-mania,https://nhentai.net/tag/v-mania/,1
v.u.g,v-u-g,https://nhentai.net/tag/v-u-g/,1
v.v panda,v-v-panda,https://nhentai.net/tag/v-v-panda/,1
v yuusha no kuse ni namaikida r,v-yuusha-no-kuse-ni-namaikida-r,https://nhentai.net/tag/v-yuusha-no-kuse-ni-namaikida-r/,1
vacbed,vacbed,https://nhentai.net/tag/vacbed/,224
vaginal birth,vaginal-birth,https://nhentai.net/tag/vaginal-birth/,2112
vaginal sticker,vaginal-sticker,https://nhentai.net/tag/vaginal-sticker/,570
valentino,valentino,https://nhentai.net/tag/valentino/,1
vampire,vampire,https://nhentai.net/tag/vampire/,1270
vanessa diodati,vanessa-diodati,https://nhentai.net/tag/vanessa-diodati/,1
vanilla ninja,vanilla-ninja,https://nhentai.net/tag/vanilla-ninja/,1
variant set,variant-set,https://nhentai.net/tag/variant-set/,1291
varis,varis,https://nhentai.net/tag/varis/,1
vecc.,vecc,https://nhentai.net/tag/vecc/,1
vecta,vecta,https://nhentai.net/tag/vecta/,1
vegetablenabe,vegetablenabe,https://nhentai.net/tag/vegetablenabe/,1
vel,vel,https://nhentai.net/tag/vel/,3
venusblood,venusblood,https://nhentai.net/tag/venusblood/,1
very long hair,very-long-hair,https://nhentai.net/tag/very-long-hair/,14617
vesti,vesti,https://nhentai.net/tag/vesti/,1
vesves,vesves,https://nhentai.net/tag/vesves/,1
viali,viali,https://nhentai.net/tag/viali/,2
vidro,vidro,https://nhentai.net/tag/vidro/,1
vildred,vildred,https://nhentai.net/tag/vildred/,2
villain,villain,https://nhentai.net/tag/villain/,1
violet inboots,violet-inboots,https://nhentai.net/tag/violet-inboots/,1
virginity,virginity,https://nhentai.net/tag/virginity/,9627
virgo0901,virgo0901,https://nhentai.net/tag/virgo0901/,1
vivi hachioji,vivi-hachioji,https://nhentai.net/tag/vivi-hachioji/,1
viviana droste,viviana-droste,https://nhentai.net/tag/viviana-droste/,1
vomit,vomit,https://nhentai.net/tag/vomit/,1362
vore,vore,https://nhentai.net/tag/vore/,3331
vorefection,vorefection,https://nhentai.net/tag/vorefection/,1
vorevore,vorevore,https://nhentai.net/tag/vorevore/,4
votex,votex,https://nhentai.net/tag/votex/,1
vox,vox,https://nhentai.net/tag/vox/,1
voyeurism,voyeurism,https://nhentai.net/tag/voyeurism/,3736
vtuber,vtuber,https://nhentai.net/tag/vtuber/,4936
waccha primagi,waccha-primagi,https://nhentai.net/tag/waccha-primagi/,1
wafuu,wafuu,https://nhentai.net/tag/wafuu/,1
wagashi shouten,wagashi-shouten,https://nhentai.net/tag/wagashi-shouten/,3
wai dei,wai-dei,https://nhentai.net/tag/wai-dei/,1
waiter,waiter,https://nhentai.net/tag/waiter/,168
waitress,waitress,https://nhentai.net/tag/waitress/,1854
wajima24,wajima24,https://nhentai.net/tag/wajima24/,1
wakabatei,wakabatei,https://nhentai.net/tag/wakabatei/,1
wakako,wakako,https://nhentai.net/tag/wakako/,3
wakakomu2,wakakomu2,https://nhentai.net/tag/wakakomu2/,1
wakerage,wakerage,https://nhentai.net/tag/wakerage/,2
wakimiunten,wakimiunten,https://nhentai.net/tag/wakimiunten/,1
wakiya,wakiya,https://nhentai.net/tag/wakiya/,1
wako izumi,wako-izumi,https://nhentai.net/tag/wako-izumi/,2
waku,waku,https://nhentai.net/tag/waku/,1
wakusei garaga tsuushinsha,wakusei-garaga-tsuushinsha,https://nhentai.net/tag/wakusei-garaga-tsuushinsha/,2
wal,wal,https://nhentai.net/tag/wal/,1
walkure,walkure,https://nhentai.net/tag/walkure/,1
wallace wells,wallace-wells,https://nhentai.net/tag/wallace-wells/,1
wamdus,wamdus,https://nhentai.net/tag/wamdus/,4
wan,wan,https://nhentai.net/tag/wan/,1
wanawanya,wanawanya,https://nhentai.net/tag/wanawanya/,1
wandaba,wandaba,https://nhentai.net/tag/wandaba/,1
wanduoying,wanduoying,https://nhentai.net/tag/wanduoying/,1
wanitaroo.,wanitaroo,https://nhentai.net/tag/wanitaroo/,1
wanitokagegisu,wanitokagegisu,https://nhentai.net/tag/wanitokagegisu/,1
war devil,war-devil,https://nhentai.net/tag/war-devil/,1
wararu,wararu,https://nhentai.net/tag/wararu/,1
warrior of light,warrior-of-light,https://nhentai.net/tag/warrior-of-light/,1
warui hito,warui-hito,https://nhentai.net/tag/warui-hito/,1
waryu,waryu,https://nhentai.net/tag/waryu/,1
waryuutei,waryuutei,https://nhentai.net/tag/waryuutei/,2
washio,washio,https://nhentai.net/tag/washio/,1
washoku,washoku,https://nhentai.net/tag/washoku/,1
wata,wata,https://nhentai.net/tag/wata/,1
watase,watase,https://nhentai.net/tag/watase/,1
watashiki,watashiki,https://nhentai.net/tag/watashiki/,1
watermaked,watermaked,https://nhentai.net/tag/watermaked/,1
watermarked,watermarked,https://nhentai.net/tag/watermarked/,1558
watosu mama,watosu-mama,https://nhentai.net/tag/watosu-mama/,3
wazatsuma kitsuna,wazatsuma-kitsuna,https://nhentai.net/tag/wazatsuma-kitsuna/,1
webtoon,webtoon,https://nhentai.net/tag/webtoon/,6816
weight gain,weight-gain,https://nhentai.net/tag/weight-gain/,541
weixiefashi,weixiefashi,https://nhentai.net/tag/weixiefashi/,7
welt,welt,https://nhentai.net/tag/welt/,2
western cg,western-cg,https://nhentai.net/tag/western-cg/,56
western imageset,western-imageset,https://nhentai.net/tag/western-imageset/,33
western non-h,western-non-h,https://nhentai.net/tag/western-non-h/,42
wet clothes,wet-clothes,https://nhentai.net/tag/wet-clothes/,673
whale,whale,https://nhentai.net/tag/whale/,1
whip,whip,https://nhentai.net/tag/whip/,674
whisp,whisp,https://nhentai.net/tag/whisp/,3
whisper me a love song,whisper-me-a-love-song,https://nhentai.net/tag/whisper-me-a-love-song/,1
white blood cell captain,white-blood-cell-captain,https://nhentai.net/tag/white-blood-cell-captain/,1
white tiger,white-tiger,https://nhentai.net/tag/white-tiger/,1
white tissue blacker,white-tissue-blacker,https://nhentai.net/tag/white-tissue-blacker/,2
widow,widow,https://nhentai.net/tag/widow/,1579
widower,widower,https://nhentai.net/tag/widower/,98
wings,wings,https://nhentai.net/tag/wings/,6182
wise lumen,wise-lumen,https://nhentai.net/tag/wise-lumen/,1
witch,witch,https://nhentai.net/tag/witch/,1977
witchcrafter genni,witchcrafter-genni,https://nhentai.net/tag/witchcrafter-genni/,1
witchcrafter haine,witchcrafter-haine,https://nhentai.net/tag/witchcrafter-haine/,1
wokashiya,wokashiya,https://nhentai.net/tag/wokashiya/,1
wolf,wolf,https://nhentai.net/tag/wolf/,140
wolf boy,wolf-boy,https://nhentai.net/tag/wolf-boy/,421
wolf girl,wolf-girl,https://nhentai.net/tag/wolf-girl/,1605
wooden horse,wooden-horse,https://nhentai.net/tag/wooden-horse/,493
worldenderdragon,worldenderdragon,https://nhentai.net/tag/worldenderdragon/,2
worm,worm,https://nhentai.net/tag/worm/,212
wormhole,wormhole,https://nhentai.net/tag/wormhole/,660
wrestling,wrestling,https://nhentai.net/tag/wrestling/,922
wsplus,wsplus,https://nhentai.net/tag/wsplus/,1
wuming,wuming,https://nhentai.net/tag/wuming/,1
wushui,wushui,https://nhentai.net/tag/wushui/,1
x-ray,x-ray,https://nhentai.net/tag/x-ray/,49390
xi jinping,xi-jinping,https://nhentai.net/tag/xi-jinping/,1
xiaozi xiao,xiaozi-xiao,https://nhentai.net/tag/xiaozi-xiao/,2
xu fu,xu-fu,https://nhentai.net/tag/xu-fu/,1
xx-ya tte koto wa naisho da.,xx-ya-tte-koto-wa-naisho-da,https://nhentai.net/tag/xx-ya-tte-koto-wa-naisho-da/,1
y-squared,y-squared,https://nhentai.net/tag/y-squared/,1
y.y.land,y-y-land,https://nhentai.net/tag/y-y-land/,1
y.z.k,y-z-k,https://nhentai.net/tag/y-z-k/,2
yabukarabou,yabukarabou,https://nhentai.net/tag/yabukarabou/,1
yagami sai,yagami-sai,https://nhentai.net/tag/yagami-sai/,2
yagen nankotsu,yagen-nankotsu,https://nhentai.net/tag/yagen-nankotsu/,5
yagikan,yagikan,https://nhentai.net/tag/yagikan/,1
yagitei,yagitei,https://nhentai.net/tag/yagitei/,1
yaguchi kino,yaguchi-kino,https://nhentai.net/tag/yaguchi-kino/,1
yaguchi yuki,yaguchi-yuki,https://nhentai.net/tag/yaguchi-yuki/,3
yaguruma two,yaguruma-two,https://nhentai.net/tag/yaguruma-two/,1
yakaze,yakaze,https://nhentai.net/tag/yakaze/,1
yakaze 2000,yakaze-2000,https://nhentai.net/tag/yakaze-2000/,1
yakishakeya-san,yakishakeya-san,https://nhentai.net/tag/yakishakeya-san/,1
yakitori teishoku,yakitori-teishoku,https://nhentai.net/tag/yakitori-teishoku/,1
yakko,yakko,https://nhentai.net/tag/yakko/,1
yakumo,yakumo,https://nhentai.net/tag/yakumo/,1
yakumo kinako,yakumo-kinako,https://nhentai.net/tag/yakumo-kinako/,4
yakumo oomori,yakumo-oomori,https://nhentai.net/tag/yakumo-oomori/,1
yakumo ryojin,yakumo-ryojin,https://nhentai.net/tag/yakumo-ryojin/,1
yama o,yama-o,https://nhentai.net/tag/yama-o/,1
yamada shutaro,yamada-shutaro,https://nhentai.net/tag/yamada-shutaro/,1
yamada tasaku,yamada-tasaku,https://nhentai.net/tag/yamada-tasaku/,1
yamadanchi,yamadanchi,https://nhentai.net/tag/yamadanchi/,1
yamaguchi mikoto,yamaguchi-mikoto,https://nhentai.net/tag/yamaguchi-mikoto/,1
yamaguchi suguri,yamaguchi-suguri,https://nhentai.net/tag/yamaguchi-suguri/,1
yamaimo,yamaimo,https://nhentai.net/tag/yamaimo/,1
yamajo,yamajo,https://nhentai.net/tag/yamajo/,1
yamakusa yuu,yamakusa-yuu,https://nhentai.net/tag/yamakusa-yuu/,1
yamamoto ahotaro,yamamoto-ahotaro,https://nhentai.net/tag/yamamoto-ahotaro/,1
yamamoto motoha,yamamoto-motoha,https://nhentai.net/tag/yamamoto-motoha/,1
yamanashi-san chi,yamanashi-san-chi,https://nhentai.net/tag/yamanashi-san-chi/,1
yamano murao,yamano-murao,https://nhentai.net/tag/yamano-murao/,1
yamano muraotto,yamano-muraotto,https://nhentai.net/tag/yamano-muraotto/,1
yamanoya honpo,yamanoya-honpo,https://nhentai.net/tag/yamanoya-honpo/,1
yamaoimo seizou,yamaoimo-seizou,https://nhentai.net/tag/yamaoimo-seizou/,1
yamase reno,yamase-reno,https://nhentai.net/tag/yamase-reno/,1
yamashima echichi,yamashima-echichi,https://nhentai.net/tag/yamashima-echichi/,1
yamashita nigou,yamashita-nigou,https://nhentai.net/tag/yamashita-nigou/,4
yamata no orochi,yamata-no-orochi,https://nhentai.net/tag/yamata-no-orochi/,1
yamazaki takumi,yamazaki-takumi,https://nhentai.net/tag/yamazaki-takumi/,1
yamazu,yamazu,https://nhentai.net/tag/yamazu/,1
yami,yami,https://nhentai.net/tag/yami/,7
yami books,yami-books,https://nhentai.net/tag/yami-books/,4
yamiji yuri,yamiji-yuri,https://nhentai.net/tag/yamiji-yuri/,1
yamino kuroko,yamino-kuroko,https://nhentai.net/tag/yamino-kuroko/,3
yamito,yamito,https://nhentai.net/tag/yamito/,1
yan2252,yan2252,https://nhentai.net/tag/yan2252/,6
yanagie terasu,yanagie-terasu,https://nhentai.net/tag/yanagie-terasu/,2
yandere,yandere,https://nhentai.net/tag/yandere/,2576
yaneue ryo,yaneue-ryo,https://nhentai.net/tag/yaneue-ryo/,1
yaneurabeya,yaneurabeya,https://nhentai.net/tag/yaneurabeya/,2
yang nari,yang-nari,https://nhentai.net/tag/yang-nari/,1
yaniku,yaniku,https://nhentai.net/tag/yaniku/,1
yao ha ducy,yao-ha-ducy,https://nhentai.net/tag/yao-ha-ducy/,1
yaoi,yaoi,https://nhentai.net/tag/yaoi/,59688
yarawa colors,yarawa-colors,https://nhentai.net/tag/yarawa-colors/,1
yaritsu,yaritsu,https://nhentai.net/tag/yaritsu/,1
yariyo,yariyo,https://nhentai.net/tag/yariyo/,1
yasai seikatsu,yasai-seikatsu,https://nhentai.net/tag/yasai-seikatsu/,1
yasaka,yasaka,https://nhentai.net/tag/yasaka/,1
yashima tetsuya,yashima-tetsuya,https://nhentai.net/tag/yashima-tetsuya/,1
yashiro oten,yashiro-oten,https://nhentai.net/tag/yashiro-oten/,2
yasoshina mujina,yasoshina-mujina,https://nhentai.net/tag/yasoshina-mujina/,1
yasumibito,yasumibito,https://nhentai.net/tag/yasumibito/,3
yasuzou yashiki,yasuzou-yashiki,https://nhentai.net/tag/yasuzou-yashiki/,2
yattsuhashi,yattsuhashi,https://nhentai.net/tag/yattsuhashi/,1
yawano yawa,yawano-yawa,https://nhentai.net/tag/yawano-yawa/,1
yawaraka,yawaraka,https://nhentai.net/tag/yawaraka/,1
yawaraka aomame no on salad,yawaraka-aomame-no-on-salad,https://nhentai.net/tag/yawaraka-aomame-no-on-salad/,1
yawaraka paper towel,yawaraka-paper-towel,https://nhentai.net/tag/yawaraka-paper-towel/,2
yawaraka shouten,yawaraka-shouten,https://nhentai.net/tag/yawaraka-shouten/,1
yawnrich,yawnrich,https://nhentai.net/tag/yawnrich/,2
yayuko,yayuko,https://nhentai.net/tag/yayuko/,1
yaza daichi,yaza-daichi,https://nhentai.net/tag/yaza-daichi/,1
yazaka sane,yazaka-sane,https://nhentai.net/tag/yazaka-sane/,2
yazawa mana,yazawa-mana,https://nhentai.net/tag/yazawa-mana/,1
yejiu glzqb,yejiu-glzqb,https://nhentai.net/tag/yejiu-glzqb/,8
yellow dispensary,yellow-dispensary,https://nhentai.net/tag/yellow-dispensary/,1
yellowpost,yellowpost,https://nhentai.net/tag/yellowpost/,1
ygi,ygi,https://nhentai.net/tag/ygi/,1
yi sang,yi-sang,https://nhentai.net/tag/yi-sang/,1
yilan,yilan,https://nhentai.net/tag/yilan/,1
yioyituyu,yioyituyu,https://nhentai.net/tag/yioyituyu/,1
yo o shinobu,yo-o-shinobu,https://nhentai.net/tag/yo-o-shinobu/,2
yobieki seisakusho,yobieki-seisakusho,https://nhentai.net/tag/yobieki-seisakusho/,1
yochiko,yochiko,https://nhentai.net/tag/yochiko/,2
yoduki,yoduki,https://nhentai.net/tag/yoduki/,2
yoisaki kanade,yoisaki-kanade,https://nhentai.net/tag/yoisaki-kanade/,2
yoiyami,yoiyami,https://nhentai.net/tag/yoiyami/,1
yokabai,yokabai,https://nhentai.net/tag/yokabai/,1
yokando,yokando,https://nhentai.net/tag/yokando/,1
yokara,yokara,https://nhentai.net/tag/yokara/,3
yokatyoro 42-ryou,yokatyoro-42-ryou,https://nhentai.net/tag/yokatyoro-42-ryou/,2
yoki kana,yoki-kana,https://nhentai.net/tag/yoki-kana/,1
yokochichi lingerie,yokochichi-lingerie,https://nhentai.net/tag/yokochichi-lingerie/,1
yokota kazuyuki,yokota-kazuyuki,https://nhentai.net/tag/yokota-kazuyuki/,1
yomogi mametaro,yomogi-mametaro,https://nhentai.net/tag/yomogi-mametaro/,4
yomosugara-ginsekai,yomosugara-ginsekai,https://nhentai.net/tag/yomosugara-ginsekai/,1
yonah,yonah,https://nhentai.net/tag/yonah/,1
yongo,yongo,https://nhentai.net/tag/yongo/,1
yonoki,yonoki,https://nhentai.net/tag/yonoki/,1
yori asanagi,yori-asanagi,https://nhentai.net/tag/yori-asanagi/,1
yorio,yorio,https://nhentai.net/tag/yorio/,1
yorita,yorita,https://nhentai.net/tag/yorita/,2
yoro,yoro,https://nhentai.net/tag/yoro/,1
yorozu company,yorozu-company,https://nhentai.net/tag/yorozu-company/,1
yoruda neyo,yoruda-neyo,https://nhentai.net/tag/yoruda-neyo/,1
yoruge,yoruge,https://nhentai.net/tag/yoruge/,1
yorugin,yorugin,https://nhentai.net/tag/yorugin/,1
yoruhoshi owl,yoruhoshi-owl,https://nhentai.net/tag/yoruhoshi-owl/,1
yoshi yoshi labo,yoshi-yoshi-labo,https://nhentai.net/tag/yoshi-yoshi-labo/,1
yoshi yoshiyuki,yoshi-yoshiyuki,https://nhentai.net/tag/yoshi-yoshiyuki/,2
yoshida kumako,yoshida-kumako,https://nhentai.net/tag/yoshida-kumako/,1
yoshiki tsujinaka,yoshiki-tsujinaka,https://nhentai.net/tag/yoshiki-tsujinaka/,1
yoshikichimaru,yoshikichimaru,https://nhentai.net/tag/yoshikichimaru/,5
yoshikichiya,yoshikichiya,https://nhentai.net/tag/yoshikichiya/,5
yoshinori,yoshinori,https://nhentai.net/tag/yoshinori/,2
yoshiwara tatsuhiko,yoshiwara-tatsuhiko,https://nhentai.net/tag/yoshiwara-tatsuhiko/,1
yoshiyoshi-ya,yoshiyoshi-ya,https://nhentai.net/tag/yoshiyoshi-ya/,2
yoshuku,yoshuku,https://nhentai.net/tag/yoshuku/,1
yosuga no su,yosuga-no-su,https://nhentai.net/tag/yosuga-no-su/,1
you yue yue,you-yue-yue,https://nhentai.net/tag/you-yue-yue/,2
youhu,youhu,https://nhentai.net/tag/youhu/,1
youkai club,youkai-club,https://nhentai.net/tag/youkai-club/,1
youko imari,youko-imari,https://nhentai.net/tag/youko-imari/,1
young farm,young-farm,https://nhentai.net/tag/young-farm/,1
young gun,young-gun,https://nhentai.net/tag/young-gun/,2
yousai,yousai,https://nhentai.net/tag/yousai/,1
yousai kyoushitsu,yousai-kyoushitsu,https://nhentai.net/tag/yousai-kyoushitsu/,1
yoyo-tei,yoyo-tei,https://nhentai.net/tag/yoyo-tei/,2
yozakura saku,yozakura-saku,https://nhentai.net/tag/yozakura-saku/,2
yu-gi-oh go rush,yu-gi-oh-go-rush,https://nhentai.net/tag/yu-gi-oh-go-rush/,4
yu ominae,yu-ominae,https://nhentai.net/tag/yu-ominae/,1
yuan,yuan,https://nhentai.net/tag/yuan/,2
yubune city,yubune-city,https://nhentai.net/tag/yubune-city/,2
yue yue,yue-yue,https://nhentai.net/tag/yue-yue/,1
yuekan,yuekan,https://nhentai.net/tag/yuekan/,1
yuetsu saru,yuetsu-saru,https://nhentai.net/tag/yuetsu-saru/,1
yufuin yufu,yufuin-yufu,https://nhentai.net/tag/yufuin-yufu/,1
yugana,yugana,https://nhentai.net/tag/yugana/,6
yuge makoto,yuge-makoto,https://nhentai.net/tag/yuge-makoto/,1
yugioh arc-v,yugioh-arc-v,https://nhentai.net/tag/yugioh-arc-v/,1
yugure,yugure,https://nhentai.net/tag/yugure/,1
yuimisu,yuimisu,https://nhentai.net/tag/yuimisu/,1
yuinokyo chiri,yuinokyo-chiri,https://nhentai.net/tag/yuinokyo-chiri/,1
yukawa asam,yukawa-asam,https://nhentai.net/tag/yukawa-asam/,1
yukemuri hitsuji,yukemuri-hitsuji,https://nhentai.net/tag/yukemuri-hitsuji/,1
yuki no sono,yuki-no-sono,https://nhentai.net/tag/yuki-no-sono/,1
yukikuni,yukikuni,https://nhentai.net/tag/yukikuni/,4
yukimura usagi,yukimura-usagi,https://nhentai.net/tag/yukimura-usagi/,1
yukinko market,yukinko-market,https://nhentai.net/tag/yukinko-market/,1
yukino makoto,yukino-makoto,https://nhentai.net/tag/yukino-makoto/,1
yukinojou,yukinojou,https://nhentai.net/tag/yukinojou/,2
yukiusa,yukiusa,https://nhentai.net/tag/yukiusa/,1
yukiwatari kibi,yukiwatari-kibi,https://nhentai.net/tag/yukiwatari-kibi/,3
yukkuri,yukkuri,https://nhentai.net/tag/yukkuri/,55
yukkuring,yukkuring,https://nhentai.net/tag/yukkuring/,3
yukuma,yukuma,https://nhentai.net/tag/yukuma/,7
yumari,yumari,https://nhentai.net/tag/yumari/,1
yume sakai no utopia,yume-sakai-no-utopia,https://nhentai.net/tag/yume-sakai-no-utopia/,1
yumegashima,yumegashima,https://nhentai.net/tag/yumegashima/,2
yumeharo,yumeharo,https://nhentai.net/tag/yumeharo/,2
yumeki,yumeki,https://nhentai.net/tag/yumeki/,1
yumemori,yumemori,https://nhentai.net/tag/yumemori/,8
yumiko,yumiko,https://nhentai.net/tag/yumiko/,1
yunifi,yunifi,https://nhentai.net/tag/yunifi/,1
yunisuke,yunisuke,https://nhentai.net/tag/yunisuke/,1
yunoyu,yunoyu,https://nhentai.net/tag/yunoyu/,1
yunusuko,yunusuko,https://nhentai.net/tag/yunusuko/,1
yurayura,yurayura,https://nhentai.net/tag/yurayura/,2
yuri,yuri,https://nhentai.net/tag/yuri/,33177
yutakadeath,yutakadeath,https://nhentai.net/tag/yutakadeath/,1
yutata,yutata,https://nhentai.net/tag/yutata/,2
yutto prime,yutto-prime,https://nhentai.net/tag/yutto-prime/,1
yuu haibara,yuu-haibara,https://nhentai.net/tag/yuu-haibara/,1
yuujin ozora,yuujin-ozora,https://nhentai.net/tag/yuujin-ozora/,3
yuuki reina,yuuki-reina,https://nhentai.net/tag/yuuki-reina/,1
yuuki saien,yuuki-saien,https://nhentai.net/tag/yuuki-saien/,2
yuukichi.,yuukichi,https://nhentai.net/tag/yuukichi/,1
yuuko kiryuu,yuuko-kiryuu,https://nhentai.net/tag/yuuko-kiryuu/,1
yuuma toutetsu,yuuma-toutetsu,https://nhentai.net/tag/yuuma-toutetsu/,3
yuuna asakura,yuuna-asakura,https://nhentai.net/tag/yuuna-asakura/,1
yuureitou,yuureitou,https://nhentai.net/tag/yuureitou/,1
yuuto ijika,yuuto-ijika,https://nhentai.net/tag/yuuto-ijika/,1
yuyake hino,yuyake-hino,https://nhentai.net/tag/yuyake-hino/,1
yuyuhiyu,yuyuhiyu,https://nhentai.net/tag/yuyuhiyu/,2
yuzame,yuzame,https://nhentai.net/tag/yuzame/,1
yuzintou,yuzintou,https://nhentai.net/tag/yuzintou/,2
yuzu onsen,yuzu-onsen,https://nhentai.net/tag/yuzu-onsen/,1
zabiriko,zabiriko,https://nhentai.net/tag/zabiriko/,1
zabudog,zabudog,https://nhentai.net/tag/zabudog/,1
zakuro gari,zakuro-gari,https://nhentai.net/tag/zakuro-gari/,3
zakuro myurasu,zakuro-myurasu,https://nhentai.net/tag/zakuro-myurasu/,2
zakuro nada,zakuro-nada,https://nhentai.net/tag/zakuro-nada/,1
zandoro,zandoro,https://nhentai.net/tag/zandoro/,3
zarazara castella,zarazara-castella,https://nhentai.net/tag/zarazara-castella/,3
zarude,zarude,https://nhentai.net/tag/zarude/,1
zawa palette,zawa-palette,https://nhentai.net/tag/zawa-palette/,2
zeal ark,zeal-ark,https://nhentai.net/tag/zeal-ark/,2
zebra,zebra,https://nhentai.net/tag/zebra/,6
zenobia,zenobia,https://nhentai.net/tag/zenobia/,2
zenzai monaka,zenzai-monaka,https://nhentai.net/tag/zenzai-monaka/,1
zero style hammer,zero-style-hammer,https://nhentai.net/tag/zero-style-hammer/,1
zeroyama,zeroyama,https://nhentai.net/tag/zeroyama/,1
zetsuei onii-san,zetsuei-onii-san,https://nhentai.net/tag/zetsuei-onii-san/,1
zhao shi,zhao-shi,https://nhentai.net/tag/zhao-shi/,1
zijou,zijou,https://nhentai.net/tag/zijou/,1
zin crow,zin-crow,https://nhentai.net/tag/zin-crow/,2
zinkurou,zinkurou,https://nhentai.net/tag/zinkurou/,4
zionman,zionman,https://nhentai.net/tag/zionman/,1
zipzap,zipzap,https://nhentai.net/tag/zipzap/,2
zmix,zmix,https://nhentai.net/tag/zmix/,1
zokku,zokku,https://nhentai.net/tag/zokku/,1
zombie,zombie,https://nhentai.net/tag/zombie/,715
zpoo...,zpoo,https://nhentai.net/tag/zpoo/,1
zuo le,zuo-le,https://nhentai.net/tag/zuo-le/,1
zurikishi,zurikishi,https://nhentai.net/tag/zurikishi/,70
zurumuke tarou,zurumuke-tarou,https://nhentai.net/tag/zurumuke-tarou/,3
zutazutako,zutazutako,https://nhentai.net/tag/zutazutako/,4
