Sector,Subreddit,Score,Timestamp
Crypto,ethereum,0.63858,2026-01-30 08:29:18+00:00
Crypto,ethereum,0.69835,2026-01-13 05:31:00+00:00
Crypto,ethereum,0.8436357142857143,2026-01-13 05:25:43+00:00
Crypto,ethereum,0.36535,2026-01-14 06:00:36+00:00
Crypto,ethereum,0.3123546511627907,2026-01-20 06:00:57+00:00
Crypto,ethereum,0.35932200000000003,2026-01-12 06:01:37+00:00
Crypto,ethereum,0.338114,2026-01-23 06:01:04+00:00
Crypto,ethereum,0.29885263157894737,2026-02-02 06:01:34+00:00
Crypto,ethereum,0.3838076923076923,2026-01-27 06:00:58+00:00
Crypto,ethereum,0.36709318181818185,2026-01-09 06:00:59+00:00
Crypto,ethereum,0.35845652173913045,2026-01-07 06:00:47+00:00
Crypto,ethereum,0.3621317073170732,2026-01-13 06:00:57+00:00
Crypto,ethereum,0.3099196428571429,2026-01-30 06:01:01+00:00
Crypto,ethereum,0.24555604395604397,2026-02-01 06:01:39+00:00
Crypto,ethereum,0.34307857142857145,2026-01-15 06:00:59+00:00
Crypto,ethereum,0.6948,2026-02-03 15:39:58+00:00
Crypto,ethereum,0.4000809523809524,2026-01-16 06:00:57+00:00
Crypto,ethereum,0.4324458333333333,2026-01-24 06:00:59+00:00
Crypto,ethereum,0.2776693548387097,2026-01-18 06:00:52+00:00
Crypto,ethereum,0.4277466666666667,2026-01-17 06:01:16+00:00
Crypto,ethereum,0.4148611111111111,2026-01-19 06:01:39+00:00
Crypto,ethereum,0.41546428571428573,2026-01-10 06:00:41+00:00
Crypto,ethereum,0.3823757575757576,2026-01-22 06:00:50+00:00
Crypto,ethereum,0.32251829268292687,2026-01-21 06:00:32+00:00
Crypto,ethereum,0.37222083333333333,2026-01-08 06:00:47+00:00
Crypto,ethereum,0.27806283783783786,2026-02-04 06:00:41+00:00
Crypto,ethereum,0.2788985074626866,2026-01-29 06:00:47+00:00
Crypto,ethereum,0.3735740740740741,2026-01-26 06:01:14+00:00
Crypto,ethereum,0.38127037037037037,2026-01-28 06:00:37+00:00
Crypto,ethereum,0.29892700000000005,2026-01-31 06:00:55+00:00
Crypto,ethereum,0.33903000000000005,2026-01-11 06:00:50+00:00
Crypto,ethereum,-0.07665,2026-01-16 20:29:46+00:00
Crypto,ethereum,0.34343048780487806,2026-02-03 06:01:09+00:00
Crypto,ethereum,0.25342000000000003,2026-01-25 06:00:54+00:00
Crypto,ethereum,0.8209166666666667,2026-01-13 05:26:39+00:00
Crypto,ethereum,0.4031458333333333,2026-01-10 06:23:31+00:00
Crypto,ethereum,0.6909,2026-01-13 05:26:09+00:00
Crypto,ethereum,0.72251875,2026-01-19 07:03:39+00:00
Crypto,ethereum,-0.2939888888888889,2026-01-13 05:30:31+00:00
Crypto,ethereum,-0.44015,2026-01-19 15:00:35+00:00
Crypto,ethereum,0.9075416666666667,2026-01-18 09:31:18+00:00
Crypto,ethereum,0.77918,2026-01-26 01:36:05+00:00
Crypto,ethereum,0.6601277777777778,2026-01-14 06:32:52+00:00
Crypto,ethereum,0.5413,2026-01-13 05:27:10+00:00
Crypto,ethereum,0.23694666666666667,2026-02-02 20:16:04+00:00
Crypto,ethereum,0.5628071428571428,2026-01-22 21:46:24+00:00
Crypto,ethereum,0.926525,2026-01-13 05:29:49+00:00
Crypto,ethereum,0.3737375,2026-01-13 05:28:30+00:00
Crypto,ethereum,0.7503312499999999,2026-01-21 08:03:20+00:00
Crypto,ethereum,-0.088675,2026-02-04 13:47:11+00:00
Crypto,ethereum,-0.31796250000000004,2026-01-12 19:16:09+00:00
Crypto,ethereum,0.8302,2026-01-23 22:13:13+00:00
Crypto,ethereum,0.34236,2026-01-25 16:45:07+00:00
Crypto,ethereum,-0.13398125,2026-02-02 14:18:31+00:00
Crypto,ethereum,-0.3605,2026-01-22 10:03:18+00:00
Crypto,ethereum,0.770525,2026-01-29 17:03:03+00:00
Crypto,ethereum,0.3452,2026-01-28 05:01:20+00:00
Crypto,ethereum,0.08733333333333335,2026-01-27 01:51:31+00:00
Crypto,ethereum,0.5998166666666667,2026-01-27 16:52:24+00:00
Crypto,ethereum,0.40919375,2026-01-23 15:50:00+00:00
Crypto,ethereum,0.706575,2026-02-01 13:42:51+00:00
Crypto,ethereum,0.3801,2026-01-15 20:09:45+00:00
Crypto,ethereum,-0.17145000000000005,2026-01-28 19:16:53+00:00
Crypto,ethereum,0.40406000000000003,2026-01-28 13:52:16+00:00
Crypto,ethereum,0.4886,2026-01-08 14:01:43+00:00
Crypto,ethereum,0.79085,2026-02-02 06:21:33+00:00
Crypto,ethereum,-0.303875,2026-01-19 19:59:20+00:00
Crypto,ethereum,0.2852,2026-01-12 20:09:48+00:00
Crypto,ethereum,0.44094999999999995,2026-01-09 12:44:34+00:00
Crypto,ethereum,0.5294571428571428,2026-02-04 14:19:02+00:00
Crypto,ethereum,0.48042142857142855,2026-02-04 22:16:46+00:00
Crypto,ethereum,0.03139444444444444,2026-01-16 15:50:20+00:00
Crypto,ethereum,0.23757499999999998,2026-01-21 10:44:54+00:00
Crypto,ethereum,0.82255,2026-01-26 15:01:46+00:00
Crypto,ethereum,0.5457000000000001,2026-01-20 23:10:19+00:00
Crypto,ethereum,0.422240625,2026-01-16 22:55:24+00:00
Crypto,ethereum,-0.4932,2026-01-28 19:07:24+00:00
Crypto,ethereum,0.148,2026-01-23 12:00:10+00:00
Crypto,ethereum,0.0,2026-01-26 13:41:13+00:00
Crypto,ethereum,0.4364,2026-01-08 17:46:41+00:00
Crypto,ethereum,0.346575,2026-02-02 17:07:20+00:00
Crypto,ethereum,0.03950000000000001,2026-01-30 20:46:14+00:00
Crypto,ethereum,0.0020999999999999908,2026-01-30 17:37:00+00:00
Crypto,ethereum,0.0,2026-01-16 11:51:26+00:00
Crypto,ethereum,0.8461000000000001,2026-01-14 21:54:30+00:00
Crypto,ethereum,0.5023333333333333,2026-01-24 14:47:56+00:00
Crypto,ethereum,0.0,2026-01-31 14:20:44+00:00
Crypto,ethereum,0.2202,2026-01-29 20:13:06+00:00
Crypto,ethereum,0.0,2026-01-24 04:06:34+00:00
Crypto,ethereum,-0.624,2026-01-09 05:10:13+00:00
Crypto,ethereum,0.928975,2026-01-28 14:01:34+00:00
Crypto,ethereum,-0.07740000000000002,2026-01-26 09:36:17+00:00
Crypto,ethereum,0.0,2026-01-15 23:02:06+00:00
Crypto,ethereum,0.0,2026-01-15 08:19:43+00:00
Crypto,ethereum,0.11494,2026-01-13 00:22:02+00:00
Crypto,ethereum,-0.21825,2026-01-10 18:18:01+00:00
Crypto,ethereum,0.2553,2026-01-14 02:06:44+00:00
Crypto,ethereum,-0.06275000000000003,2026-01-11 21:39:50+00:00
Crypto,ethereum,0.5593400000000001,2026-01-10 03:48:44+00:00
Crypto,ethereum,-0.26450000000000007,2026-01-09 11:56:11+00:00
Crypto,dogecoin,0.037491,2026-01-31 18:47:38+00:00
Crypto,dogecoin,0.516856,2026-01-27 19:09:49+00:00
Crypto,dogecoin,0.4032541666666667,2026-01-31 17:18:05+00:00
Crypto,dogecoin,0.3412205,2026-01-23 20:02:44+00:00
Crypto,dogecoin,-0.14930909090909092,2026-01-31 22:16:55+00:00
Crypto,dogecoin,0.016607894736842106,2026-01-20 23:06:50+00:00
Crypto,dogecoin,-0.290193023255814,2026-01-29 15:27:54+00:00
Crypto,dogecoin,0.32503986486486486,2026-02-01 03:48:14+00:00
Crypto,dogecoin,0.13477173913043478,2026-01-29 11:27:41+00:00
Crypto,dogecoin,0.268796,2026-01-13 22:49:06+00:00
Crypto,dogecoin,0.2821625,2026-01-13 19:55:42+00:00
Crypto,dogecoin,-0.09272499999999999,2026-02-03 01:01:05+00:00
Crypto,dogecoin,0.0328171052631579,2026-01-19 01:58:09+00:00
Crypto,dogecoin,0.5126375,2026-01-29 22:34:05+00:00
Crypto,dogecoin,0.36013333333333336,2026-01-13 07:33:53+00:00
Crypto,dogecoin,0.15187777777777778,2026-01-13 13:55:54+00:00
Crypto,dogecoin,0.13545000000000001,2026-01-28 10:31:16+00:00
Crypto,dogecoin,0.19981,2026-01-30 19:16:38+00:00
Crypto,dogecoin,0.04549305555555556,2026-01-14 17:33:48+00:00
Crypto,dogecoin,0.48290092592592593,2026-01-25 19:00:27+00:00
Crypto,dogecoin,0.040323750000000005,2026-01-25 14:39:27+00:00
Crypto,dogecoin,0.4568375,2026-02-02 06:20:26+00:00
Crypto,dogecoin,0.07881428571428571,2026-01-22 21:42:39+00:00
Crypto,dogecoin,0.10564,2026-01-20 12:54:34+00:00
Crypto,dogecoin,0.4889777777777778,2026-01-15 06:14:03+00:00
Crypto,dogecoin,0.42764761904761905,2026-02-01 00:58:21+00:00
Crypto,dogecoin,-0.05597307692307692,2026-01-28 02:24:11+00:00
Crypto,dogecoin,0.15305000000000002,2026-01-26 00:24:47+00:00
Crypto,dogecoin,0.47696666666666665,2026-01-24 19:33:19+00:00
Crypto,dogecoin,0.45181,2026-01-24 11:53:36+00:00
Crypto,dogecoin,0.18380625,2026-02-01 10:54:30+00:00
Crypto,dogecoin,0.1450923076923077,2026-01-08 01:59:38+00:00
Crypto,dogecoin,0.072774,2026-01-14 02:25:57+00:00
Crypto,dogecoin,-0.2202,2026-01-11 22:59:39+00:00
Crypto,dogecoin,0.21652954545454545,2026-02-05 11:43:05+00:00
Crypto,dogecoin,0.006240196078431375,2026-02-02 15:39:44+00:00
Crypto,dogecoin,-0.1347722222222222,2026-01-31 21:35:33+00:00
Crypto,dogecoin,0.2960409090909091,2026-01-23 10:35:30+00:00
Crypto,dogecoin,-0.01837,2026-01-31 17:54:59+00:00
Crypto,dogecoin,0.44322058823529414,2026-01-27 00:20:16+00:00
Crypto,dogecoin,0.09013478260869566,2026-01-14 12:07:54+00:00
Crypto,dogecoin,0.41872,2026-02-04 17:56:49+00:00
Crypto,dogecoin,-0.16379285714285713,2026-01-19 00:45:51+00:00
Crypto,dogecoin,0.39545384615384616,2026-01-10 06:47:43+00:00
Crypto,dogecoin,0.31098913043478266,2026-01-13 22:51:24+00:00
Crypto,dogecoin,0.14095333333333335,2026-01-14 19:17:04+00:00
Crypto,dogecoin,0.31993125,2026-02-04 02:43:17+00:00
Crypto,dogecoin,0.050566666666666676,2026-01-12 17:19:41+00:00
Crypto,dogecoin,0.17746190476190477,2026-01-26 19:16:15+00:00
Crypto,dogecoin,0.17722857142857143,2026-01-14 04:41:42+00:00
Crypto,dogecoin,0.08951451612903225,2026-01-08 17:15:13+00:00
Crypto,dogecoin,0.4867,2026-01-31 19:23:03+00:00
Crypto,dogecoin,0.018510000000000002,2026-01-31 23:13:12+00:00
Crypto,dogecoin,0.6430884615384616,2026-01-17 19:59:48+00:00
Crypto,dogecoin,0.0,2026-01-27 08:19:04+00:00
Crypto,dogecoin,0.24349166666666666,2026-01-29 02:25:45+00:00
Crypto,dogecoin,0.13976875,2026-01-08 10:57:32+00:00
Crypto,dogecoin,0.3515142857142857,2026-01-08 01:02:50+00:00
Crypto,dogecoin,0.3472,2026-01-24 20:01:15+00:00
Crypto,dogecoin,0.0,2026-01-12 10:44:44+00:00
Crypto,dogecoin,0.11405000000000001,2026-01-11 07:15:55+00:00
Crypto,dogecoin,0.13388970588235294,2026-01-19 00:04:04+00:00
Crypto,dogecoin,0.5095636363636363,2026-01-07 01:19:32+00:00
Crypto,dogecoin,0.057027499999999995,2026-02-04 22:36:02+00:00
Crypto,dogecoin,-0.01918000000000001,2026-01-17 19:27:01+00:00
Crypto,dogecoin,-0.052669999999999995,2026-01-24 19:47:07+00:00
Crypto,dogecoin,0.5152794117647059,2026-01-10 14:07:11+00:00
Crypto,dogecoin,-0.3542894736842105,2026-01-15 17:25:30+00:00
Crypto,dogecoin,0.07105,2026-01-22 21:54:33+00:00
Crypto,dogecoin,0.254645,2026-01-19 02:19:42+00:00
Crypto,dogecoin,0.0,2026-01-16 19:50:13+00:00
Crypto,dogecoin,-0.0203875,2026-01-31 18:22:26+00:00
Crypto,dogecoin,0.3249909090909091,2026-01-06 21:40:53+00:00
Crypto,dogecoin,0.0,2026-01-09 21:57:49+00:00
Crypto,dogecoin,0.41508,2026-02-04 17:39:06+00:00
Crypto,dogecoin,0.11601363636363636,2026-01-15 04:40:39+00:00
Crypto,dogecoin,-0.09545,2026-02-02 16:23:31+00:00
Crypto,dogecoin,-0.060226923076923074,2026-01-23 17:58:32+00:00
Crypto,dogecoin,0.1816875,2026-01-29 17:59:27+00:00
Crypto,dogecoin,-0.15355,2026-02-02 04:06:50+00:00
Crypto,dogecoin,0.34594318181818184,2026-01-09 04:53:31+00:00
Crypto,dogecoin,-0.3779318181818182,2026-01-31 18:10:05+00:00
Crypto,dogecoin,0.55235,2026-01-30 01:59:13+00:00
Crypto,dogecoin,-0.3379671875,2026-01-19 15:37:17+00:00
Crypto,dogecoin,-0.111,2026-02-04 18:02:23+00:00
Crypto,dogecoin,0.070425,2026-01-11 16:34:51+00:00
Crypto,dogecoin,0.22575,2026-01-31 21:48:34+00:00
Crypto,dogecoin,0.3817333333333333,2026-01-30 15:29:46+00:00
Crypto,dogecoin,0.31009117647058826,2026-01-22 17:58:19+00:00
Crypto,dogecoin,0.38482,2026-01-21 18:16:02+00:00
Crypto,dogecoin,0.7318166666666667,2026-01-10 05:06:50+00:00
Crypto,dogecoin,0.40918333333333334,2026-01-16 00:44:32+00:00
Crypto,dogecoin,-0.09011,2026-01-08 12:09:59+00:00
Crypto,dogecoin,0.6875916666666666,2026-02-01 10:20:53+00:00
Crypto,dogecoin,0.42643333333333333,2026-01-31 19:12:50+00:00
Crypto,dogecoin,0.2739544117647059,2026-01-28 11:23:08+00:00
Crypto,dogecoin,0.1671111111111111,2026-01-26 17:52:01+00:00
Crypto,dogecoin,-0.04675625,2026-01-21 05:01:07+00:00
Crypto,dogecoin,-0.1856320512820513,2026-01-12 18:05:49+00:00
Crypto,dogecoin,0.221225,2026-01-27 21:48:05+00:00
Crypto,solana,-0.30432865168539325,2026-02-04 00:42:46+00:00
Crypto,solana,-0.36015270270270267,2026-01-25 22:49:44+00:00
Crypto,solana,0.34867699999999996,2026-01-12 07:22:36+00:00
Crypto,solana,-0.27486851851851857,2026-01-18 05:50:41+00:00
Crypto,solana,-0.018830769230769234,2026-01-15 16:16:59+00:00
Crypto,solana,0.12216904761904762,2026-01-11 16:05:42+00:00
Crypto,solana,-0.34539426229508197,2026-02-03 22:58:31+00:00
Crypto,solana,0.07735833333333333,2026-01-14 06:16:11+00:00
Crypto,solana,0.4692,2026-01-28 17:01:51+00:00
Crypto,solana,-0.3256,2026-01-29 08:41:08+00:00
Crypto,solana,0.13851875,2026-01-19 14:56:56+00:00
Crypto,solana,0.50375,2026-01-16 13:50:30+00:00
Crypto,solana,0.6297271428571428,2026-01-28 04:37:18+00:00
Crypto,solana,-0.45333809523809526,2026-01-31 19:28:19+00:00
Crypto,solana,0.7358125,2026-01-31 20:14:27+00:00
Crypto,solana,0.3803625,2026-01-16 12:54:51+00:00
Crypto,solana,0.15545416666666667,2026-01-07 16:33:50+00:00
Crypto,solana,0.17365833333333333,2026-01-08 23:35:33+00:00
Crypto,solana,0.557375,2026-01-31 20:01:21+00:00
Crypto,solana,0.5065583333333333,2026-01-14 19:06:16+00:00
Crypto,solana,-0.48705833333333337,2026-01-18 22:12:56+00:00
Crypto,solana,-0.2901375,2026-02-01 12:07:48+00:00
Crypto,solana,0.40064,2026-01-28 01:27:38+00:00
Crypto,solana,0.21605476190476192,2026-02-01 23:52:21+00:00
Crypto,solana,0.6753035714285714,2026-01-17 12:49:36+00:00
Crypto,solana,0.5828666666666666,2026-01-15 12:23:45+00:00
Crypto,solana,0.5578461538461539,2026-01-08 08:25:11+00:00
Crypto,solana,0.6047027777777778,2026-01-15 14:32:44+00:00
Crypto,solana,0.4320233333333333,2026-01-13 06:52:05+00:00
Crypto,solana,0.657548,2026-01-23 16:38:27+00:00
Crypto,solana,0.2534,2026-01-13 17:31:01+00:00
Crypto,solana,0.3309166666666667,2026-01-20 20:07:09+00:00
Crypto,solana,-0.3551590909090909,2026-02-01 12:28:16+00:00
Crypto,solana,0.4447375,2026-01-09 21:36:10+00:00
Crypto,solana,0.08083333333333333,2026-01-30 07:38:18+00:00
Crypto,solana,0.36057833333333333,2026-01-14 17:53:41+00:00
Crypto,solana,0.6573346153846154,2026-01-06 22:16:53+00:00
Crypto,solana,-0.181825,2026-01-17 01:23:03+00:00
Crypto,solana,0.53115,2026-01-16 20:07:05+00:00
Crypto,solana,0.6463772727272727,2026-01-28 20:27:07+00:00
Crypto,solana,0.42267173913043476,2026-01-31 18:21:23+00:00
Crypto,solana,-0.380371875,2026-01-22 05:50:43+00:00
Crypto,solana,0.56315,2026-01-07 10:53:02+00:00
Crypto,solana,0.6515461538461539,2026-01-22 22:24:12+00:00
Crypto,solana,0.6326,2026-01-21 17:25:35+00:00
Crypto,solana,0.15471666666666667,2026-01-28 06:53:37+00:00
Crypto,solana,0.6925625,2026-01-09 22:01:54+00:00
Crypto,solana,0.4890590909090909,2026-01-08 12:44:40+00:00
Crypto,solana,0.34540000000000004,2026-01-26 07:41:36+00:00
Crypto,solana,0.5405222222222222,2026-01-18 16:47:19+00:00
Crypto,solana,0.292875,2026-01-11 09:00:01+00:00
Crypto,solana,0.6479666666666667,2026-01-28 21:56:46+00:00
Crypto,solana,0.5304500000000001,2026-01-27 09:27:42+00:00
Crypto,solana,0.5796666666666667,2026-01-24 12:02:23+00:00
Crypto,solana,0.4732571428571429,2026-01-21 06:34:21+00:00
Crypto,solana,0.1382642857142857,2026-01-08 18:56:59+00:00
Crypto,solana,0.7359642857142856,2026-01-07 00:11:07+00:00
Crypto,solana,0.6002,2026-01-31 10:51:58+00:00
Crypto,solana,0.32985,2026-01-24 17:26:35+00:00
Crypto,solana,0.15502500000000002,2026-01-22 12:48:30+00:00
Crypto,solana,0.44947,2026-01-20 13:37:43+00:00
Crypto,solana,0.44051666666666667,2026-01-16 08:20:03+00:00
Crypto,solana,0.55808125,2026-01-10 08:35:23+00:00
Crypto,solana,0.68752,2026-01-06 18:34:49+00:00
Crypto,solana,0.851275,2026-02-02 21:55:05+00:00
Crypto,solana,0.56385,2026-01-30 22:52:17+00:00
Crypto,solana,0.68635,2026-01-28 18:00:08+00:00
Crypto,solana,0.5302166666666667,2026-01-26 09:36:41+00:00
Crypto,solana,0.67775,2026-02-02 17:16:29+00:00
Crypto,solana,0.4736,2026-02-02 11:15:36+00:00
Crypto,solana,0.08804000000000001,2026-01-23 17:31:09+00:00
Crypto,solana,0.44765,2026-01-23 11:28:53+00:00
Crypto,solana,0.4157,2026-01-22 05:54:57+00:00
Crypto,solana,0.46415,2026-01-19 13:27:43+00:00
Crypto,solana,0.2325978260869565,2026-01-18 22:44:20+00:00
Crypto,solana,0.6267,2026-02-04 21:11:31+00:00
Crypto,solana,0.69778125,2026-02-03 19:21:25+00:00
Crypto,solana,0.55325,2026-01-31 11:04:19+00:00
Crypto,solana,-0.0864888888888889,2026-01-22 05:24:11+00:00
Crypto,solana,0.6456500000000001,2026-01-19 20:03:07+00:00
Crypto,solana,0.586,2026-01-18 08:43:54+00:00
Crypto,solana,0.5045861111111111,2026-01-18 06:06:50+00:00
Crypto,solana,0.60921,2026-01-16 14:24:21+00:00
Crypto,solana,0.3214,2026-01-14 11:25:06+00:00
Crypto,solana,0.650825,2026-01-14 00:32:50+00:00
Crypto,solana,0.07731666666666667,2026-01-08 07:13:13+00:00
Crypto,solana,0.51045,2026-01-07 17:43:48+00:00
Crypto,solana,0.5162,2026-02-04 02:14:44+00:00
Crypto,solana,0.5383,2026-01-31 11:42:18+00:00
Crypto,solana,-0.36554583333333335,2026-01-30 22:34:41+00:00
Crypto,solana,0.092725,2026-01-29 11:17:17+00:00
Crypto,solana,0.33365,2026-01-25 15:30:05+00:00
Crypto,solana,0.6711833333333334,2026-01-24 18:55:52+00:00
Crypto,solana,0.7775666666666667,2026-01-23 14:47:07+00:00
Crypto,solana,0.791725,2026-01-20 02:01:58+00:00
Crypto,solana,0.20205,2026-01-13 21:58:17+00:00
Crypto,solana,-0.34562692307692305,2026-01-06 21:00:27+00:00
Crypto,solana,-0.11381666666666665,2026-01-22 03:03:10+00:00
Crypto,solana,0.274025,2026-01-14 05:35:00+00:00
Crypto,solana,0.52755,2026-01-12 02:42:42+00:00
Crypto,Bitcoin,0.065864,2026-01-17 10:00:39+00:00
Crypto,Bitcoin,0.25508854166666667,2026-01-31 16:27:01+00:00
Crypto,Bitcoin,0.2519219298245614,2026-01-26 13:47:12+00:00
Crypto,Bitcoin,0.05200921052631579,2026-01-10 05:05:05+00:00
Crypto,Bitcoin,-0.042876500000000005,2026-01-13 12:57:35+00:00
Crypto,Bitcoin,0.09482254901960785,2026-01-28 01:22:23+00:00
Crypto,Bitcoin,0.29300800000000005,2026-01-31 17:42:15+00:00
Crypto,Bitcoin,0.06011301369863014,2026-02-04 16:45:33+00:00
Crypto,Bitcoin,0.024477000000000002,2026-01-14 18:45:37+00:00
Crypto,Bitcoin,0.051893,2026-01-31 18:11:54+00:00
Crypto,Bitcoin,0.037895652173913046,2026-01-23 12:09:04+00:00
Crypto,Bitcoin,0.029122093023255816,2026-01-20 00:49:19+00:00
Crypto,Bitcoin,0.0369085,2026-01-29 20:43:03+00:00
Crypto,Bitcoin,0.073526,2026-01-27 10:58:44+00:00
Crypto,Bitcoin,0.36222671232876713,2026-01-23 20:58:19+00:00
Crypto,Bitcoin,0.02657,2026-01-20 16:04:21+00:00
Crypto,Bitcoin,0.11438333333333332,2026-01-25 09:24:54+00:00
Crypto,Bitcoin,0.52024,2026-02-03 19:44:53+00:00
Crypto,Bitcoin,-0.23019651162790694,2026-01-12 00:19:16+00:00
Crypto,Bitcoin,0.12482924528301886,2026-01-15 20:42:44+00:00
Crypto,Bitcoin,-0.34172399999999997,2026-02-04 17:02:07+00:00
Crypto,Bitcoin,0.23338150000000002,2026-01-30 16:23:03+00:00
Crypto,Bitcoin,0.07641,2026-01-15 18:09:35+00:00
Crypto,Bitcoin,-0.2575978260869565,2026-01-09 14:55:46+00:00
Crypto,Bitcoin,-0.14800142857142853,2026-01-17 08:17:03+00:00
Crypto,Bitcoin,0.6202657894736843,2026-01-17 04:53:23+00:00
Crypto,Bitcoin,0.003865384615384615,2026-01-25 22:13:16+00:00
Crypto,Bitcoin,0.030179499999999998,2026-01-14 15:14:40+00:00
Crypto,Bitcoin,0.36969615384615384,2026-02-04 18:34:35+00:00
Crypto,Bitcoin,0.13170333333333334,2026-01-26 03:34:22+00:00
Crypto,Bitcoin,-0.033591176470588235,2026-01-08 15:41:22+00:00
Crypto,Bitcoin,0.25813157894736843,2026-01-22 14:15:10+00:00
Crypto,Bitcoin,0.03821,2026-01-26 06:18:31+00:00
Crypto,Bitcoin,0.041170000000000005,2026-01-30 22:57:51+00:00
Crypto,Bitcoin,0.256916935483871,2026-01-13 13:52:17+00:00
Crypto,Bitcoin,0.4027514705882353,2026-01-24 16:20:19+00:00
Crypto,Bitcoin,0.5883,2026-01-21 00:29:15+00:00
Crypto,Bitcoin,0.245618,2026-01-16 11:33:32+00:00
Crypto,Bitcoin,0.042962,2026-01-06 23:56:48+00:00
Crypto,Bitcoin,-0.03611363636363637,2026-01-19 16:33:28+00:00
Crypto,Bitcoin,-0.1595225,2026-02-05 01:07:58+00:00
Crypto,Bitcoin,0.257935,2026-01-31 01:08:29+00:00
Crypto,Bitcoin,-0.01989375,2026-01-21 01:18:51+00:00
Crypto,Bitcoin,0.3518,2026-01-10 14:41:01+00:00
Crypto,Bitcoin,0.025594117647058823,2026-01-12 21:42:40+00:00
Crypto,Bitcoin,-0.14020353535353536,2026-01-17 19:12:19+00:00
Crypto,Bitcoin,0.16681041666666668,2026-01-16 04:41:27+00:00
Crypto,Bitcoin,0.071053125,2026-01-26 10:58:25+00:00
Crypto,Bitcoin,0.0762918918918919,2026-01-13 22:51:12+00:00
Crypto,Bitcoin,-0.3163,2026-01-13 20:03:40+00:00
Crypto,Bitcoin,0.006337719298245613,2026-01-31 18:59:05+00:00
Crypto,Bitcoin,0.095959375,2026-01-29 22:37:29+00:00
Crypto,Bitcoin,0.5075327586206897,2026-01-14 07:26:50+00:00
Crypto,Bitcoin,0.05087177419354839,2026-01-22 14:28:05+00:00
Crypto,Bitcoin,0.4975973684210526,2026-01-26 18:01:29+00:00
Crypto,Bitcoin,0.053075373134328356,2026-01-24 18:27:24+00:00
Crypto,Bitcoin,0.6263156862745098,2026-01-09 03:43:28+00:00
Crypto,Bitcoin,0.09310952380952381,2026-02-02 18:10:36+00:00
Crypto,Bitcoin,-0.04290434782608696,2026-01-09 10:59:10+00:00
Crypto,Bitcoin,0.103855,2026-02-04 06:24:07+00:00
Crypto,Bitcoin,0.6001916666666667,2026-01-31 23:00:24+00:00
Crypto,Bitcoin,0.05924545454545454,2026-01-07 10:31:08+00:00
Crypto,Bitcoin,0.5683785714285714,2026-01-24 08:58:54+00:00
Crypto,Bitcoin,0.04574285714285714,2026-01-19 04:00:30+00:00
Crypto,Bitcoin,-0.35672750000000003,2026-01-30 02:37:23+00:00
Crypto,Bitcoin,-0.024652127659574467,2026-01-31 20:13:26+00:00
Crypto,Bitcoin,0.08435652173913043,2026-01-13 11:04:18+00:00
Crypto,Bitcoin,0.008725000000000002,2026-01-11 13:15:28+00:00
Crypto,Bitcoin,-0.06706171875,2026-01-21 21:08:56+00:00
Crypto,Bitcoin,-0.4253111111111111,2026-01-19 03:54:27+00:00
Crypto,Bitcoin,0.1797416666666667,2026-01-27 13:38:18+00:00
Crypto,Bitcoin,0.044770833333333336,2026-01-14 20:31:42+00:00
Crypto,Bitcoin,0.2648348214285714,2026-01-25 20:48:41+00:00
Crypto,Bitcoin,0.3104339285714286,2026-01-10 14:05:39+00:00
Crypto,Bitcoin,0.15942833333333334,2026-01-12 12:59:52+00:00
Crypto,Bitcoin,0.2737164556962025,2026-02-02 19:18:59+00:00
Crypto,Bitcoin,0.036418518518518524,2026-01-07 18:29:46+00:00
Crypto,Bitcoin,0.014996153846153847,2026-01-07 17:02:23+00:00
Crypto,Bitcoin,0.04320408163265306,2026-01-28 17:16:13+00:00
Crypto,Bitcoin,0.03639545454545454,2026-01-14 16:43:08+00:00
Crypto,Bitcoin,-0.2710142857142857,2026-01-21 05:27:49+00:00
Crypto,Bitcoin,0.09217125000000001,2026-01-18 12:45:08+00:00
Crypto,Bitcoin,0.430889,2026-02-02 11:33:29+00:00
Crypto,Bitcoin,0.557913,2026-01-21 18:02:00+00:00
Crypto,Bitcoin,0.0013700000000000008,2026-01-30 14:24:52+00:00
Crypto,Bitcoin,0.04976875,2026-02-02 03:34:49+00:00
Crypto,Bitcoin,0.24590769230769233,2026-02-01 20:55:35+00:00
Crypto,Bitcoin,0.024664583333333333,2026-01-14 20:03:15+00:00
Crypto,Bitcoin,0.2000588235294118,2026-01-07 11:05:34+00:00
Crypto,Bitcoin,0.04601967213114754,2026-01-22 17:45:21+00:00
Crypto,Bitcoin,-0.04261379310344829,2026-02-02 05:30:30+00:00
Crypto,Bitcoin,-0.33646785714285715,2026-01-11 21:03:51+00:00
Crypto,Bitcoin,0.2603375,2026-01-22 11:30:38+00:00
Crypto,Bitcoin,0.06851041666666666,2026-01-25 09:07:50+00:00
Crypto,Bitcoin,-0.007674999999999998,2026-01-29 18:53:33+00:00
Crypto,Bitcoin,0.10331000000000001,2026-01-07 00:46:58+00:00
Crypto,Bitcoin,0.07844739583333334,2026-01-23 04:33:46+00:00
Crypto,Bitcoin,0.2556807692307692,2026-01-30 13:41:37+00:00
Crypto,Bitcoin,0.20205,2026-01-14 18:08:07+00:00
Crypto,Bitcoin,-0.022324999999999998,2026-01-07 08:38:30+00:00
Crypto,Monero,0.6220276315789474,2026-01-14 05:24:26+00:00
Crypto,Monero,-0.18187916666666668,2026-01-15 08:57:13+00:00
Crypto,Monero,-0.19044102564102564,2026-01-11 14:04:39+00:00
Crypto,Monero,0.1910625,2026-01-13 16:26:23+00:00
Crypto,Monero,0.4887854838709677,2026-01-22 11:52:02+00:00
Crypto,Monero,-0.55689375,2026-01-16 18:06:05+00:00
Crypto,Monero,0.4962705128205128,2026-01-22 10:06:08+00:00
Crypto,Monero,0.6393125,2026-01-13 18:47:30+00:00
Crypto,Monero,-0.06826666666666666,2026-01-26 23:15:59+00:00
Crypto,Monero,-0.005718749999999995,2026-01-14 15:46:52+00:00
Crypto,Monero,0.008636363636363636,2026-01-17 21:18:12+00:00
Crypto,Monero,0.14184999999999998,2026-01-21 04:38:00+00:00
Crypto,Monero,0.22698333333333331,2026-01-06 21:40:35+00:00
Crypto,Monero,-0.295675,2026-01-20 19:00:46+00:00
Crypto,Monero,-0.2713717391304348,2026-01-25 15:35:56+00:00
Crypto,Monero,0.5251166666666667,2026-01-15 16:48:10+00:00
Crypto,Monero,0.71071,2026-01-08 22:13:58+00:00
Crypto,Monero,0.23335,2026-02-04 04:49:37+00:00
Crypto,Monero,0.5839467213114754,2026-01-16 04:12:31+00:00
Crypto,Monero,0.69486,2026-02-02 12:36:31+00:00
Crypto,Monero,0.5508333333333333,2026-01-12 20:31:56+00:00
Crypto,Monero,0.2294,2026-01-14 14:03:55+00:00
Crypto,Monero,0.6471333333333333,2026-01-15 19:41:05+00:00
Crypto,Monero,0.73411875,2026-01-11 07:38:24+00:00
Crypto,Monero,-0.4011066666666667,2026-01-10 13:30:00+00:00
Crypto,Monero,0.65211,2026-01-16 08:12:56+00:00
Crypto,Monero,0.46269,2026-01-15 19:52:18+00:00
Crypto,Monero,-0.28604,2026-01-14 17:11:36+00:00
Crypto,Monero,0.583015,2026-01-28 21:54:44+00:00
Crypto,Monero,0.0,2026-01-15 08:04:56+00:00
Crypto,Monero,-0.45332500000000003,2026-01-20 01:23:08+00:00
Crypto,Monero,0.45872142857142856,2026-01-15 15:42:45+00:00
Crypto,Monero,0.45153571428571426,2026-01-14 18:51:32+00:00
Crypto,Monero,0.41617499999999996,2026-01-14 15:07:11+00:00
Crypto,Monero,-0.40012000000000003,2026-01-16 02:29:56+00:00
Crypto,Monero,-0.25202,2026-01-27 15:34:21+00:00
Crypto,Monero,0.820425,2026-01-14 13:46:17+00:00
Crypto,Monero,0.85505,2026-02-04 18:09:59+00:00
Crypto,Monero,0.44159166666666666,2026-01-24 05:02:28+00:00
Crypto,Monero,0.013336363636363638,2026-02-02 20:04:17+00:00
Crypto,Monero,0.80311875,2026-01-14 14:20:20+00:00
Crypto,Monero,0.23371666666666668,2026-01-31 14:46:47+00:00
Crypto,Monero,0.381275,2026-01-29 07:57:17+00:00
Crypto,Monero,0.1305357142857143,2026-01-27 01:14:46+00:00
Crypto,Monero,-0.18868181818181817,2026-01-24 01:51:06+00:00
Crypto,Monero,0.4063,2026-01-26 00:40:12+00:00
Crypto,Monero,0.2445,2026-02-04 00:20:32+00:00
Crypto,Monero,0.30739375,2026-01-27 19:21:58+00:00
Crypto,Monero,0.2372076923076923,2026-01-15 17:10:30+00:00
Crypto,Monero,0.6318666666666666,2026-01-27 03:13:38+00:00
Crypto,Monero,0.565756,2026-01-19 21:20:21+00:00
Crypto,Monero,0.39736666666666665,2026-01-07 05:53:11+00:00
Crypto,Monero,0.8139,2026-01-07 13:08:52+00:00
Crypto,Monero,-0.04662000000000001,2026-01-24 00:21:53+00:00
Crypto,Monero,0.38484999999999997,2026-01-20 05:01:56+00:00
Crypto,Monero,0.3138,2026-01-09 10:09:48+00:00
Crypto,Monero,0.15624545454545455,2026-01-17 01:54:13+00:00
Crypto,Monero,0.5492,2026-02-01 17:35:47+00:00
Crypto,Monero,0.610725,2026-01-26 14:07:55+00:00
Crypto,Monero,0.46365,2026-01-30 11:58:46+00:00
Crypto,Monero,0.39525,2026-02-02 16:20:34+00:00
Crypto,Monero,0.6799249999999999,2026-02-02 13:43:03+00:00
Crypto,Monero,0.19595,2026-01-20 21:30:53+00:00
Crypto,Monero,-0.39381999999999995,2026-01-13 11:46:05+00:00
Crypto,Monero,0.3222666666666667,2026-01-23 18:20:42+00:00
Crypto,Monero,0.19555833333333336,2026-01-27 20:48:11+00:00
Crypto,Monero,0.26193,2026-01-25 11:00:38+00:00
Crypto,Monero,0.09722500000000003,2026-01-18 08:49:28+00:00
Crypto,Monero,0.73,2026-01-17 09:38:16+00:00
Crypto,Monero,0.176145,2026-01-16 14:27:02+00:00
Crypto,Monero,0.6555727272727272,2026-01-13 15:26:53+00:00
Crypto,Monero,0.23593437499999997,2026-01-15 18:15:08+00:00
Crypto,Monero,0.594075,2026-01-07 20:23:59+00:00
Crypto,Monero,0.6152166666666666,2026-01-28 17:56:05+00:00
Crypto,Monero,-0.26275,2026-01-20 03:38:41+00:00
Crypto,Monero,0.6364875000000001,2026-01-31 01:36:18+00:00
Crypto,Monero,0.7412,2026-01-22 14:19:25+00:00
Crypto,Monero,-0.23335,2026-01-21 18:12:22+00:00
Crypto,Monero,0.26715,2026-01-14 16:29:24+00:00
Crypto,Monero,0.48718,2026-01-13 07:36:33+00:00
Crypto,Monero,0.253925,2026-01-27 08:34:56+00:00
Crypto,Monero,0.158675,2026-02-01 11:00:41+00:00
Crypto,Monero,0.5022166666666666,2026-01-24 18:41:29+00:00
Crypto,Monero,0.61005,2026-01-10 08:01:34+00:00
Crypto,Monero,0.07230000000000002,2026-01-23 04:56:55+00:00
Crypto,Monero,0.8449,2026-01-13 09:08:58+00:00
Crypto,Monero,-0.52375,2026-01-12 03:30:54+00:00
Crypto,Monero,0.11838,2026-01-18 10:49:43+00:00
Crypto,Monero,0.095,2026-01-11 11:00:36+00:00
Crypto,Monero,0.5122642857142857,2026-01-19 21:55:47+00:00
Crypto,Monero,-0.5137583333333333,2026-01-15 19:04:09+00:00
Crypto,Monero,0.8899,2026-02-03 19:18:04+00:00
Crypto,Monero,0.49955,2026-01-26 13:33:44+00:00
Crypto,Monero,0.6791392857142857,2026-01-22 15:38:06+00:00
Crypto,Monero,0.0038499999999999923,2026-01-16 19:48:07+00:00
Crypto,Monero,0.20785,2026-01-09 03:19:41+00:00
Crypto,Monero,0.19140000000000001,2026-02-04 16:44:34+00:00
Crypto,Monero,0.0,2026-01-29 12:27:49+00:00
Crypto,Monero,0.0440625,2026-01-18 11:00:38+00:00
Crypto,Monero,0.49812222222222224,2026-01-28 18:22:50+00:00
Crypto,polkadot,0.39258333333333334,2026-01-13 14:59:23+00:00
Crypto,polkadot,-0.336,2026-01-16 12:26:28+00:00
Crypto,polkadot,0.28943,2026-01-28 18:03:23+00:00
Crypto,polkadot,0.516,2026-01-21 06:49:42+00:00
Crypto,polkadot,-0.1762,2026-01-18 01:07:12+00:00
Crypto,polkadot,0.5439499999999999,2026-01-14 15:48:25+00:00
Crypto,polkadot,0.4904,2026-01-27 21:19:32+00:00
Crypto,polkadot,0.5109666666666667,2026-01-14 10:30:39+00:00
Crypto,polkadot,0.6003000000000001,2026-01-07 16:17:08+00:00
Crypto,polkadot,0.642325,2026-01-11 19:56:11+00:00
Crypto,polkadot,0.0,2026-01-27 15:25:19+00:00
Crypto,polkadot,0.0,2026-01-27 16:41:03+00:00
Crypto,polkadot,0.0,2026-01-27 09:35:03+00:00
Crypto,polkadot,-0.063,2026-01-26 06:49:19+00:00
Crypto,polkadot,0.05562500000000001,2026-01-15 22:15:02+00:00
Crypto,polkadot,0.31825,2026-01-15 11:44:32+00:00
Crypto,polkadot,0.09858333333333333,2026-01-20 17:04:48+00:00
Crypto,polkadot,0.2294,2026-02-05 07:04:22+00:00
Crypto,polkadot,0.3243,2026-02-04 14:50:30+00:00
Crypto,polkadot,0.0,2026-01-28 17:13:50+00:00
Crypto,polkadot,-0.025900000000000006,2026-01-28 00:11:45+00:00
Crypto,polkadot,0.6309,2026-01-15 06:58:51+00:00
Crypto,polkadot,0.4796,2026-01-21 08:58:40+00:00
Crypto,polkadot,0.21075,2026-01-12 18:47:01+00:00
Crypto,polkadot,0.1547,2026-01-30 17:12:40+00:00
Crypto,polkadot,-0.23130000000000003,2026-01-23 10:16:21+00:00
Crypto,polkadot,0.10115,2026-01-27 09:32:54+00:00
Crypto,polkadot,0.10115,2026-01-21 16:38:42+00:00
Crypto,polkadot,0.21075,2026-01-14 17:49:17+00:00
Crypto,polkadot,0.08895,2026-01-08 09:44:03+00:00
Crypto,polkadot,0.31245,2026-02-02 20:35:43+00:00
Crypto,polkadot,0.4037,2026-01-27 15:28:06+00:00
Crypto,polkadot,0.4037,2026-01-21 12:29:51+00:00
Crypto,polkadot,0.38915,2026-01-14 12:39:21+00:00
Crypto,polkadot,0.20095,2026-02-03 08:18:43+00:00
Crypto,polkadot,0.44415,2026-01-28 14:43:41+00:00
Crypto,polkadot,0.21075,2026-01-24 23:35:02+00:00
Crypto,polkadot,0.3062,2026-01-21 14:03:43+00:00
Crypto,polkadot,0.0,2026-01-15 10:39:34+00:00
Crypto,polkadot,0.0936,2026-01-13 18:55:14+00:00
Crypto,polkadot,0.23765,2026-01-08 07:18:06+00:00
Crypto,polkadot,0.48715,2026-02-01 09:33:56+00:00
Crypto,polkadot,0.10115,2026-01-16 12:11:16+00:00
Crypto,polkadot,0.0,2026-01-15 15:54:33+00:00
Crypto,polkadot,0.12595,2026-01-12 16:38:24+00:00
Crypto,polkadot,0.0,2026-01-10 18:05:27+00:00
Crypto,polkadot,-0.1462,2026-01-07 07:04:50+00:00
Crypto,polkadot,0.0,2026-02-03 15:36:15+00:00
Crypto,polkadot,0.0,2026-02-02 19:32:40+00:00
Crypto,polkadot,0.0,2026-01-28 13:21:51+00:00
Crypto,polkadot,0.40265,2026-01-26 12:07:19+00:00
Crypto,polkadot,0.0,2026-01-22 06:58:28+00:00
Crypto,polkadot,-0.1122,2026-01-16 07:05:40+00:00
Crypto,polkadot,0.28469999999999995,2026-01-13 16:27:40+00:00
Crypto,polkadot,0.148,2026-01-12 10:34:50+00:00
Crypto,polkadot,0.2997,2026-01-11 18:07:49+00:00
Crypto,polkadot,-0.30279999999999996,2026-02-01 13:09:20+00:00
Crypto,polkadot,0.31245,2026-01-28 09:23:40+00:00
Crypto,polkadot,0.20095,2026-01-27 16:12:06+00:00
Crypto,polkadot,0.3243,2026-01-23 09:03:36+00:00
Crypto,polkadot,0.42405,2026-01-15 17:47:23+00:00
Crypto,polkadot,0.401,2026-01-15 16:19:11+00:00
Crypto,polkadot,0.47605,2026-01-09 23:04:51+00:00
Crypto,polkadot,-0.1663,2026-01-08 10:37:24+00:00
Crypto,polkadot,0.2202,2026-01-07 08:13:04+00:00
Crypto,polkadot,-0.2157,2026-02-04 14:23:05+00:00
Crypto,polkadot,0.2202,2026-02-04 14:22:05+00:00
Crypto,polkadot,0.49355,2026-02-04 00:11:20+00:00
Crypto,polkadot,0.35015,2026-01-31 16:52:19+00:00
Crypto,polkadot,0.0,2026-01-30 07:01:08+00:00
Crypto,polkadot,0.0,2026-01-28 09:30:37+00:00
Crypto,polkadot,0.10115,2026-01-27 19:09:48+00:00
Crypto,polkadot,0.1806,2026-01-20 17:10:45+00:00
Crypto,polkadot,0.0,2026-01-11 07:03:14+00:00
Crypto,polkadot,0.07655,2026-01-09 15:34:22+00:00
Crypto,polkadot,0.0,2026-02-04 13:31:59+00:00
Crypto,polkadot,0.0,2026-02-04 07:03:55+00:00
Crypto,polkadot,0.591575,2026-02-03 21:52:26+00:00
Crypto,polkadot,0.31245,2026-01-30 14:33:27+00:00
Crypto,polkadot,0.0,2026-01-27 20:43:52+00:00
Crypto,polkadot,-0.0258,2026-01-27 05:59:19+00:00
Crypto,polkadot,0.20095,2026-01-26 17:15:56+00:00
Crypto,polkadot,0.4239,2026-01-22 07:31:04+00:00
Crypto,polkadot,0.0,2026-01-19 07:04:14+00:00
Crypto,polkadot,-0.07655,2026-01-17 10:18:35+00:00
Crypto,polkadot,0.0,2026-01-15 14:11:34+00:00
Crypto,polkadot,0.20095,2026-01-09 11:51:14+00:00
Crypto,polkadot,-0.064,2026-01-08 15:11:21+00:00
Crypto,polkadot,0.17985,2026-01-07 07:00:05+00:00
Crypto,polkadot,-0.0386,2026-02-03 12:55:17+00:00
Crypto,polkadot,-0.10115,2026-02-02 15:33:01+00:00
Crypto,polkadot,0.0,2026-02-02 08:04:58+00:00
Crypto,polkadot,0.0,2026-01-29 19:45:20+00:00
Crypto,polkadot,0.47605,2026-01-29 13:05:34+00:00
Crypto,polkadot,0.1591,2026-01-25 15:55:43+00:00
Crypto,polkadot,0.0,2026-01-23 16:38:56+00:00
Crypto,polkadot,0.1591,2026-01-19 08:50:57+00:00
Crypto,polkadot,0.0,2026-01-17 14:37:24+00:00
Crypto,polkadot,-0.35015,2026-01-14 17:37:02+00:00
Crypto,polkadot,0.27055,2026-01-13 12:42:18+00:00
Crypto,Cardano,0.024686363636363638,2026-01-30 12:04:50+00:00
Crypto,Cardano,0.63847,2026-01-19 22:01:14+00:00
Crypto,Cardano,0.2224973684210526,2026-01-30 06:35:47+00:00
Crypto,Cardano,0.3975333333333333,2026-01-07 16:29:19+00:00
Crypto,Cardano,0.5935545454545454,2026-01-21 02:13:06+00:00
Crypto,Cardano,0.1688625,2026-02-02 14:31:02+00:00
Crypto,Cardano,0.37288333333333334,2026-01-08 21:13:20+00:00
Crypto,Cardano,0.58391875,2026-01-16 14:30:13+00:00
Crypto,Cardano,0.063371875,2026-01-29 11:52:10+00:00
Crypto,Cardano,0.727575,2026-01-13 13:09:47+00:00
Crypto,Cardano,0.6754,2026-01-30 11:34:21+00:00
Crypto,Cardano,0.483225,2026-01-15 19:03:29+00:00
Crypto,Cardano,0.6663375,2026-01-30 17:21:09+00:00
Crypto,Cardano,0.6627833333333333,2026-02-03 14:19:05+00:00
Crypto,Cardano,0.29935,2026-01-31 21:34:49+00:00
Crypto,Cardano,0.5596166666666667,2026-01-18 17:24:49+00:00
Crypto,Cardano,0.66545,2026-01-12 14:32:17+00:00
Crypto,Cardano,0.6671499999999999,2026-01-22 16:23:21+00:00
Crypto,Cardano,0.272275,2026-02-01 15:06:50+00:00
Crypto,Cardano,0.44965,2026-01-29 14:21:18+00:00
Crypto,Cardano,0.48605,2026-01-13 21:14:47+00:00
Crypto,Cardano,0.5542499999999999,2026-01-10 00:42:49+00:00
Crypto,Cardano,0.65075,2026-01-16 08:16:15+00:00
Crypto,Cardano,0.09505,2026-01-30 07:04:49+00:00
Crypto,Cardano,0.32971666666666666,2026-01-19 11:02:50+00:00
Crypto,Cardano,0.76305,2026-01-13 20:40:15+00:00
Crypto,Cardano,0.1901,2026-01-24 15:17:58+00:00
Crypto,Cardano,-0.2969166666666667,2026-02-03 15:51:07+00:00
Crypto,Cardano,0.718975,2026-01-21 09:36:06+00:00
Crypto,Cardano,0.35235000000000005,2026-01-26 12:29:25+00:00
Crypto,Cardano,0.5660166666666667,2026-01-11 11:54:18+00:00
Crypto,Cardano,0.45286666666666664,2026-01-29 20:12:42+00:00
Crypto,Cardano,0.13874999999999998,2026-01-27 09:52:50+00:00
Crypto,Cardano,0.1901,2026-01-12 03:22:54+00:00
Crypto,Cardano,0.5390874999999999,2026-01-28 09:21:49+00:00
Crypto,Cardano,0.47997500000000004,2026-01-21 21:41:09+00:00
Crypto,Cardano,0.50205,2026-01-28 22:45:11+00:00
Crypto,Cardano,0.6454833333333333,2026-01-28 16:07:57+00:00
Crypto,Cardano,0.6640999999999999,2026-01-23 09:06:18+00:00
Crypto,Cardano,0.43705,2026-01-20 03:38:55+00:00
Crypto,Cardano,0.5923333333333334,2026-02-02 23:10:24+00:00
Crypto,Cardano,0.1901,2026-01-28 03:02:54+00:00
Crypto,Cardano,0.4465,2026-01-26 21:30:54+00:00
Crypto,Cardano,0.4682,2026-01-20 20:26:30+00:00
Crypto,Cardano,0.27244999999999997,2026-01-27 20:30:51+00:00
Crypto,Cardano,0.63425,2026-01-26 18:37:48+00:00
Crypto,Cardano,0.1901,2026-01-26 16:42:50+00:00
Crypto,Cardano,0.2933,2026-01-30 11:06:49+00:00
Crypto,Cardano,-0.06623333333333334,2026-01-24 11:00:12+00:00
Crypto,Cardano,0.1901,2026-01-22 20:36:49+00:00
Crypto,Cardano,0.715075,2026-01-22 03:42:27+00:00
Crypto,Cardano,0.08639999999999998,2026-01-17 13:00:55+00:00
Crypto,Cardano,0.45219999999999994,2026-01-09 20:50:39+00:00
Crypto,Cardano,0.5795,2026-02-02 15:37:30+00:00
Crypto,Cardano,0.09505,2026-02-02 12:25:42+00:00
Crypto,Cardano,0.1901,2026-01-23 01:30:54+00:00
Crypto,Cardano,0.4996,2026-01-15 07:12:59+00:00
Crypto,Cardano,0.5650999999999999,2026-01-09 18:22:56+00:00
Crypto,Cardano,-0.048250000000000015,2026-01-09 10:12:50+00:00
Crypto,Cardano,0.458275,2026-02-03 09:26:33+00:00
Crypto,Cardano,0.22575,2026-02-01 18:30:54+00:00
Crypto,Cardano,0.8402833333333333,2026-01-26 03:04:03+00:00
Crypto,Cardano,0.4613,2026-01-22 15:18:52+00:00
Crypto,Cardano,0.746,2026-01-17 08:14:00+00:00
Crypto,Cardano,0.1772,2026-01-14 03:34:55+00:00
Crypto,Cardano,0.1901,2026-01-27 03:26:55+00:00
Crypto,Cardano,0.4682,2026-01-23 19:56:56+00:00
Crypto,Cardano,0.1901,2026-01-21 11:02:50+00:00
Crypto,Cardano,0.1901,2026-01-19 17:44:54+00:00
Crypto,Cardano,-0.08860000000000001,2026-01-19 02:04:54+00:00
Crypto,Cardano,0.52535,2026-01-16 14:17:08+00:00
Crypto,Cardano,0.47951666666666665,2026-01-15 17:03:42+00:00
Crypto,Cardano,0.1901,2026-01-10 10:04:54+00:00
Crypto,Cardano,0.1792,2026-01-08 11:27:19+00:00
Crypto,Cardano,0.4850833333333333,2026-02-02 21:46:51+00:00
Crypto,Cardano,0.1901,2026-01-29 03:04:54+00:00
Crypto,Cardano,0.65405,2026-01-23 19:40:44+00:00
Crypto,Cardano,-0.010849999999999999,2026-01-21 03:16:54+00:00
Crypto,Cardano,0.195525,2026-01-16 03:34:55+00:00
Crypto,Cardano,0.09505,2026-01-15 15:08:54+00:00
Crypto,Cardano,0.10794999999999999,2026-01-12 21:26:26+00:00
Crypto,Cardano,0.61205,2026-01-07 22:56:23+00:00
Crypto,Cardano,0.661125,2026-01-07 09:51:28+00:00
Crypto,Cardano,0.6329,2026-02-02 14:33:43+00:00
Crypto,Cardano,0.1901,2026-02-02 03:14:55+00:00
Crypto,Cardano,0.3151,2026-01-20 11:04:50+00:00
Crypto,Cardano,0.65445,2026-01-19 16:03:44+00:00
Crypto,Cardano,0.626,2026-01-08 09:48:22+00:00
Crypto,Cardano,-0.030100000000000016,2026-01-08 03:48:55+00:00
Crypto,Cardano,0.42045,2026-01-06 22:33:19+00:00
Crypto,Cardano,0.39105,2026-01-07 01:26:55+00:00
Crypto,Cardano,0.1515,2026-02-04 15:24:53+00:00
Crypto,Cardano,0.1901,2026-01-28 16:52:53+00:00
Crypto,Cardano,0.6531,2026-01-15 12:35:00+00:00
Crypto,Cardano,0.766425,2026-01-13 16:39:28+00:00
Crypto,Cardano,0.1901,2026-01-08 17:10:53+00:00
Crypto,Cardano,0.1901,2026-01-08 15:20:54+00:00
Crypto,Cardano,0.027383333333333315,2026-02-01 05:19:10+00:00
Crypto,Cardano,0.1901,2026-01-29 15:36:54+00:00
Crypto,Cardano,-0.608575,2026-01-15 10:59:47+00:00
Equities,stocks,-0.39457949999999997,2026-01-21 11:52:13+00:00
Equities,stocks,-0.28893375,2026-01-23 00:58:21+00:00
Equities,stocks,-0.07338378378378377,2026-01-20 14:04:48+00:00
Equities,stocks,-0.40492246376811597,2026-01-26 18:46:46+00:00
Equities,stocks,0.3049215,2026-01-12 02:04:55+00:00
Equities,stocks,-0.5107215,2026-01-17 20:34:15+00:00
Equities,stocks,-0.4097555,2026-01-24 14:42:05+00:00
Equities,stocks,-0.1937105,2026-01-30 13:05:26+00:00
Equities,stocks,-0.3109555,2026-01-08 17:32:49+00:00
Equities,stocks,-0.472486,2026-01-08 02:02:39+00:00
Equities,stocks,0.22609333333333334,2026-01-16 16:44:39+00:00
Equities,stocks,-0.551457,2026-01-15 07:18:23+00:00
Equities,stocks,0.4156157142857143,2026-01-07 18:51:42+00:00
Equities,stocks,0.5837709302325582,2026-01-25 00:14:21+00:00
Equities,stocks,0.4795585,2026-01-21 19:47:47+00:00
Equities,stocks,0.017559701492537313,2026-01-19 21:47:34+00:00
Equities,stocks,-0.3085162162162162,2026-01-23 08:38:25+00:00
Equities,stocks,0.39939349999999996,2026-01-28 22:42:34+00:00
Equities,stocks,0.434311,2026-01-21 14:32:27+00:00
Equities,stocks,-0.531678125,2026-01-12 00:34:57+00:00
Equities,stocks,0.47197272727272727,2026-02-02 04:10:14+00:00
Equities,stocks,0.35760294117647057,2026-01-29 18:37:08+00:00
Equities,stocks,-0.13432692307692307,2026-01-29 15:09:10+00:00
Equities,stocks,0.24220983606557378,2026-01-12 15:28:34+00:00
Equities,stocks,0.40402608695652176,2026-01-31 01:02:16+00:00
Equities,stocks,0.2012,2026-01-29 10:44:28+00:00
Equities,stocks,0.4693125,2026-02-02 21:57:49+00:00
Equities,stocks,0.3994445,2026-01-07 22:43:40+00:00
Equities,stocks,-0.22131099999999998,2026-01-18 19:42:41+00:00
Equities,stocks,0.46414,2026-01-27 18:46:30+00:00
Equities,stocks,0.5595256097560976,2026-02-04 21:03:50+00:00
Equities,stocks,-0.020153499999999998,2026-02-03 15:22:01+00:00
Equities,stocks,-0.1870235,2026-01-27 09:32:48+00:00
Equities,stocks,0.309413,2026-01-29 15:42:22+00:00
Equities,stocks,0.43069322033898305,2026-01-26 22:55:46+00:00
Equities,stocks,0.11542101449275363,2026-01-23 20:42:49+00:00
Equities,stocks,0.3075775,2026-01-13 23:54:12+00:00
Equities,stocks,0.31031349999999996,2026-01-22 14:10:11+00:00
Equities,stocks,-0.34831999999999996,2026-01-27 18:27:33+00:00
Equities,stocks,0.32635909090909093,2026-01-29 02:42:44+00:00
Equities,stocks,-0.18629239130434783,2026-02-03 21:06:52+00:00
Equities,stocks,0.18536545454545456,2026-01-27 08:23:36+00:00
Equities,stocks,0.494566,2026-01-16 13:01:05+00:00
Equities,stocks,0.5438173469387755,2026-01-17 00:26:24+00:00
Equities,stocks,0.4236955,2026-01-20 11:25:37+00:00
Equities,stocks,0.36429125,2026-01-12 18:40:07+00:00
Equities,stocks,-0.469177,2026-01-30 18:32:57+00:00
Equities,stocks,0.36878,2026-01-17 23:49:41+00:00
Equities,stocks,0.50783125,2026-01-15 19:35:16+00:00
Equities,stocks,-0.409894,2026-01-31 00:55:31+00:00
Equities,stocks,0.4410585,2026-01-07 18:30:20+00:00
Equities,stocks,0.496428,2026-01-12 10:21:30+00:00
Equities,stocks,0.031670138888888894,2026-01-18 14:30:12+00:00
Equities,stocks,0.3721717391304348,2026-01-25 02:11:34+00:00
Equities,stocks,0.09379090909090909,2026-01-21 15:56:14+00:00
Equities,stocks,-0.3719323529411765,2026-01-20 05:23:14+00:00
Equities,stocks,0.27841610169491526,2026-01-12 22:43:13+00:00
Equities,stocks,0.5025465,2026-01-14 09:19:28+00:00
Equities,stocks,-0.41999711538461537,2026-01-24 04:12:10+00:00
Equities,stocks,0.39284852941176474,2026-01-28 08:31:57+00:00
Equities,stocks,0.37407215189873416,2026-01-07 19:29:29+00:00
Equities,stocks,0.45208620689655177,2026-01-07 09:09:00+00:00
Equities,stocks,0.45979901960784314,2026-01-13 17:12:19+00:00
Equities,stocks,0.06863804347826089,2026-01-08 22:20:48+00:00
Equities,stocks,0.5370349999999999,2026-01-21 12:29:55+00:00
Equities,stocks,0.352202,2026-01-29 19:35:50+00:00
Equities,stocks,0.5402362068965517,2026-01-27 05:36:17+00:00
Equities,stocks,0.23757640449438203,2026-02-03 15:59:27+00:00
Equities,stocks,0.57401625,2026-01-07 12:06:27+00:00
Equities,stocks,-0.24694166666666667,2026-01-30 12:13:20+00:00
Equities,stocks,0.3899958333333333,2026-01-29 20:40:53+00:00
Equities,stocks,0.3859565217391304,2026-02-03 00:43:22+00:00
Equities,stocks,0.07189264705882353,2026-01-12 14:37:06+00:00
Equities,stocks,0.4515648148148148,2026-01-19 06:55:07+00:00
Equities,stocks,-0.44628599999999996,2026-02-04 04:34:30+00:00
Equities,stocks,-0.06268018867924528,2026-01-21 15:03:09+00:00
Equities,stocks,0.048914285714285716,2026-01-23 13:08:26+00:00
Equities,stocks,0.26029749999999996,2026-01-29 00:24:01+00:00
Equities,stocks,0.5565009433962265,2026-01-08 10:31:43+00:00
Equities,stocks,0.1920551724137931,2026-01-26 23:06:27+00:00
Equities,stocks,0.47632659574468084,2026-01-23 23:25:25+00:00
Equities,stocks,0.560736,2026-01-14 20:41:29+00:00
Equities,stocks,0.32835000000000003,2026-01-31 05:19:21+00:00
Equities,stocks,0.5077875000000001,2026-01-30 02:49:03+00:00
Equities,stocks,-0.23710638297872344,2026-01-16 04:55:21+00:00
Equities,stocks,-0.41261785714285715,2026-01-28 21:12:53+00:00
Equities,stocks,-0.11597149999999998,2026-01-16 18:06:07+00:00
Equities,stocks,0.3087245614035088,2026-02-03 21:24:49+00:00
Equities,stocks,0.6146437499999999,2026-01-08 00:01:16+00:00
Equities,stocks,0.58595,2026-01-13 13:40:13+00:00
Equities,stocks,0.543122,2026-02-05 01:59:49+00:00
Equities,stocks,0.5849928571428571,2026-01-20 21:18:04+00:00
Equities,stocks,0.527604,2026-01-10 02:10:43+00:00
Equities,stocks,0.4551325,2026-01-19 17:21:11+00:00
Equities,stocks,0.485225,2026-01-13 17:27:56+00:00
Equities,stocks,0.5341309523809523,2026-01-28 21:14:12+00:00
Equities,stocks,-0.42925675675675673,2026-01-21 09:35:22+00:00
Equities,stocks,0.4287866666666667,2026-01-09 01:37:45+00:00
Equities,stocks,0.6397495,2026-01-11 02:24:00+00:00
Equities,stocks,0.492298076923077,2026-01-09 07:29:52+00:00
Equities,WallStreetBets,-0.03176111111111111,2026-01-12 01:15:32+00:00
Equities,WallStreetBets,0.016707,2026-01-18 18:04:39+00:00
Equities,WallStreetBets,-0.05012604166666667,2026-01-19 17:01:14+00:00
Equities,WallStreetBets,-0.20922987012987013,2026-01-21 19:36:57+00:00
Equities,WallStreetBets,0.012571999999999998,2026-01-21 22:26:15+00:00
Equities,WallStreetBets,0.20956899999999998,2026-01-30 18:40:57+00:00
Equities,WallStreetBets,-0.3088105,2026-01-12 00:25:32+00:00
Equities,WallStreetBets,0.478529,2026-01-15 16:08:04+00:00
Equities,WallStreetBets,0.21634250000000002,2026-01-13 23:04:29+00:00
Equities,WallStreetBets,0.022230978260869567,2026-01-28 22:50:40+00:00
Equities,WallStreetBets,0.033195,2026-01-20 10:38:37+00:00
Equities,WallStreetBets,-0.010515697674418603,2026-01-14 23:04:40+00:00
Equities,WallStreetBets,0.004996,2026-01-31 21:16:30+00:00
Equities,WallStreetBets,0.32569899999999996,2026-01-16 15:56:49+00:00
Equities,WallStreetBets,0.0467785,2026-01-13 01:42:06+00:00
Equities,WallStreetBets,0.259101,2026-01-31 23:42:13+00:00
Equities,WallStreetBets,-0.33615700000000004,2026-01-21 20:14:53+00:00
Equities,WallStreetBets,0.524566,2026-02-02 02:22:02+00:00
Equities,WallStreetBets,0.0100315,2026-01-28 19:00:20+00:00
Equities,WallStreetBets,-0.3005105,2026-02-03 21:49:04+00:00
Equities,WallStreetBets,0.31724749999999996,2026-02-03 16:52:26+00:00
Equities,WallStreetBets,0.028581499999999996,2026-01-30 11:55:38+00:00
Equities,WallStreetBets,0.031620833333333334,2026-01-18 15:31:35+00:00
Equities,WallStreetBets,0.0102575,2026-01-30 01:22:52+00:00
Equities,WallStreetBets,0.36159199999999997,2026-02-03 12:27:17+00:00
Equities,WallStreetBets,0.34692016129032255,2026-02-04 19:51:44+00:00
Equities,WallStreetBets,0.00399,2026-02-01 07:49:02+00:00
Equities,WallStreetBets,0.09742300000000001,2026-01-07 20:48:08+00:00
Equities,WallStreetBets,-0.16186799999999998,2026-01-17 17:35:30+00:00
Equities,WallStreetBets,0.5573395,2026-01-15 19:50:18+00:00
Equities,WallStreetBets,-0.2843645,2026-01-31 02:04:29+00:00
Equities,WallStreetBets,-0.4156345,2026-01-30 12:35:25+00:00
Equities,WallStreetBets,0.0457095,2026-01-22 00:26:58+00:00
Equities,WallStreetBets,0.475997,2026-01-28 20:25:38+00:00
Equities,WallStreetBets,0.49130865384615385,2026-01-07 13:35:08+00:00
Equities,WallStreetBets,0.0466835,2026-01-30 17:05:35+00:00
Equities,WallStreetBets,0.587947,2026-01-15 22:06:14+00:00
Equities,WallStreetBets,-0.12066461538461537,2026-01-31 16:02:38+00:00
Equities,WallStreetBets,-0.45557149999999996,2026-01-29 15:55:47+00:00
Equities,WallStreetBets,0.02524,2026-02-02 21:16:47+00:00
Equities,WallStreetBets,0.5218425,2026-01-07 01:15:39+00:00
Equities,WallStreetBets,-0.2529308823529412,2026-01-31 23:02:45+00:00
Equities,WallStreetBets,0.2234932584269663,2026-01-13 23:14:01+00:00
Equities,WallStreetBets,0.4843886363636364,2026-01-09 18:33:58+00:00
Equities,WallStreetBets,0.19429888888888888,2026-01-22 22:24:31+00:00
Equities,WallStreetBets,0.06277053571428572,2026-01-29 18:58:51+00:00
Equities,WallStreetBets,0.07314807692307693,2026-01-23 00:21:27+00:00
Equities,WallStreetBets,-0.19622876712328766,2026-02-03 10:31:04+00:00
Equities,WallStreetBets,0.017950999999999998,2026-01-22 21:11:57+00:00
Equities,WallStreetBets,0.03351111111111111,2026-01-29 09:07:02+00:00
Equities,WallStreetBets,-0.4032468085106383,2026-01-27 12:52:54+00:00
Equities,WallStreetBets,-0.026940579710144928,2026-01-29 21:48:25+00:00
Equities,WallStreetBets,0.049640000000000004,2026-01-21 11:52:55+00:00
Equities,WallStreetBets,0.5677215,2026-01-12 19:15:37+00:00
Equities,WallStreetBets,-0.19743414634146342,2026-01-14 20:41:59+00:00
Equities,WallStreetBets,0.05530625,2026-01-29 22:08:02+00:00
Equities,WallStreetBets,0.5155755000000001,2026-01-26 14:45:35+00:00
Equities,WallStreetBets,0.533056,2026-01-14 19:19:13+00:00
Equities,WallStreetBets,0.023804347826086956,2026-01-28 14:33:21+00:00
Equities,WallStreetBets,0.0238055,2026-01-22 01:41:16+00:00
Equities,WallStreetBets,0.047055,2026-02-01 00:14:58+00:00
Equities,WallStreetBets,0.2922157894736842,2026-02-01 16:34:24+00:00
Equities,WallStreetBets,0.5137865,2026-01-09 12:18:47+00:00
Equities,WallStreetBets,0.43101500000000004,2026-01-15 06:54:36+00:00
Equities,WallStreetBets,0.025801000000000004,2026-01-30 18:06:01+00:00
Equities,WallStreetBets,0.532305376344086,2026-01-31 19:17:32+00:00
Equities,WallStreetBets,0.40590352112676054,2026-01-23 14:36:19+00:00
Equities,WallStreetBets,0.2551922222222222,2026-01-30 23:59:16+00:00
Equities,WallStreetBets,0.2604851063829787,2026-01-25 14:24:38+00:00
Equities,WallStreetBets,-0.309378,2026-01-28 04:37:45+00:00
Equities,WallStreetBets,0.04073846153846154,2026-01-20 21:20:37+00:00
Equities,WallStreetBets,0.1333365,2026-02-01 08:04:06+00:00
Equities,WallStreetBets,0.4231025,2026-01-09 16:41:02+00:00
Equities,WallStreetBets,-0.3637590909090909,2026-02-04 21:07:02+00:00
Equities,WallStreetBets,0.45377,2026-01-25 23:32:47+00:00
Equities,WallStreetBets,0.22445972222222224,2026-01-08 19:39:48+00:00
Equities,WallStreetBets,-0.0009575,2026-01-10 00:45:19+00:00
Equities,WallStreetBets,0.009615000000000012,2026-01-29 02:02:41+00:00
Equities,WallStreetBets,0.3745854838709678,2026-01-12 16:00:44+00:00
Equities,WallStreetBets,-0.3775454545454545,2026-01-18 21:52:27+00:00
Equities,WallStreetBets,0.06456630434782609,2026-01-14 17:14:43+00:00
Equities,WallStreetBets,0.023004000000000004,2026-01-19 18:37:00+00:00
Equities,WallStreetBets,0.04114473684210527,2026-01-14 13:14:23+00:00
Equities,WallStreetBets,0.5235955357142857,2026-01-06 22:07:36+00:00
Equities,WallStreetBets,0.15720555555555554,2026-01-10 13:58:06+00:00
Equities,WallStreetBets,0.15429,2026-02-04 13:43:48+00:00
Equities,WallStreetBets,-0.07840390625000002,2026-02-01 05:49:02+00:00
Equities,WallStreetBets,0.2545725,2026-01-16 18:47:13+00:00
Equities,WallStreetBets,-0.19595615384615384,2026-01-07 00:48:53+00:00
Equities,WallStreetBets,0.05557589285714286,2026-02-03 18:31:41+00:00
Equities,WallStreetBets,0.086074,2026-01-29 20:43:40+00:00
Equities,WallStreetBets,-0.45211805555555556,2026-01-21 17:40:58+00:00
Equities,WallStreetBets,0.06872464788732395,2026-01-29 20:56:35+00:00
Equities,WallStreetBets,0.0169943661971831,2026-01-13 13:53:44+00:00
Equities,WallStreetBets,-0.418936,2026-01-19 14:53:10+00:00
Equities,WallStreetBets,0.041242,2026-01-12 20:59:57+00:00
Equities,WallStreetBets,0.1902125,2026-01-28 21:09:18+00:00
Equities,WallStreetBets,0.235699,2026-01-29 15:48:59+00:00
Equities,WallStreetBets,0.0331915,2026-01-27 03:42:52+00:00
Equities,WallStreetBets,0.2811666666666667,2026-01-17 19:33:51+00:00
Equities,ValueInvesting,0.45578650000000004,2026-02-03 15:54:34+00:00
Equities,ValueInvesting,0.024355555555555554,2026-02-03 21:06:34+00:00
Equities,ValueInvesting,0.536824,2026-01-30 13:02:13+00:00
Equities,ValueInvesting,-0.24334454545454548,2026-02-03 19:23:13+00:00
Equities,ValueInvesting,0.4303065,2026-01-24 13:44:05+00:00
Equities,ValueInvesting,-0.367228,2026-01-12 15:54:54+00:00
Equities,ValueInvesting,0.4863695,2026-01-27 14:27:54+00:00
Equities,ValueInvesting,0.6024555,2026-01-19 19:11:03+00:00
Equities,ValueInvesting,-0.4071714285714286,2026-01-29 16:28:41+00:00
Equities,ValueInvesting,0.45397350000000003,2026-01-10 02:54:12+00:00
Equities,ValueInvesting,0.5949860655737705,2026-01-16 15:42:25+00:00
Equities,ValueInvesting,-0.32782999999999995,2026-01-21 21:37:49+00:00
Equities,ValueInvesting,-0.4166714285714285,2026-02-04 02:38:15+00:00
Equities,ValueInvesting,0.1011735,2026-01-21 02:38:40+00:00
Equities,ValueInvesting,0.0012511494252873557,2026-02-03 12:30:04+00:00
Equities,ValueInvesting,-0.4046336842105263,2026-02-03 20:14:25+00:00
Equities,ValueInvesting,0.5859625,2026-01-18 21:59:32+00:00
Equities,ValueInvesting,0.6866628205128205,2026-01-19 12:54:47+00:00
Equities,ValueInvesting,0.38829500000000006,2026-01-29 15:07:39+00:00
Equities,ValueInvesting,0.5556257352941176,2026-01-14 17:00:34+00:00
Equities,ValueInvesting,0.68348,2026-02-01 01:41:03+00:00
Equities,ValueInvesting,-0.3797165,2026-01-27 19:03:48+00:00
Equities,ValueInvesting,-0.24711349999999999,2026-02-03 18:40:51+00:00
Equities,ValueInvesting,0.6505098214285714,2026-01-15 21:04:53+00:00
Equities,ValueInvesting,-0.14424204545454547,2026-02-04 13:44:13+00:00
Equities,ValueInvesting,0.6421330508474576,2026-01-31 13:27:37+00:00
Equities,ValueInvesting,0.6713527777777778,2026-01-17 23:12:16+00:00
Equities,ValueInvesting,0.6292234693877551,2026-01-13 14:47:39+00:00
Equities,ValueInvesting,-0.204818,2026-02-01 00:57:19+00:00
Equities,ValueInvesting,-0.02478999999999998,2026-01-28 16:30:40+00:00
Equities,ValueInvesting,0.12853858695652173,2026-01-23 05:01:12+00:00
Equities,ValueInvesting,0.6324815,2026-01-24 17:45:14+00:00
Equities,ValueInvesting,0.503692156862745,2026-02-02 01:17:43+00:00
Equities,ValueInvesting,-0.3218014492753623,2026-01-27 12:12:15+00:00
Equities,ValueInvesting,0.6291375,2026-01-14 05:49:12+00:00
Equities,ValueInvesting,0.34312000000000004,2026-01-24 17:27:01+00:00
Equities,ValueInvesting,-0.4964022727272727,2026-01-19 21:18:04+00:00
Equities,ValueInvesting,-0.13196,2026-01-26 16:55:26+00:00
Equities,ValueInvesting,0.5132321428571428,2026-01-20 21:45:09+00:00
Equities,ValueInvesting,0.5694388888888888,2026-02-03 00:49:14+00:00
Equities,ValueInvesting,0.350921875,2026-01-22 10:26:22+00:00
Equities,ValueInvesting,-0.20471666666666669,2026-02-03 17:16:17+00:00
Equities,ValueInvesting,0.7223166666666667,2026-01-31 02:13:49+00:00
Equities,ValueInvesting,0.58508125,2026-01-08 14:45:26+00:00
Equities,ValueInvesting,0.5871362903225806,2026-01-30 18:41:52+00:00
Equities,ValueInvesting,0.45806315789473684,2026-02-01 14:34:27+00:00
Equities,ValueInvesting,0.5561,2026-01-23 16:51:10+00:00
Equities,ValueInvesting,-0.13431,2026-01-22 04:46:15+00:00
Equities,ValueInvesting,0.55704,2026-01-29 22:27:50+00:00
Equities,ValueInvesting,-0.029519871794871796,2026-01-10 20:32:23+00:00
Equities,ValueInvesting,-0.4465602941176471,2026-01-31 18:01:09+00:00
Equities,ValueInvesting,-0.3177732142857143,2026-01-19 18:04:32+00:00
Equities,ValueInvesting,0.41948510638297876,2026-02-03 15:03:10+00:00
Equities,ValueInvesting,-0.343422,2026-02-03 06:37:58+00:00
Equities,ValueInvesting,-0.33145416666666666,2026-01-21 07:50:10+00:00
Equities,ValueInvesting,-0.2583756097560976,2026-01-25 14:59:40+00:00
Equities,ValueInvesting,0.5517138888888888,2026-01-30 16:58:59+00:00
Equities,ValueInvesting,0.006811643835616439,2026-02-04 14:41:31+00:00
Equities,ValueInvesting,0.6004602272727273,2026-02-02 12:17:09+00:00
Equities,ValueInvesting,0.4310535714285714,2026-01-07 11:10:14+00:00
Equities,ValueInvesting,0.4264195,2026-01-28 15:44:37+00:00
Equities,ValueInvesting,0.22663684210526314,2026-01-11 10:12:20+00:00
Equities,ValueInvesting,0.5633313953488372,2026-01-29 00:06:16+00:00
Equities,ValueInvesting,0.47174000000000005,2026-02-02 18:50:16+00:00
Equities,ValueInvesting,0.557798,2026-01-29 20:56:19+00:00
Equities,ValueInvesting,0.25369677419354836,2026-01-27 15:21:34+00:00
Equities,ValueInvesting,-0.0017256410256410448,2026-01-26 21:23:47+00:00
Equities,ValueInvesting,0.4341101851851852,2026-01-23 20:07:52+00:00
Equities,ValueInvesting,0.6329673076923077,2026-02-01 11:41:59+00:00
Equities,ValueInvesting,0.6947642857142857,2026-01-18 23:59:38+00:00
Equities,ValueInvesting,0.4617108108108108,2026-01-09 06:50:22+00:00
Equities,ValueInvesting,0.60799140625,2026-01-20 16:54:08+00:00
Equities,ValueInvesting,-0.1656815,2026-01-17 17:18:08+00:00
Equities,ValueInvesting,0.3658535,2026-01-24 07:45:54+00:00
Equities,ValueInvesting,-0.01654,2026-01-15 16:43:19+00:00
Equities,ValueInvesting,0.05515319148936171,2026-01-18 19:53:14+00:00
Equities,ValueInvesting,0.599202380952381,2026-01-30 16:38:51+00:00
Equities,ValueInvesting,0.5232621052631579,2026-01-25 10:36:24+00:00
Equities,ValueInvesting,0.6278681818181818,2026-01-16 07:06:16+00:00
Equities,ValueInvesting,0.7210785714285715,2026-01-26 14:21:22+00:00
Equities,ValueInvesting,0.3189264705882353,2026-01-11 22:05:05+00:00
Equities,ValueInvesting,0.469577,2026-01-11 00:41:42+00:00
Equities,ValueInvesting,-0.25578999999999996,2026-01-29 20:17:07+00:00
Equities,ValueInvesting,0.719128947368421,2026-01-21 10:44:17+00:00
Equities,ValueInvesting,0.6298107142857142,2026-01-30 09:39:26+00:00
Equities,ValueInvesting,0.6038673913043479,2026-01-21 20:09:06+00:00
Equities,ValueInvesting,-0.2913538461538462,2026-02-03 13:00:48+00:00
Equities,ValueInvesting,0.5625785714285714,2026-01-19 18:22:23+00:00
Equities,ValueInvesting,-0.08475755813953488,2026-01-12 18:49:42+00:00
Equities,ValueInvesting,0.5842173076923077,2026-01-28 04:43:54+00:00
Equities,ValueInvesting,0.3769863636363636,2026-01-11 01:10:03+00:00
Equities,ValueInvesting,0.5665840909090909,2026-01-08 16:21:35+00:00
Equities,ValueInvesting,0.5347054794520548,2026-01-22 23:32:23+00:00
Equities,ValueInvesting,-0.38702800000000004,2026-01-09 05:02:08+00:00
Equities,ValueInvesting,-0.24360454545454546,2026-01-28 16:49:13+00:00
Equities,ValueInvesting,0.6112482456140351,2026-01-13 21:27:49+00:00
Equities,ValueInvesting,0.6410845238095239,2026-01-22 20:07:16+00:00
Equities,ValueInvesting,0.21749444444444443,2026-01-21 05:25:41+00:00
Equities,ValueInvesting,0.4692589285714286,2026-01-10 16:26:52+00:00
Equities,ValueInvesting,0.008174999999999988,2026-01-16 16:07:43+00:00
Equities,options,-0.3215627659574468,2026-01-28 00:15:25+00:00
Equities,options,0.5653758333333333,2026-01-27 02:46:42+00:00
Equities,options,-0.22472872340425532,2026-01-12 04:28:05+00:00
Equities,options,0.529941304347826,2026-01-22 01:23:47+00:00
Equities,options,0.23083396226415095,2026-01-21 07:09:13+00:00
Equities,options,0.4232705882352941,2026-02-03 21:30:02+00:00
Equities,options,0.5415833333333333,2026-01-28 21:41:34+00:00
Equities,options,0.5786815789473684,2026-01-30 21:46:48+00:00
Equities,options,-0.4340611111111111,2026-02-03 21:15:28+00:00
Equities,options,-0.4118541666666667,2026-02-01 09:49:09+00:00
Equities,options,0.5349942307692308,2026-01-21 00:49:15+00:00
Equities,options,0.2733068181818182,2026-01-24 20:32:14+00:00
Equities,options,0.6086025,2026-01-11 17:50:41+00:00
Equities,options,0.6999774193548387,2026-01-14 17:34:05+00:00
Equities,options,0.5290644444444444,2026-01-15 12:30:30+00:00
Equities,options,0.4437684210526316,2026-01-30 04:55:35+00:00
Equities,options,-0.3855821428571428,2026-01-24 11:10:55+00:00
Equities,options,0.46413875,2026-01-15 16:01:55+00:00
Equities,options,0.6462538461538462,2026-01-07 09:36:37+00:00
Equities,options,0.4277642857142857,2026-01-17 13:01:47+00:00
Equities,options,0.6047875,2026-01-23 03:08:51+00:00
Equities,options,0.2233551724137931,2026-01-18 18:37:44+00:00
Equities,options,-0.15053214285714286,2026-01-27 19:39:01+00:00
Equities,options,0.67275,2026-01-30 19:36:54+00:00
Equities,options,0.504305,2026-01-07 19:35:54+00:00
Equities,options,-0.43402246376811593,2026-01-12 17:22:04+00:00
Equities,options,0.54382,2026-02-04 17:58:20+00:00
Equities,options,0.6188987804878049,2026-01-19 03:29:55+00:00
Equities,options,0.6133775862068965,2026-01-08 19:12:17+00:00
Equities,options,0.5237674999999999,2026-02-01 16:18:35+00:00
Equities,options,0.6231239130434783,2026-01-08 02:31:30+00:00
Equities,options,0.3470363636363637,2026-01-25 19:29:33+00:00
Equities,options,0.563675,2026-01-17 21:51:03+00:00
Equities,options,0.04051333333333333,2026-01-10 00:34:36+00:00
Equities,options,0.6549666666666667,2026-01-29 15:46:45+00:00
Equities,options,0.7470555555555556,2026-02-03 02:22:24+00:00
Equities,options,0.5837133333333333,2026-01-29 23:26:30+00:00
Equities,options,0.5559392857142857,2026-02-02 03:34:15+00:00
Equities,options,-0.49165454545454546,2026-01-18 12:22:41+00:00
Equities,options,0.5987711538461538,2026-01-25 17:17:43+00:00
Equities,options,0.5572256097560976,2026-01-27 17:29:14+00:00
Equities,options,0.4360357142857143,2026-01-10 20:34:50+00:00
Equities,options,0.6943227272727273,2026-01-25 01:01:20+00:00
Equities,options,0.5478576923076923,2026-01-22 02:21:38+00:00
Equities,options,0.7275392857142857,2026-01-15 03:23:10+00:00
Equities,options,0.644225,2026-01-12 18:46:49+00:00
Equities,options,0.6595527777777778,2026-02-04 03:25:15+00:00
Equities,options,-0.20016764705882356,2026-01-24 04:15:01+00:00
Equities,options,0.4953857142857143,2026-01-31 15:56:01+00:00
Equities,options,0.17900833333333332,2026-02-02 21:32:19+00:00
Equities,options,0.71984,2026-01-27 00:14:34+00:00
Equities,options,-0.1998076923076923,2026-02-01 07:41:20+00:00
Equities,options,0.28384444444444445,2026-01-22 13:58:27+00:00
Equities,options,0.5508365384615385,2026-01-17 17:18:58+00:00
Equities,options,0.7069833333333333,2026-02-01 11:09:01+00:00
Equities,options,-0.2820375,2026-02-04 01:09:33+00:00
Equities,options,0.6670166666666666,2026-01-24 19:04:49+00:00
Equities,options,0.089974,2026-01-12 23:42:41+00:00
Equities,options,0.4427910256410257,2026-01-08 01:41:27+00:00
Equities,options,0.41505192307692307,2026-01-31 00:09:50+00:00
Equities,options,0.324121875,2026-01-28 21:56:16+00:00
Equities,options,0.8477,2026-01-26 15:05:17+00:00
Equities,options,0.6354166666666666,2026-01-25 04:13:04+00:00
Equities,options,-0.365725,2026-01-23 16:26:21+00:00
Equities,options,0.6683291666666666,2026-01-11 20:42:58+00:00
Equities,options,0.07720740740740742,2026-01-23 21:17:31+00:00
Equities,options,0.4915625,2026-01-22 19:09:15+00:00
Equities,options,0.47907,2026-01-09 01:01:11+00:00
Equities,options,-0.12095,2026-02-04 00:39:06+00:00
Equities,options,-0.31736749999999997,2026-01-23 22:59:31+00:00
Equities,options,0.5009166666666667,2026-01-14 23:50:16+00:00
Equities,options,0.31868928571428573,2026-01-11 02:09:04+00:00
Equities,options,-0.23515,2026-01-09 13:12:01+00:00
Equities,options,-0.44412,2026-02-02 06:59:10+00:00
Equities,options,0.4749,2026-01-28 17:02:19+00:00
Equities,options,0.641815,2026-01-08 04:44:17+00:00
Equities,options,0.5663027777777778,2026-01-25 20:56:28+00:00
Equities,options,0.426975,2026-02-02 15:05:14+00:00
Equities,options,0.6110142857142857,2026-01-20 03:41:28+00:00
Equities,options,0.23446111111111112,2026-01-19 10:53:01+00:00
Equities,options,0.6318136363636364,2026-01-16 16:27:53+00:00
Equities,options,0.46096818181818183,2026-01-30 23:09:21+00:00
Equities,options,0.36428181818181815,2026-01-20 16:22:24+00:00
Equities,options,0.5705466666666666,2026-01-18 10:19:45+00:00
Equities,options,0.5743535714285715,2026-01-15 21:10:21+00:00
Equities,options,0.4046382352941177,2026-01-07 02:36:26+00:00
Equities,options,0.013084090909090908,2026-01-16 14:56:01+00:00
Equities,options,0.5517500000000001,2026-01-12 15:05:18+00:00
Equities,options,0.24580714285714284,2026-01-10 04:17:01+00:00
Equities,options,0.72931,2026-01-10 03:09:37+00:00
Equities,options,0.632425,2026-01-08 02:07:36+00:00
Equities,options,0.5717571428571429,2026-02-01 23:39:09+00:00
Equities,options,-0.1109653846153846,2026-01-31 01:48:20+00:00
Equities,options,0.5702833333333334,2026-01-30 01:36:08+00:00
Equities,options,0.5030181818181818,2026-01-12 18:16:03+00:00
Equities,options,0.45513846153846155,2026-01-10 15:24:43+00:00
Equities,options,0.6430642857142858,2026-02-01 02:30:21+00:00
Equities,options,0.7670214285714285,2026-01-31 13:40:50+00:00
Equities,options,0.6982125,2026-01-26 23:53:15+00:00
Equities,options,0.7070944444444445,2026-01-19 16:27:32+00:00
Equities,NVDA_Stock,-0.07422571428571428,2026-02-02 22:38:38+00:00
Equities,NVDA_Stock,-0.451476,2026-02-02 23:00:57+00:00
Equities,NVDA_Stock,0.5569842105263157,2026-01-06 19:38:42+00:00
Equities,NVDA_Stock,0.089425,2026-01-23 13:14:17+00:00
Equities,NVDA_Stock,0.02980454545454545,2026-01-29 16:22:16+00:00
Equities,NVDA_Stock,0.08947916666666667,2026-01-17 11:49:43+00:00
Equities,NVDA_Stock,0.2358,2026-01-28 04:14:20+00:00
Equities,NVDA_Stock,0.13078529411764706,2026-01-24 16:57:58+00:00
Equities,NVDA_Stock,0.1865277777777778,2026-01-23 12:46:19+00:00
Equities,NVDA_Stock,0.2764875,2026-01-28 01:53:32+00:00
Equities,NVDA_Stock,0.3817214285714286,2026-01-26 17:17:27+00:00
Equities,NVDA_Stock,0.260275,2026-01-30 16:20:17+00:00
Equities,NVDA_Stock,-0.20140000000000002,2026-01-28 03:22:52+00:00
Equities,NVDA_Stock,0.07619999999999999,2026-01-17 23:05:05+00:00
Equities,NVDA_Stock,0.08560555555555555,2026-01-16 12:10:28+00:00
Equities,NVDA_Stock,0.5387500000000001,2026-01-09 20:43:16+00:00
Equities,NVDA_Stock,0.339165,2026-01-31 02:42:24+00:00
Equities,NVDA_Stock,0.42003333333333337,2026-01-15 15:05:49+00:00
Equities,NVDA_Stock,0.06934285714285714,2026-01-12 15:44:52+00:00
Equities,NVDA_Stock,0.05135,2026-01-27 01:13:01+00:00
Equities,NVDA_Stock,-0.0059291666666666685,2026-01-08 07:34:01+00:00
Equities,NVDA_Stock,0.672675,2026-01-28 06:09:08+00:00
Equities,NVDA_Stock,0.1890125,2026-01-08 20:02:36+00:00
Equities,NVDA_Stock,0.25678636363636365,2026-01-11 14:42:00+00:00
Equities,NVDA_Stock,0.13653888888888888,2026-01-06 19:05:14+00:00
Equities,NVDA_Stock,0.15585238095238096,2026-01-07 00:46:17+00:00
Equities,NVDA_Stock,0.0,2026-01-15 20:37:09+00:00
Equities,NVDA_Stock,0.02349285714285715,2026-01-08 06:33:42+00:00
Equities,NVDA_Stock,0.19939615384615383,2026-02-04 19:37:35+00:00
Equities,NVDA_Stock,0.20728333333333335,2026-02-01 19:51:33+00:00
Equities,NVDA_Stock,0.4170333333333333,2026-01-29 17:55:20+00:00
Equities,NVDA_Stock,0.21752222222222223,2026-01-13 20:19:49+00:00
Equities,NVDA_Stock,0.3293884615384615,2026-01-26 16:32:26+00:00
Equities,NVDA_Stock,-0.35184,2026-02-03 17:57:26+00:00
Equities,NVDA_Stock,-0.04496428571428572,2026-01-31 14:14:58+00:00
Equities,NVDA_Stock,0.35966,2026-01-21 05:21:41+00:00
Equities,NVDA_Stock,0.27259285714285714,2026-01-21 01:59:36+00:00
Equities,NVDA_Stock,0.3579583333333333,2026-01-23 15:02:35+00:00
Equities,NVDA_Stock,-0.446305,2026-01-15 03:15:47+00:00
Equities,NVDA_Stock,-0.028259615384615383,2026-01-07 15:59:16+00:00
Equities,NVDA_Stock,-0.553025,2026-02-04 21:34:22+00:00
Equities,NVDA_Stock,-0.10111276595744681,2026-01-31 07:29:32+00:00
Equities,NVDA_Stock,0.47385,2026-01-20 20:49:16+00:00
Equities,NVDA_Stock,-0.3347294117647059,2026-02-03 22:46:47+00:00
Equities,NVDA_Stock,0.4331,2026-01-30 04:35:09+00:00
Equities,NVDA_Stock,0.346325,2026-01-15 14:28:33+00:00
Equities,NVDA_Stock,0.12722142857142857,2026-02-02 20:44:20+00:00
Equities,NVDA_Stock,-0.14257666666666666,2026-01-13 23:20:09+00:00
Equities,NVDA_Stock,-0.1818375,2026-01-15 15:37:32+00:00
Equities,NVDA_Stock,-0.3827804347826087,2026-01-17 22:41:34+00:00
Equities,NVDA_Stock,0.50895,2026-01-13 02:27:12+00:00
Equities,NVDA_Stock,0.007211538461538464,2026-01-13 17:35:06+00:00
Equities,NVDA_Stock,0.1185857142857143,2026-01-09 01:58:15+00:00
Equities,NVDA_Stock,0.1543,2026-01-31 05:22:46+00:00
Equities,NVDA_Stock,0.14291666666666666,2026-01-09 21:59:43+00:00
Equities,NVDA_Stock,0.48207500000000003,2026-02-04 16:50:24+00:00
Equities,NVDA_Stock,-0.22884,2026-01-22 18:03:34+00:00
Equities,NVDA_Stock,0.7556125,2026-01-13 13:42:45+00:00
Equities,NVDA_Stock,0.2238,2026-01-26 14:30:13+00:00
Equities,NVDA_Stock,0.55767,2026-01-08 00:13:00+00:00
Equities,NVDA_Stock,0.10077499999999999,2026-01-27 15:17:53+00:00
Equities,NVDA_Stock,0.16862499999999997,2026-01-21 15:26:47+00:00
Equities,NVDA_Stock,0.1909,2026-01-07 00:44:03+00:00
Equities,NVDA_Stock,-0.12050972222222223,2026-01-28 05:01:12+00:00
Equities,NVDA_Stock,-0.100575,2026-01-23 05:01:51+00:00
Equities,NVDA_Stock,-0.11904999999999999,2026-01-20 03:27:46+00:00
Equities,NVDA_Stock,-0.29915,2026-01-19 07:46:53+00:00
Equities,NVDA_Stock,0.0346375,2026-01-31 09:49:48+00:00
Equities,NVDA_Stock,0.3057,2026-01-21 20:45:29+00:00
Equities,NVDA_Stock,-0.127395,2026-01-09 05:02:05+00:00
Equities,NVDA_Stock,0.19115833333333332,2026-01-28 07:44:51+00:00
Equities,NVDA_Stock,-0.1197475,2026-02-03 05:01:28+00:00
Equities,NVDA_Stock,0.44480000000000003,2026-01-23 11:27:48+00:00
Equities,NVDA_Stock,-0.52535,2026-01-12 10:56:12+00:00
Equities,NVDA_Stock,-0.12060584415584416,2026-01-29 05:00:56+00:00
Equities,NVDA_Stock,0.6037,2026-02-01 14:03:32+00:00
Equities,NVDA_Stock,0.6260916666666667,2026-01-11 23:55:00+00:00
Equities,NVDA_Stock,0.0383,2026-01-10 02:29:10+00:00
Equities,NVDA_Stock,0.36515,2026-01-21 21:46:55+00:00
Equities,NVDA_Stock,-0.1595542857142857,2026-01-16 05:01:49+00:00
Equities,NVDA_Stock,-0.11085064935064935,2026-01-12 05:02:28+00:00
Equities,NVDA_Stock,-0.09288777777777779,2026-01-30 05:01:48+00:00
Equities,NVDA_Stock,0.10890833333333333,2026-01-29 16:08:18+00:00
Equities,NVDA_Stock,-0.13837121212121212,2026-01-27 05:01:17+00:00
Equities,NVDA_Stock,-0.09140151515151515,2026-01-26 05:02:00+00:00
Equities,NVDA_Stock,0.16618571428571427,2026-01-19 13:34:06+00:00
Equities,NVDA_Stock,0.8155,2026-01-15 14:56:04+00:00
Equities,NVDA_Stock,0.29356666666666664,2026-01-30 19:08:21+00:00
Equities,NVDA_Stock,-0.2034157142857143,2026-01-22 05:01:22+00:00
Equities,NVDA_Stock,-0.06766250000000001,2026-01-19 05:02:07+00:00
Equities,NVDA_Stock,-0.2147078947368421,2026-01-17 05:01:27+00:00
Equities,NVDA_Stock,-0.07785349999999999,2026-01-15 05:01:31+00:00
Equities,NVDA_Stock,-0.1204038888888889,2026-01-13 05:01:34+00:00
Equities,NVDA_Stock,0.3981166666666667,2026-01-11 18:46:08+00:00
Equities,NVDA_Stock,0.29691,2026-02-02 21:32:46+00:00
Equities,NVDA_Stock,-0.122313698630137,2026-01-21 05:02:17+00:00
Equities,NVDA_Stock,0.3363357142857143,2026-01-18 22:51:43+00:00
Equities,NVDA_Stock,-0.09075,2026-01-15 13:45:58+00:00
Equities,NVDA_Stock,0.39195,2026-01-14 19:05:09+00:00
Equities,NVDA_Stock,-0.13696666666666668,2026-01-14 05:01:09+00:00
Equities,TSLA,0.310119696969697,2026-01-20 13:36:28+00:00
Equities,TSLA,-0.03551538461538461,2026-01-25 18:00:54+00:00
Equities,PLTR,0.2706377906976744,2026-02-02 21:05:03+00:00
Equities,PLTR,0.016482812500000003,2026-02-03 13:11:38+00:00
Equities,PLTR,0.3785305555555556,2026-01-15 21:52:26+00:00
Equities,PLTR,0.05146071428571429,2026-01-14 03:14:21+00:00
Equities,PLTR,0.5295433962264151,2026-02-05 00:53:33+00:00
Equities,PLTR,0.3725425925925926,2026-02-02 09:00:02+00:00
Equities,PLTR,-0.09638,2026-02-01 17:02:15+00:00
Equities,PLTR,0.11624545454545455,2026-02-03 03:34:56+00:00
Equities,PLTR,0.49861578947368423,2026-02-02 17:09:15+00:00
Equities,PLTR,0.016485714285714288,2026-01-28 19:22:43+00:00
Equities,PLTR,0.5643954545454546,2026-01-29 07:58:27+00:00
Equities,PLTR,0.0333,2026-02-02 21:11:20+00:00
Equities,PLTR,0.45899736842105265,2026-01-23 17:24:46+00:00
Equities,PLTR,-0.4493203125,2026-02-02 23:47:24+00:00
Equities,PLTR,-0.18844642857142857,2026-02-02 14:21:20+00:00
Equities,PLTR,0.22145,2026-01-21 02:29:47+00:00
Equities,PLTR,0.022051612903225805,2026-01-29 17:44:01+00:00
Equities,PLTR,0.32757692307692304,2026-01-16 15:58:00+00:00
Equities,PLTR,0.45178636363636365,2026-01-23 01:19:16+00:00
Equities,PLTR,0.25167,2026-01-20 11:00:01+00:00
Equities,PLTR,0.243990625,2026-01-30 20:44:36+00:00
Equities,PLTR,0.5273561224489796,2026-02-04 04:29:18+00:00
Equities,PLTR,0.3854416666666666,2026-02-01 18:20:07+00:00
Equities,PLTR,-0.40719375,2026-01-14 00:29:57+00:00
Equities,PLTR,0.004324999999999999,2026-02-02 14:56:45+00:00
Equities,PLTR,0.06481129032258065,2026-01-15 16:46:00+00:00
Equities,PLTR,0.26439999999999997,2026-02-03 14:59:53+00:00
Equities,PLTR,0.050249999999999996,2026-02-02 20:58:29+00:00
Equities,PLTR,0.5800678571428571,2026-01-29 17:43:00+00:00
Equities,PLTR,0.1924777777777778,2026-01-22 15:29:25+00:00
Equities,PLTR,0.3662625,2026-01-21 12:00:19+00:00
Equities,PLTR,0.38992692307692306,2026-02-02 22:50:21+00:00
Equities,PLTR,0.03145714285714286,2026-01-12 21:35:10+00:00
Equities,PLTR,0.6670138888888889,2026-01-09 17:11:17+00:00
Equities,PLTR,-0.08247499999999999,2026-01-08 21:12:14+00:00
Equities,PLTR,0.16579999999999998,2026-01-30 15:09:01+00:00
Equities,PLTR,0.5889355263157895,2026-01-09 01:12:20+00:00
Equities,PLTR,0.7162625,2026-01-30 14:30:32+00:00
Equities,PLTR,0.5239545454545455,2026-01-27 17:00:33+00:00
Equities,PLTR,0.5277666666666666,2026-01-29 14:51:40+00:00
Equities,PLTR,0.534725,2026-01-30 02:01:15+00:00
Equities,PLTR,0.056607142857142856,2026-01-30 00:50:26+00:00
Equities,PLTR,0.3155,2026-01-16 06:34:16+00:00
Equities,PLTR,-0.041341666666666665,2026-01-08 22:28:06+00:00
Equities,PLTR,0.14072500000000002,2026-01-15 14:27:15+00:00
Equities,PLTR,0.19133333333333336,2026-01-24 08:01:32+00:00
Equities,PLTR,0.10758750000000002,2026-01-16 08:29:11+00:00
Equities,PLTR,0.6066708333333334,2026-01-22 08:01:31+00:00
Equities,PLTR,0.1101,2026-01-21 22:10:20+00:00
Equities,PLTR,0.4866558139534884,2026-01-28 08:01:29+00:00
Equities,PLTR,0.5369444444444444,2026-01-26 08:01:34+00:00
Equities,PLTR,-0.189384375,2026-01-12 15:11:40+00:00
Equities,PLTR,0.48904523809523814,2026-02-03 08:01:31+00:00
Equities,PLTR,0.009125000000000001,2026-02-02 21:21:31+00:00
Equities,PLTR,0.5428828571428572,2026-01-21 08:01:39+00:00
Equities,PLTR,0.3083953488372093,2026-01-27 17:52:13+00:00
Equities,PLTR,0.46136150000000004,2026-02-04 08:01:31+00:00
Equities,PLTR,0.46607661290322583,2026-01-29 08:01:31+00:00
Equities,PLTR,0.062490000000000004,2026-01-14 01:18:38+00:00
Equities,PLTR,0.5030928571428571,2026-01-20 08:01:48+00:00
Equities,PLTR,0.04554545454545455,2026-01-13 21:52:09+00:00
Equities,PLTR,0.4890447368421053,2026-02-02 08:01:30+00:00
Equities,PLTR,0.56727,2026-01-23 08:01:31+00:00
Equities,PLTR,0.43753823529411767,2026-01-07 08:01:32+00:00
Equities,PLTR,0.376425,2026-01-19 08:01:57+00:00
Equities,PLTR,0.5056,2026-01-27 08:01:31+00:00
Equities,PLTR,0.550415,2026-01-12 08:01:10+00:00
Equities,PLTR,0.5614666666666667,2026-01-30 01:20:02+00:00
Equities,PLTR,0.6324409090909091,2026-01-09 08:01:33+00:00
Equities,PLTR,0.5461166666666667,2026-01-08 08:01:14+00:00
Equities,PLTR,0.704275,2026-01-13 08:01:57+00:00
Equities,PLTR,0.19153,2026-01-17 08:01:32+00:00
Equities,PLTR,0.4962729166666667,2026-01-16 08:01:40+00:00
Equities,PLTR,0.4646428571428572,2026-01-15 08:01:31+00:00
Equities,PLTR,0.17525200000000002,2026-01-31 08:01:31+00:00
Equities,PLTR,0.5522888888888889,2026-01-14 08:01:36+00:00
Equities,PLTR,0.16063750000000002,2026-01-10 08:01:36+00:00
Equities,PLTR,0.517525,2026-01-27 04:23:02+00:00
Equities,PLTR,0.5373397435897436,2026-01-30 08:01:42+00:00
Equities,PLTR,0.412446875,2026-01-26 20:21:56+00:00
Equities,AMD_Stock,0.48505,2026-01-21 23:41:28+00:00
Equities,AMD_Stock,0.17868571428571428,2026-02-04 21:07:21+00:00
Equities,AMD_Stock,0.39313076923076923,2026-01-15 12:31:56+00:00
Equities,AMD_Stock,0.005885714285714286,2026-02-04 19:00:42+00:00
Equities,AMD_Stock,0.07437272727272727,2026-02-04 21:34:00+00:00
Equities,AMD_Stock,0.29526,2026-01-21 19:35:38+00:00
Equities,AMD_Stock,-0.026297727272727264,2026-02-02 21:28:40+00:00
Equities,AMD_Stock,0.2381714285714286,2026-02-04 06:34:39+00:00
Equities,AMD_Stock,-0.027289999999999995,2026-02-02 12:38:47+00:00
Equities,AMD_Stock,-0.0057583333333333375,2026-01-21 21:42:20+00:00
Equities,AMD_Stock,0.19997105263157894,2026-02-03 17:59:13+00:00
Equities,AMD_Stock,0.39411944444444447,2026-01-31 16:08:12+00:00
Equities,AMD_Stock,0.27115,2026-01-26 13:55:44+00:00
Equities,AMD_Stock,0.42943636363636367,2026-01-18 20:35:47+00:00
Equities,AMD_Stock,0.19150454545454546,2026-01-21 22:14:40+00:00
Equities,AMD_Stock,0.3564537037037037,2026-01-23 22:02:18+00:00
Equities,AMD_Stock,0.0007249999999999965,2026-01-13 20:38:01+00:00
Equities,AMD_Stock,-0.4389722222222222,2026-02-04 19:46:26+00:00
Equities,AMD_Stock,-0.05018333333333333,2026-01-30 18:37:46+00:00
Equities,AMD_Stock,-0.028485714285714284,2026-01-22 20:35:20+00:00
Equities,AMD_Stock,0.31829285714285716,2026-01-20 01:50:42+00:00
Equities,AMD_Stock,0.4921,2026-01-16 19:27:54+00:00
Equities,AMD_Stock,-0.09495238095238095,2026-01-31 00:40:55+00:00
Equities,AMD_Stock,0.44206,2026-01-08 21:44:56+00:00
Equities,AMD_Stock,-0.03622702702702703,2026-01-27 16:10:28+00:00
Equities,AMD_Stock,0.23749285714285714,2026-01-25 08:40:35+00:00
Equities,AMD_Stock,0.7391375,2026-01-15 18:56:13+00:00
Equities,AMD_Stock,0.4730625,2026-02-01 22:17:30+00:00
Equities,AMD_Stock,-0.15295,2026-02-02 01:27:47+00:00
Equities,AMD_Stock,0.035690000000000006,2026-01-31 15:23:41+00:00
Equities,AMD_Stock,0.5071973684210527,2026-02-04 00:45:36+00:00
Equities,AMD_Stock,0.27785000000000004,2026-01-22 19:04:47+00:00
Equities,AMD_Stock,0.05047499999999999,2026-01-15 08:53:55+00:00
Equities,AMD_Stock,0.08895,2026-01-14 18:15:59+00:00
Equities,AMD_Stock,0.28235,2026-01-20 11:42:35+00:00
Equities,AMD_Stock,0.261475,2026-01-27 11:24:10+00:00
Equities,AMD_Stock,0.45405,2026-01-22 08:05:13+00:00
Equities,AMD_Stock,-0.334825,2026-01-16 14:16:40+00:00
Equities,AMD_Stock,0.04594999999999999,2026-01-26 11:26:22+00:00
Equities,AMD_Stock,0.4485333333333333,2026-01-06 21:44:15+00:00
Equities,AMD_Stock,0.201125,2026-01-21 16:46:53+00:00
Equities,AMD_Stock,0.29786666666666667,2026-01-13 15:59:08+00:00
Equities,AMD_Stock,0.9034249999999999,2026-01-09 15:08:03+00:00
Equities,AMD_Stock,0.3895142857142857,2026-01-24 04:05:13+00:00
Equities,AMD_Stock,0.43685,2026-01-22 02:28:35+00:00
Equities,AMD_Stock,0.34454999999999997,2026-01-31 19:47:23+00:00
Equities,AMD_Stock,0.38204166666666667,2026-01-21 00:25:00+00:00
Equities,AMD_Stock,0.25565,2026-01-29 02:58:28+00:00
Equities,AMD_Stock,0.5564216666666666,2026-02-04 00:07:46+00:00
Equities,AMD_Stock,0.3991,2026-01-17 03:25:57+00:00
Equities,AMD_Stock,0.12792857142857142,2026-01-13 23:42:06+00:00
Equities,AMD_Stock,0.55947,2026-02-04 17:40:19+00:00
Equities,AMD_Stock,0.067541,2026-02-03 18:01:16+00:00
Equities,AMD_Stock,0.31373333333333336,2026-01-19 20:00:07+00:00
Equities,AMD_Stock,0.42080576923076923,2026-01-08 20:17:38+00:00
Equities,AMD_Stock,0.43787857142857145,2026-02-04 14:25:58+00:00
Equities,AMD_Stock,0.0034799999999999957,2026-01-15 20:36:45+00:00
Equities,AMD_Stock,0.2543,2026-02-04 12:19:19+00:00
Equities,AMD_Stock,0.09531666666666666,2026-01-29 16:35:13+00:00
Equities,AMD_Stock,-0.25321666666666665,2026-01-16 19:00:35+00:00
Equities,AMD_Stock,0.23532999999999998,2026-02-01 17:15:38+00:00
Equities,AMD_Stock,-0.169275,2026-01-13 06:48:07+00:00
Equities,AMD_Stock,0.1686684210526316,2026-02-03 01:15:27+00:00
Equities,AMD_Stock,0.31845,2026-01-13 02:09:30+00:00
Equities,AMD_Stock,0.016310000000000005,2026-01-06 21:00:28+00:00
Equities,AMD_Stock,-0.2009125,2026-02-04 23:33:03+00:00
Equities,AMD_Stock,0.3275104166666667,2026-01-23 13:42:14+00:00
Equities,AMD_Stock,0.4921875,2026-01-24 23:25:17+00:00
Equities,AMD_Stock,0.47433333333333333,2026-02-05 03:34:08+00:00
Equities,AMD_Stock,-0.29583333333333334,2026-01-31 13:03:33+00:00
Equities,AMD_Stock,0.3123,2026-01-29 14:30:21+00:00
Equities,AMD_Stock,0.48846666666666666,2026-01-21 07:43:49+00:00
Equities,AMD_Stock,0.43342,2026-02-04 22:26:16+00:00
Equities,AMD_Stock,0.01601666666666665,2026-01-17 13:58:08+00:00
Equities,AMD_Stock,-0.11433333333333333,2026-01-13 11:05:27+00:00
Equities,AMD_Stock,0.33758750000000004,2026-02-04 08:18:51+00:00
Equities,AMD_Stock,0.07615000000000001,2026-01-22 13:44:51+00:00
Equities,AMD_Stock,0.56,2026-01-16 06:54:04+00:00
Equities,AMD_Stock,0.67785,2026-01-16 19:24:10+00:00
Equities,AMD_Stock,-0.129325,2026-01-08 08:50:35+00:00
Equities,AMD_Stock,0.05926875,2026-01-29 03:53:11+00:00
Equities,AMD_Stock,-0.20957,2026-01-20 15:10:30+00:00
Equities,AMD_Stock,0.12261,2026-02-03 08:51:32+00:00
Equities,AMD_Stock,0.49085384615384614,2026-01-13 13:09:53+00:00
Equities,AMD_Stock,0.03169180327868853,2026-01-22 05:01:09+00:00
Equities,AMD_Stock,0.70449375,2026-01-11 05:00:56+00:00
Equities,AMD_Stock,0.477275,2026-01-07 21:07:10+00:00
Equities,AMD_Stock,0.5043449999999999,2026-01-29 03:27:45+00:00
Equities,AMD_Stock,0.28665,2026-01-20 00:53:32+00:00
Equities,AMD_Stock,0.49429999999999996,2026-01-12 14:38:31+00:00
Equities,AMD_Stock,0.082458125,2026-01-12 05:02:03+00:00
Equities,AMD_Stock,0.42750625,2026-01-26 04:54:59+00:00
Equities,AMD_Stock,0.18169999999999997,2026-01-07 01:52:28+00:00
Equities,AMD_Stock,0.06356049999999999,2026-01-23 05:01:34+00:00
Equities,AMD_Stock,0.40775,2026-01-29 16:46:15+00:00
Equities,AMD_Stock,0.07913333333333333,2026-02-01 22:02:29+00:00
Equities,AMD_Stock,0.13642500000000002,2026-01-21 21:00:17+00:00
Equities,AMD_Stock,0.1781,2026-01-18 07:20:01+00:00
Equities,AMD_Stock,0.457725,2026-02-04 18:41:44+00:00
Equities,AMD_Stock,0.07553950000000001,2026-02-03 05:01:13+00:00
Equities,Apple,-0.016859420289855074,2026-01-09 17:04:12+00:00
Equities,Apple,-0.43612249999999997,2026-01-28 15:54:36+00:00
Equities,Apple,0.08772934782608695,2026-02-04 21:14:43+00:00
Equities,Apple,0.3175513888888889,2026-01-26 14:02:35+00:00
Equities,Apple,0.10502449999999999,2026-01-12 15:22:05+00:00
Equities,Apple,-0.238518,2026-01-10 05:13:24+00:00
Equities,Apple,0.3673135,2026-01-29 23:21:35+00:00
Equities,Apple,0.125305,2026-01-19 17:31:29+00:00
Equities,Apple,0.34922540983606554,2026-01-07 20:46:14+00:00
Equities,Apple,0.44627900000000004,2026-01-30 13:41:37+00:00
Equities,Apple,-0.05616874999999999,2026-01-14 03:11:01+00:00
Equities,Apple,-0.24706538461538463,2026-01-09 21:53:34+00:00
Equities,Apple,0.4878665,2026-01-28 03:20:08+00:00
Equities,Apple,0.4350195,2026-01-13 14:23:25+00:00
Equities,Apple,0.405165,2026-01-07 06:07:02+00:00
Equities,Apple,-0.07755378787878786,2026-01-08 19:11:46+00:00
Equities,Apple,0.06029916666666667,2026-01-09 06:19:38+00:00
Equities,Apple,0.0167625,2026-01-19 17:12:19+00:00
Equities,Apple,0.13704393939393938,2026-01-07 23:13:32+00:00
Equities,Apple,0.04369230769230769,2026-01-28 17:24:58+00:00
Equities,Apple,0.030889000000000003,2026-01-29 18:01:51+00:00
Equities,Apple,0.0318758064516129,2026-01-30 16:36:09+00:00
Equities,Apple,0.19837297297297296,2026-01-15 15:18:07+00:00
Equities,Apple,0.38490416666666666,2026-01-21 19:00:39+00:00
Equities,Apple,0.2742294117647059,2026-01-29 21:45:50+00:00
Equities,Apple,0.20620842696629216,2026-01-24 00:41:44+00:00
Equities,Apple,-0.0232845,2026-01-08 18:23:26+00:00
Equities,Apple,0.05786505376344086,2026-01-24 10:07:40+00:00
Equities,Apple,0.182122,2026-01-26 21:38:16+00:00
Equities,Apple,-0.17359285714285716,2026-01-16 20:06:41+00:00
Equities,Apple,0.07498333333333333,2026-01-31 21:05:20+00:00
Equities,Apple,-0.19472222222222224,2026-01-21 17:46:07+00:00
Equities,Apple,0.12143181818181818,2026-01-27 21:25:13+00:00
Equities,Apple,-0.18804594594594595,2026-01-28 19:52:09+00:00
Equities,Apple,0.17321025641025642,2026-01-12 05:55:41+00:00
Equities,Apple,0.0029038461538461458,2026-01-20 10:40:30+00:00
Equities,Apple,-0.4027403846153846,2026-01-23 13:54:41+00:00
Equities,Apple,0.063125,2026-01-25 20:00:54+00:00
Equities,Apple,0.18274181818181817,2026-01-13 18:21:17+00:00
Equities,Apple,0.025875510204081634,2026-01-27 05:39:53+00:00
Equities,Apple,0.07794999999999999,2026-02-02 04:07:46+00:00
Equities,Apple,0.2149605263157895,2026-01-28 14:47:50+00:00
Equities,Apple,-0.24272900000000003,2026-01-15 18:50:53+00:00
Equities,Apple,0.6595188888888889,2026-01-11 13:44:25+00:00
Equities,Apple,0.01490655737704918,2026-01-26 18:14:32+00:00
Equities,Apple,0.09525740740740742,2026-01-15 20:38:36+00:00
Equities,Apple,-0.24191388888888887,2026-02-01 19:41:27+00:00
Equities,Apple,0.05112313432835821,2026-01-19 07:54:23+00:00
Equities,Apple,-0.253,2026-01-29 22:42:55+00:00
Equities,Apple,-0.2115086956521739,2026-01-14 16:32:29+00:00
Equities,Apple,0.31277187500000003,2026-01-30 07:25:41+00:00
Equities,Apple,0.30191250000000003,2026-01-22 19:02:42+00:00
Equities,Apple,-0.2184934426229508,2026-02-04 05:07:55+00:00
Equities,Apple,0.2931,2026-02-02 12:17:40+00:00
Equities,Apple,-0.36188369565217393,2026-01-07 14:00:13+00:00
Equities,Apple,-0.3047566666666667,2026-01-26 20:53:45+00:00
Equities,Apple,-0.080896875,2026-01-09 00:03:32+00:00
Equities,Apple,0.07387758620689656,2026-02-03 14:50:18+00:00
Equities,Apple,0.29090434782608693,2026-01-14 15:56:06+00:00
Equities,Apple,-0.014442857142857146,2026-01-26 22:13:28+00:00
Equities,Apple,-0.021072500000000004,2026-01-30 19:34:15+00:00
Equities,Apple,0.03510642857142857,2026-01-17 15:01:26+00:00
Equities,Apple,0.07706249999999999,2026-01-13 19:35:21+00:00
Equities,Apple,0.2001041666666667,2026-01-11 14:06:55+00:00
Equities,Apple,0.2672426829268293,2026-02-02 13:31:09+00:00
Equities,Apple,0.05466206896551724,2026-02-04 20:33:47+00:00
Equities,Apple,0.005333823529411763,2026-01-07 19:59:21+00:00
Equities,Apple,0.26076666666666665,2026-01-16 08:01:00+00:00
Equities,Apple,0.06772307692307693,2026-01-14 13:35:22+00:00
Equities,Apple,0.16086818181818183,2026-01-13 13:17:14+00:00
Equities,Apple,0.12269310344827586,2026-02-02 01:23:40+00:00
Equities,Apple,0.057138888888888885,2026-01-12 17:32:35+00:00
Equities,Apple,0.39209374999999996,2026-01-22 15:09:42+00:00
Equities,Apple,0.248566,2026-01-30 23:31:13+00:00
Equities,Apple,0.005273529411764704,2026-01-12 16:44:37+00:00
Equities,Apple,-0.03570000000000001,2026-01-10 17:26:19+00:00
Equities,Apple,0.07990238095238095,2026-01-07 12:59:50+00:00
Equities,Apple,0.12765379746835442,2026-02-01 17:15:32+00:00
Equities,Apple,0.12435833333333333,2026-01-19 14:24:42+00:00
Equities,Apple,0.09057708333333332,2026-01-23 19:16:02+00:00
Equities,Apple,0.29496836734693876,2026-01-23 08:07:02+00:00
Equities,Apple,0.11656,2026-01-16 13:35:52+00:00
Equities,Apple,0.7712605,2026-01-18 15:18:53+00:00
Equities,Apple,0.030963461538461533,2026-01-21 20:53:01+00:00
Equities,Apple,-0.22612444444444446,2026-02-04 17:54:44+00:00
Equities,Apple,-0.07351363636363636,2026-02-02 17:55:16+00:00
Equities,Apple,0.0338125,2026-02-01 13:44:02+00:00
Equities,Apple,0.47452500000000003,2026-01-28 02:26:10+00:00
Equities,Apple,0.4191,2026-01-27 16:56:27+00:00
Equities,Apple,-0.23508636363636365,2026-01-20 17:04:03+00:00
Equities,Apple,0.23964499999999997,2026-01-28 22:31:21+00:00
Equities,Apple,0.18851206896551725,2026-01-18 06:37:52+00:00
Equities,Apple,0.2929342105263158,2026-01-19 13:49:32+00:00
Equities,Apple,0.08901956521739131,2026-02-01 03:03:21+00:00
Equities,Apple,0.03319999999999999,2026-01-17 04:34:52+00:00
Equities,Apple,0.5361549999999999,2026-01-29 20:50:43+00:00
Equities,Apple,0.1145904761904762,2026-01-09 16:55:59+00:00
Equities,Apple,-0.06431190476190475,2026-01-13 19:36:44+00:00
Equities,Apple,0.055830882352941175,2026-01-22 04:34:51+00:00
Equities,Apple,0.3642352272727273,2026-01-21 14:10:09+00:00
Equities,Microsoft,0.14193275862068966,2026-01-16 19:50:34+00:00
Equities,Microsoft,-0.008844382022471911,2026-01-21 08:00:34+00:00
Equities,Microsoft,-0.4416833333333333,2026-02-02 13:46:11+00:00
Equities,Microsoft,-0.13941,2026-01-29 23:16:04+00:00
Equities,Microsoft,-0.0787074074074074,2026-01-15 17:11:41+00:00
Equities,Microsoft,-0.17276000000000002,2026-01-30 19:04:17+00:00
Equities,Microsoft,0.27724464285714284,2026-01-07 05:52:16+00:00
Equities,Microsoft,0.4348492857142857,2026-01-17 23:44:34+00:00
Equities,Microsoft,0.04462647058823528,2026-01-24 03:14:48+00:00
Equities,Microsoft,-0.081625,2026-01-31 07:02:44+00:00
Equities,Microsoft,-0.1332681818181818,2026-01-24 16:24:56+00:00
Equities,Microsoft,0.33017857142857143,2026-01-29 06:34:33+00:00
Equities,Microsoft,-0.16442222222222222,2026-01-26 03:42:14+00:00
Equities,Microsoft,-0.3163913043478261,2026-01-15 19:32:22+00:00
Equities,Microsoft,0.06995875,2026-01-29 18:05:11+00:00
Equities,Microsoft,-0.286165625,2026-02-01 13:38:40+00:00
Equities,Microsoft,0.4479772727272727,2026-01-22 23:20:33+00:00
Equities,Microsoft,-0.410025,2026-01-26 23:05:08+00:00
Equities,Microsoft,0.5675785714285715,2026-01-13 12:25:27+00:00
Equities,Microsoft,0.13755454545454546,2026-01-30 06:39:25+00:00
Equities,Microsoft,-0.10427499999999999,2026-01-19 13:35:59+00:00
Equities,Microsoft,0.23654999999999998,2026-02-02 08:53:08+00:00
Equities,Microsoft,-0.03826296296296297,2026-01-28 01:00:14+00:00
Equities,Microsoft,0.5715785714285715,2026-01-10 15:51:37+00:00
Equities,Microsoft,0.10296875,2026-01-07 07:05:31+00:00
Equities,Microsoft,-0.29785576923076923,2026-01-22 10:35:38+00:00
Equities,Microsoft,-0.027859999999999996,2026-01-27 22:39:13+00:00
Equities,Microsoft,0.22656666666666664,2026-01-21 09:38:55+00:00
Equities,Microsoft,0.42069999999999996,2026-01-27 18:05:23+00:00
Equities,Microsoft,0.07955,2026-01-23 10:53:34+00:00
Equities,Microsoft,0.31903333333333334,2026-01-09 16:38:15+00:00
Equities,Microsoft,0.15743333333333334,2026-01-12 09:34:54+00:00
Equities,Microsoft,0.18006250000000001,2026-01-21 04:59:16+00:00
Equities,Microsoft,-0.009327272727272722,2026-01-22 11:55:56+00:00
Equities,Microsoft,0.628605,2026-01-10 16:36:18+00:00
Equities,Microsoft,-0.01220833333333333,2026-01-14 13:41:06+00:00
Equities,Microsoft,-0.11641666666666668,2026-01-13 20:57:03+00:00
Equities,Microsoft,0.3804571428571428,2026-02-03 21:08:21+00:00
Equities,Microsoft,0.4108464285714286,2026-01-15 15:05:39+00:00
Equities,Microsoft,-0.148,2026-01-23 15:35:50+00:00
Equities,Microsoft,0.016799999999999995,2026-01-26 16:24:26+00:00
Equities,Microsoft,-0.00792,2026-01-23 04:51:15+00:00
Equities,Microsoft,0.33575,2026-01-21 01:43:18+00:00
Equities,Microsoft,-0.1909,2026-01-19 08:00:26+00:00
Equities,Microsoft,0.0803625,2026-01-25 06:26:16+00:00
Equities,Microsoft,0.6295499999999999,2026-01-24 20:45:31+00:00
Equities,Microsoft,0.25365,2026-01-24 03:11:21+00:00
Equities,Microsoft,-0.02284999999999998,2026-01-18 11:43:16+00:00
Equities,Microsoft,0.3464142857142857,2026-01-08 20:00:54+00:00
Equities,Microsoft,-0.4939,2026-01-07 18:58:34+00:00
Equities,Microsoft,0.4623,2026-01-09 16:29:30+00:00
Equities,Microsoft,0.0,2026-01-19 13:32:56+00:00
Equities,Microsoft,-0.28788,2026-01-17 23:53:07+00:00
Equities,Microsoft,0.3651978260869565,2026-01-15 20:00:59+00:00
Equities,Microsoft,0.0,2026-01-11 15:14:01+00:00
Equities,Microsoft,0.347325,2026-02-02 20:01:01+00:00
Equities,Microsoft,0.851275,2026-02-04 07:46:43+00:00
Equities,Microsoft,0.061416666666666675,2026-01-23 11:14:04+00:00
Equities,Microsoft,-0.05232,2026-01-16 19:57:41+00:00
Equities,Microsoft,0.09469285714285715,2026-01-08 07:02:55+00:00
Equities,Microsoft,0.4427833333333333,2026-01-26 20:00:59+00:00
Equities,Microsoft,0.022249999999999992,2026-02-02 19:13:54+00:00
Equities,Microsoft,0.5146833333333333,2026-01-16 06:51:32+00:00
Equities,Microsoft,0.11698461538461538,2026-01-20 16:32:14+00:00
Equities,Microsoft,0.14843,2026-01-26 07:02:57+00:00
Equities,Microsoft,-0.19775714285714285,2026-01-17 06:02:19+00:00
Equities,Microsoft,-0.7148,2026-02-04 23:15:28+00:00
Equities,Microsoft,0.7519625,2026-02-04 00:31:55+00:00
Equities,Microsoft,0.6385294117647059,2026-01-29 17:24:31+00:00
Materials,Gold,0.2766545,2026-01-28 19:55:07+00:00
Materials,Gold,0.336886,2026-01-15 02:43:50+00:00
Materials,Gold,-0.3193725,2026-01-28 21:38:51+00:00
Materials,Gold,-0.17492749999999999,2026-01-19 21:35:17+00:00
Materials,Gold,0.045925543478260875,2026-01-28 14:51:22+00:00
Materials,Gold,-0.024898000000000003,2026-01-21 01:29:31+00:00
Materials,Gold,-0.01368999999999998,2026-02-02 23:15:21+00:00
Materials,Gold,0.1745788732394366,2026-01-26 20:24:35+00:00
Materials,Gold,0.11425,2026-01-29 01:45:19+00:00
Materials,Gold,-0.266278,2026-01-22 18:21:45+00:00
Materials,Gold,0.06329527027027027,2026-01-22 05:00:44+00:00
Materials,Gold,0.2817487341772152,2026-01-30 14:40:19+00:00
Materials,Gold,0.335093661971831,2026-01-12 11:21:21+00:00
Materials,Gold,-0.009619999999999997,2026-01-30 23:37:47+00:00
Materials,Gold,0.4944975,2026-01-16 03:06:04+00:00
Materials,Gold,0.10168181818181819,2026-01-21 21:37:42+00:00
Materials,Gold,-0.144065873015873,2026-01-09 19:09:56+00:00
Materials,Gold,-0.3789615,2026-01-28 22:09:12+00:00
Materials,Gold,0.0642045,2026-01-30 02:29:29+00:00
Materials,Gold,0.25617569444444444,2026-01-24 23:18:13+00:00
Materials,Gold,0.0139375,2026-01-28 02:47:26+00:00
Materials,Gold,0.06989285714285715,2026-01-25 23:14:46+00:00
Materials,Gold,0.04305238095238095,2026-01-30 18:23:36+00:00
Materials,Gold,0.16061949152542374,2026-01-26 16:48:36+00:00
Materials,Gold,0.08439782608695652,2026-01-16 02:37:54+00:00
Materials,Gold,0.11252608695652173,2026-01-22 00:48:24+00:00
Materials,Gold,0.16825578947368422,2026-01-29 16:29:13+00:00
Materials,Gold,0.045469499999999996,2026-01-31 07:01:59+00:00
Materials,Gold,0.0033567567567567573,2026-02-02 05:52:02+00:00
Materials,Gold,0.553248,2026-01-13 00:33:44+00:00
Materials,Gold,0.24981986301369863,2026-02-02 01:16:21+00:00
Materials,Gold,0.5046327380952381,2026-01-24 00:18:57+00:00
Materials,Gold,-0.3795925,2026-01-28 23:18:48+00:00
Materials,Gold,-0.21556621621621622,2026-01-08 11:07:54+00:00
Materials,Gold,-0.2964722972972973,2026-01-30 06:29:44+00:00
Materials,Gold,-0.013189655172413791,2026-02-03 16:45:26+00:00
Materials,Gold,0.1369166666666667,2026-02-02 07:55:43+00:00
Materials,Gold,0.48000714285714285,2026-01-31 09:36:57+00:00
Materials,Gold,-0.10957428571428571,2026-02-04 13:40:39+00:00
Materials,Gold,-0.027176724137931034,2026-01-28 23:35:20+00:00
Materials,Gold,0.315137012987013,2026-01-10 17:41:52+00:00
Materials,Gold,0.0006910000000000006,2026-01-27 22:23:28+00:00
Materials,Gold,-0.25196714285714283,2026-02-04 02:27:45+00:00
Materials,Gold,0.34500333333333333,2026-01-16 18:41:42+00:00
Materials,Gold,0.05783260869565217,2026-02-03 15:16:53+00:00
Materials,Gold,0.029309999999999996,2026-01-30 20:29:28+00:00
Materials,Gold,0.639174358974359,2026-01-14 18:06:43+00:00
Materials,Gold,0.32014000000000004,2026-01-09 15:46:31+00:00
Materials,Gold,0.11854636363636364,2026-01-30 09:16:24+00:00
Materials,Gold,0.6500858490566038,2026-01-17 03:33:04+00:00
Materials,Gold,-0.2904430379746835,2026-02-02 19:48:43+00:00
Materials,Gold,0.4688112903225806,2026-01-20 23:02:02+00:00
Materials,Gold,-0.35010425531914896,2026-01-14 22:14:34+00:00
Materials,Gold,-0.007999999999999998,2026-01-18 07:41:20+00:00
Materials,Gold,0.11913,2026-01-14 19:52:36+00:00
Materials,Gold,0.05320416666666667,2026-01-16 23:48:11+00:00
Materials,Gold,0.003858333333333333,2026-01-15 08:08:22+00:00
Materials,Gold,0.6792533333333333,2026-01-19 11:27:24+00:00
Materials,Gold,-0.297283,2026-01-26 07:01:58+00:00
Materials,Gold,0.179625,2026-01-29 15:17:17+00:00
Materials,Gold,-0.06345320512820513,2026-01-15 13:34:51+00:00
Materials,Gold,-0.2420725,2026-01-23 17:57:10+00:00
Materials,Gold,0.08337,2026-01-06 18:58:50+00:00
Materials,Gold,0.4693551724137931,2026-01-16 01:19:04+00:00
Materials,Gold,0.6062371428571429,2026-02-02 16:12:28+00:00
Materials,Gold,0.012673214285714286,2026-01-18 23:50:37+00:00
Materials,Gold,0.0592,2026-01-24 15:17:19+00:00
Materials,Gold,0.09059545454545455,2026-01-31 12:13:44+00:00
Materials,Gold,0.475865,2026-01-31 02:38:27+00:00
Materials,Gold,0.03153333333333334,2026-01-07 02:00:43+00:00
Materials,Gold,0.3029425,2026-01-21 06:20:14+00:00
Materials,Gold,0.023495161290322586,2026-02-04 13:54:33+00:00
Materials,Gold,0.16120625,2026-02-04 17:40:13+00:00
Materials,Gold,-0.1597342105263158,2026-01-21 19:12:12+00:00
Materials,Gold,-0.0030368421052631572,2026-01-26 02:20:24+00:00
Materials,Gold,0.10773070175438598,2026-01-25 23:40:01+00:00
Materials,Gold,-0.025785625,2026-01-31 04:40:08+00:00
Materials,Gold,0.0009280000000000011,2026-02-04 00:52:11+00:00
Materials,Gold,-0.28939027777777776,2026-01-29 17:32:27+00:00
Materials,Gold,0.21679354838709677,2026-01-29 22:03:42+00:00
Materials,Gold,0.5828878787878788,2026-02-02 23:20:57+00:00
Materials,Gold,0.07766734693877551,2026-01-08 12:41:27+00:00
Materials,Gold,0.4926586956521739,2026-02-01 05:18:03+00:00
Materials,Gold,0.5708552631578947,2026-01-25 06:38:00+00:00
Materials,Gold,0.49855232558139534,2026-01-23 20:18:28+00:00
Materials,Gold,0.09197666666666666,2026-01-28 01:12:44+00:00
Materials,Gold,-0.032586585365853654,2026-01-23 22:41:25+00:00
Materials,Gold,0.4524955,2026-01-30 23:45:57+00:00
Materials,Gold,0.0809655172413793,2026-01-20 05:42:56+00:00
Materials,Gold,0.07156428571428572,2026-01-30 20:23:58+00:00
Materials,Gold,-0.24923421052631578,2026-02-05 00:16:52+00:00
Materials,Gold,0.18991785714285717,2026-01-09 08:19:14+00:00
Materials,Gold,0.10212777777777778,2026-01-12 18:22:44+00:00
Materials,Gold,-0.11807,2026-01-07 04:02:19+00:00
Materials,Gold,0.57204,2026-01-29 01:46:21+00:00
Materials,Gold,0.4337159574468085,2026-01-21 00:09:50+00:00
Materials,Gold,-0.276758,2026-02-02 22:27:29+00:00
Materials,Gold,0.17436923076923078,2026-01-22 23:30:10+00:00
Materials,Gold,-0.07354130434782609,2026-01-28 06:57:56+00:00
Materials,Gold,-0.13454285714285713,2026-01-25 06:08:11+00:00
Materials,Silverbugs,0.0952495,2026-01-23 15:51:33+00:00
Materials,Silverbugs,-0.045385999999999996,2026-01-20 14:50:54+00:00
Materials,Silverbugs,-0.3470735,2026-01-15 00:54:09+00:00
Materials,Silverbugs,0.131479,2026-01-15 07:03:32+00:00
Materials,Silverbugs,0.065924,2026-01-23 03:02:52+00:00
Materials,Silverbugs,0.3586445,2026-01-29 03:18:56+00:00
Materials,Silverbugs,0.061296,2026-01-26 18:05:07+00:00
Materials,Silverbugs,0.13665729166666668,2026-01-27 01:06:48+00:00
Materials,Silverbugs,0.10382,2026-02-03 05:07:13+00:00
Materials,Silverbugs,0.495668,2026-01-19 21:49:14+00:00
Materials,Silverbugs,0.08216,2026-02-02 19:21:26+00:00
Materials,Silverbugs,-0.18166896551724138,2026-01-30 17:13:48+00:00
Materials,Silverbugs,0.02487474226804124,2026-01-26 02:55:45+00:00
Materials,Silverbugs,0.11333571428571429,2026-01-29 18:49:35+00:00
Materials,Silverbugs,0.029361538461538463,2026-01-27 19:44:32+00:00
Materials,Silverbugs,0.03758,2026-01-21 21:58:06+00:00
Materials,Silverbugs,0.07872527472527473,2026-01-23 21:51:39+00:00
Materials,Silverbugs,0.548007,2026-01-19 01:22:07+00:00
Materials,Silverbugs,-0.180779,2026-01-23 16:21:43+00:00
Materials,Silverbugs,0.5773740963855422,2026-02-01 03:37:57+00:00
Materials,Silverbugs,0.19734747474747474,2026-01-24 17:44:25+00:00
Materials,Silverbugs,0.3434155,2026-01-12 16:28:09+00:00
Materials,Silverbugs,-0.5165483695652173,2026-02-03 00:13:56+00:00
Materials,Silverbugs,0.16793795180722892,2026-01-07 16:34:17+00:00
Materials,Silverbugs,0.4694203125,2026-01-23 22:04:01+00:00
Materials,Silverbugs,0.042365873015873017,2026-01-26 09:32:28+00:00
Materials,Silverbugs,0.07342808219178082,2026-01-28 01:25:20+00:00
Materials,Silverbugs,0.08350066666666667,2026-01-29 06:24:09+00:00
Materials,Silverbugs,0.1024765625,2026-01-18 23:34:19+00:00
Materials,Silverbugs,0.14647833333333335,2026-02-03 14:35:13+00:00
Materials,Silverbugs,0.0709905,2026-01-26 15:17:12+00:00
Materials,Silverbugs,0.49910238095238096,2026-01-31 01:27:02+00:00
Materials,Silverbugs,0.11426612903225808,2026-01-22 17:16:34+00:00
Materials,Silverbugs,-0.1362689189189189,2026-01-14 17:08:47+00:00
Materials,Silverbugs,0.046700666666666675,2026-01-30 18:39:28+00:00
Materials,Silverbugs,0.17539032258064516,2026-01-25 23:25:02+00:00
Materials,Silverbugs,0.571138,2026-01-20 02:07:22+00:00
Materials,Silverbugs,0.0822752688172043,2026-01-23 20:15:21+00:00
Materials,Silverbugs,0.3144220779220779,2026-01-22 15:55:32+00:00
Materials,Silverbugs,0.4296641509433962,2026-01-25 00:30:44+00:00
Materials,Silverbugs,0.0191078125,2026-01-28 23:18:20+00:00
Materials,Silverbugs,0.2000725,2026-02-02 03:13:44+00:00
Materials,Silverbugs,0.363239,2026-01-16 04:33:13+00:00
Materials,Silverbugs,0.08418030303030302,2026-01-29 14:17:59+00:00
Materials,Silverbugs,-0.236256,2026-01-13 15:22:23+00:00
Materials,Silverbugs,0.3884935,2026-01-28 18:02:28+00:00
Materials,Silverbugs,0.5033857142857143,2026-02-04 04:01:02+00:00
Materials,Silverbugs,0.3003035,2026-01-07 02:46:59+00:00
Materials,Silverbugs,0.374825,2026-01-23 04:16:28+00:00
Materials,Silverbugs,0.05615070422535211,2026-01-25 23:08:39+00:00
Materials,Silverbugs,0.386765625,2026-01-31 03:57:21+00:00
Materials,Silverbugs,0.6431675,2026-01-13 17:27:34+00:00
Materials,Silverbugs,0.7126250000000001,2026-01-16 05:05:13+00:00
Materials,Silverbugs,0.3508345,2026-01-27 04:06:07+00:00
Materials,Silverbugs,0.08816666666666667,2026-01-07 03:21:53+00:00
Materials,Silverbugs,0.08630144927536232,2026-01-23 17:22:06+00:00
Materials,Silverbugs,0.14089912280701755,2026-01-18 08:50:03+00:00
Materials,Silverbugs,-0.2277594202898551,2026-01-31 01:50:43+00:00
Materials,Silverbugs,0.07962426470588235,2026-01-23 00:58:30+00:00
Materials,Silverbugs,0.1496086206896552,2026-01-15 00:19:29+00:00
Materials,Silverbugs,0.10086129032258065,2026-01-20 09:10:26+00:00
Materials,Silverbugs,0.7258214285714286,2026-01-20 18:44:52+00:00
Materials,Silverbugs,0.11595285714285715,2026-02-04 14:45:50+00:00
Materials,Silverbugs,0.004952941176470588,2026-02-02 18:37:20+00:00
Materials,Silverbugs,-0.23206491228070178,2026-02-03 00:40:40+00:00
Materials,Silverbugs,0.053275,2026-01-12 13:22:31+00:00
Materials,Silverbugs,0.48807954545454546,2026-01-29 17:35:29+00:00
Materials,Silverbugs,0.6403424242424243,2026-01-11 23:40:37+00:00
Materials,Silverbugs,0.6429926829268293,2026-01-11 02:07:54+00:00
Materials,Silverbugs,0.2785289156626506,2026-01-27 06:16:13+00:00
Materials,Silverbugs,0.09837882352941177,2026-01-14 20:10:08+00:00
Materials,Silverbugs,0.2533375,2026-01-21 17:07:59+00:00
Materials,Silverbugs,0.4292809090909091,2026-01-31 19:51:29+00:00
Materials,Silverbugs,0.5004208333333333,2026-01-27 16:08:54+00:00
Materials,Silverbugs,0.37842758620689654,2026-01-17 00:04:56+00:00
Materials,Silverbugs,0.07566413043478261,2026-01-14 05:35:37+00:00
Materials,Silverbugs,0.1690205,2026-01-31 19:23:07+00:00
Materials,Silverbugs,0.1248775,2026-01-28 21:28:29+00:00
Materials,Silverbugs,0.4214090909090909,2026-01-10 04:48:46+00:00
Materials,Silverbugs,0.04615,2026-01-13 15:00:59+00:00
Materials,Silverbugs,0.242795,2026-02-03 20:34:54+00:00
Materials,Silverbugs,0.07053936170212766,2026-01-26 00:52:02+00:00
Materials,Silverbugs,0.211171875,2026-01-28 15:06:35+00:00
Materials,Silverbugs,0.6040942307692307,2026-02-03 23:46:24+00:00
Materials,Silverbugs,0.5867698529411765,2026-01-19 21:06:06+00:00
Materials,Silverbugs,0.008252500000000001,2026-01-23 15:01:21+00:00
Materials,Silverbugs,0.07574285714285714,2026-01-28 03:21:46+00:00
Materials,Silverbugs,0.30959615384615385,2026-01-09 22:48:25+00:00
Materials,Silverbugs,0.40941041666666667,2026-02-05 00:04:55+00:00
Materials,Silverbugs,-0.1646505,2026-01-30 15:27:00+00:00
Materials,Silverbugs,0.38686971830985917,2026-01-16 08:40:34+00:00
Materials,Silverbugs,-0.10968333333333333,2026-01-29 18:49:36+00:00
Materials,Silverbugs,-0.0006121621621621613,2026-01-29 01:54:45+00:00
Materials,Silverbugs,0.06606785714285715,2026-01-13 14:11:15+00:00
Materials,Silverbugs,0.11519565217391305,2026-02-01 19:09:21+00:00
Materials,Silverbugs,0.08356829268292683,2026-01-12 16:23:56+00:00
Materials,Silverbugs,0.5439305,2026-01-18 03:55:18+00:00
Materials,Silverbugs,0.0448245,2026-01-14 00:47:07+00:00
Materials,Silverbugs,0.5290459302325582,2026-01-06 19:01:14+00:00
Materials,Silverbugs,-0.22056833333333334,2026-01-26 13:54:10+00:00
Materials,Commodities,0.72029,2026-01-28 18:38:20+00:00
Materials,Commodities,-0.34894000000000003,2026-01-27 14:42:23+00:00
Materials,Commodities,0.5082111111111112,2026-01-21 05:03:06+00:00
Materials,Commodities,-0.4430666666666666,2026-01-26 12:29:35+00:00
Materials,Commodities,0.065,2026-02-01 23:52:00+00:00
Materials,Commodities,0.6864272727272727,2026-01-15 23:39:47+00:00
Materials,Commodities,-0.0001571428571428557,2026-01-22 05:58:05+00:00
Materials,Commodities,0.7499333333333333,2026-01-10 12:22:03+00:00
Materials,Commodities,0.58101,2026-01-09 18:14:11+00:00
Materials,Commodities,0.7738,2026-01-11 23:20:03+00:00
Materials,Commodities,0.3747666666666667,2026-01-22 06:45:58+00:00
Materials,Commodities,-0.25499166666666667,2026-01-31 14:46:42+00:00
Materials,Commodities,0.94685,2026-01-28 18:13:28+00:00
Materials,Commodities,0.81881,2026-01-28 02:53:28+00:00
Materials,Commodities,0.7717750000000001,2026-01-24 13:21:44+00:00
Materials,Commodities,0.6542,2026-01-19 15:56:10+00:00
Materials,Commodities,0.5173125,2026-01-10 17:36:54+00:00
Materials,Commodities,0.53755,2026-01-07 19:12:13+00:00
Materials,Commodities,0.266,2026-01-26 21:24:39+00:00
Materials,Commodities,0.643025,2026-01-16 14:36:06+00:00
Materials,Commodities,0.7444428571428572,2026-01-12 20:26:44+00:00
Materials,Commodities,0.38302,2026-01-11 05:58:50+00:00
Materials,Commodities,0.8124,2026-02-02 19:45:26+00:00
Materials,Commodities,0.5074961538461538,2026-01-23 16:45:45+00:00
Materials,Commodities,-0.046499999999999986,2026-01-21 20:48:38+00:00
Materials,Commodities,0.47828333333333334,2026-01-20 00:11:11+00:00
Materials,Commodities,0.6077666666666667,2026-01-06 22:30:20+00:00
Materials,Commodities,0.8986000000000001,2026-02-04 20:30:04+00:00
Materials,Commodities,0.01195,2026-01-29 15:30:41+00:00
Materials,Commodities,0.6633899999999999,2026-01-13 09:57:38+00:00
Materials,Commodities,0.5332,2026-01-12 18:48:56+00:00
Materials,Commodities,-0.112025,2026-01-09 16:13:07+00:00
Materials,Commodities,0.660525,2026-01-07 00:19:39+00:00
Materials,Commodities,0.44910833333333333,2026-02-03 13:18:18+00:00
Materials,Commodities,0.08676666666666666,2026-02-01 06:55:52+00:00
Materials,Commodities,0.7471125,2026-01-17 13:35:38+00:00
Materials,Commodities,0.27495,2026-01-11 03:59:08+00:00
Materials,Commodities,-0.11610833333333331,2026-01-08 12:57:27+00:00
Materials,Commodities,0.417,2026-02-04 18:54:54+00:00
Materials,Commodities,0.5455954545454546,2026-02-04 14:45:37+00:00
Materials,Commodities,0.1904,2026-02-01 16:45:29+00:00
Materials,Commodities,0.3257,2026-01-23 19:00:16+00:00
Materials,Commodities,0.648375,2026-01-23 12:33:21+00:00
Materials,Commodities,0.4429,2026-01-19 09:11:50+00:00
Materials,Commodities,0.465,2026-01-19 03:27:23+00:00
Materials,Commodities,0.9341,2026-01-30 17:29:22+00:00
Materials,Commodities,0.04415000000000002,2026-01-29 16:58:59+00:00
Materials,Commodities,0.5966166666666667,2026-01-24 13:38:26+00:00
Materials,Commodities,0.8479,2026-01-23 01:14:16+00:00
Materials,Commodities,-0.07497500000000001,2026-01-14 14:15:19+00:00
Materials,Commodities,-0.49079999999999996,2026-01-31 19:54:09+00:00
Materials,Commodities,0.4531,2026-01-28 15:53:18+00:00
Materials,Commodities,0.565525,2026-01-28 15:42:13+00:00
Materials,Commodities,0.34865,2026-01-27 14:09:02+00:00
Materials,Commodities,-0.35295,2026-01-27 06:42:02+00:00
Materials,Commodities,-0.3943333333333333,2026-01-26 23:58:09+00:00
Materials,Commodities,0.44895,2026-01-25 12:23:32+00:00
Materials,Commodities,0.41455,2026-01-24 22:42:24+00:00
Materials,Commodities,0.42251666666666665,2026-01-21 21:37:45+00:00
Materials,Commodities,0.09336666666666668,2026-01-16 15:21:41+00:00
Materials,Commodities,0.3878583333333333,2026-01-12 21:47:15+00:00
Materials,Commodities,0.3152625,2026-01-12 17:46:40+00:00
Materials,Commodities,0.57345,2026-01-10 01:40:57+00:00
Materials,Commodities,-0.2079,2026-01-06 21:56:27+00:00
Materials,Commodities,0.7007833333333333,2026-02-04 17:41:49+00:00
Materials,Commodities,0.4748,2026-02-04 12:55:57+00:00
Materials,Commodities,0.9346333333333333,2026-02-04 08:32:03+00:00
Materials,Commodities,-0.11827499999999996,2026-02-03 22:05:11+00:00
Materials,Commodities,0.8614999999999999,2026-02-01 22:41:46+00:00
Materials,Commodities,0.305325,2026-01-31 00:33:38+00:00
Materials,Commodities,0.6141,2026-01-27 16:28:42+00:00
Materials,Commodities,0.10540000000000002,2026-01-27 09:01:27+00:00
Materials,Commodities,0.16875,2026-01-25 01:07:24+00:00
Materials,Commodities,0.7224416666666666,2026-01-23 11:57:23+00:00
Materials,Commodities,0.7035625,2026-01-22 16:58:13+00:00
Materials,Commodities,0.30995,2026-01-18 01:28:55+00:00
Materials,Commodities,-0.23995,2026-01-17 12:10:17+00:00
Materials,Commodities,0.391,2026-01-11 01:28:55+00:00
Materials,Commodities,0.92465,2026-01-08 19:26:30+00:00
Materials,Commodities,0.164775,2026-01-08 17:34:54+00:00
Materials,Commodities,0.57969,2026-01-08 11:25:44+00:00
Materials,Commodities,0.34526666666666667,2026-02-05 13:14:17+00:00
Materials,Commodities,0.558375,2026-02-04 12:36:26+00:00
Materials,Commodities,0.17875000000000002,2026-02-04 09:40:30+00:00
Materials,Commodities,0.89455,2026-02-03 21:32:42+00:00
Materials,Commodities,0.25151666666666667,2026-01-31 19:52:10+00:00
Materials,Commodities,0.5479666666666667,2026-01-30 01:39:41+00:00
Materials,Commodities,0.47905,2026-01-29 03:18:12+00:00
Materials,Commodities,0.5941,2026-01-28 15:30:46+00:00
Materials,Commodities,0.7359,2026-01-26 23:55:07+00:00
Materials,Commodities,0.3787,2026-01-26 15:00:37+00:00
Materials,Commodities,0.5827,2026-01-25 18:29:26+00:00
Materials,Commodities,0.21505,2026-01-23 22:03:20+00:00
Materials,Commodities,0.451,2026-01-21 23:21:09+00:00
Materials,Commodities,0.665975,2026-01-21 04:21:20+00:00
Materials,Commodities,0.6568666666666667,2026-01-20 20:43:08+00:00
Materials,Commodities,0.7050000000000001,2026-01-20 18:34:45+00:00
Materials,Commodities,0.46824999999999994,2026-01-19 05:48:21+00:00
Materials,Commodities,0.6702,2026-01-17 20:56:44+00:00
Materials,Commodities,0.09481,2026-01-17 10:18:44+00:00
Materials,UraniumSqueeze,-0.22392777777777778,2026-01-14 19:51:14+00:00
Materials,UraniumSqueeze,0.081855,2026-01-16 15:25:33+00:00
Materials,UraniumSqueeze,0.35587857142857143,2026-01-28 20:14:55+00:00
Materials,UraniumSqueeze,0.07524666666666666,2026-02-02 12:49:56+00:00
Materials,UraniumSqueeze,-0.008941666666666667,2026-01-15 11:21:48+00:00
Materials,UraniumSqueeze,0.7093,2026-01-25 09:54:36+00:00
Materials,UraniumSqueeze,0.551369,2026-01-23 18:14:21+00:00
Materials,UraniumSqueeze,0.46347499999999997,2026-02-02 13:57:23+00:00
Materials,UraniumSqueeze,0.04515,2026-01-29 00:20:09+00:00
Materials,UraniumSqueeze,0.34933125,2026-02-02 08:10:20+00:00
Materials,UraniumSqueeze,-0.2748892857142857,2026-01-28 20:59:35+00:00
Materials,UraniumSqueeze,-0.32228333333333337,2026-01-28 12:56:34+00:00
Materials,UraniumSqueeze,0.3914848484848485,2026-01-23 09:37:17+00:00
Materials,UraniumSqueeze,0.3835,2026-01-16 00:33:09+00:00
Materials,UraniumSqueeze,0.56923,2026-01-27 23:30:07+00:00
Materials,UraniumSqueeze,0.611675,2026-01-25 15:47:22+00:00
Materials,UraniumSqueeze,0.53721,2026-01-29 16:24:06+00:00
Materials,UraniumSqueeze,-0.009984090909090915,2026-02-04 17:11:20+00:00
Materials,UraniumSqueeze,-0.03747500000000001,2026-01-30 00:25:49+00:00
Materials,UraniumSqueeze,0.6189027777777778,2026-01-27 16:46:32+00:00
Materials,UraniumSqueeze,0.7149681818181819,2026-01-28 21:04:50+00:00
Materials,UraniumSqueeze,0.39903999999999995,2026-01-25 12:05:06+00:00
Materials,UraniumSqueeze,0.149625,2026-01-20 18:16:47+00:00
Materials,UraniumSqueeze,0.45033333333333336,2026-01-08 23:13:29+00:00
Materials,UraniumSqueeze,0.5810166666666667,2026-01-19 13:35:52+00:00
Materials,UraniumSqueeze,0.44005714285714287,2026-01-29 22:18:08+00:00
Materials,UraniumSqueeze,-0.22903125000000002,2026-01-28 21:16:20+00:00
Materials,UraniumSqueeze,0.67858125,2026-01-19 07:00:52+00:00
Materials,UraniumSqueeze,0.466125,2026-01-22 13:59:04+00:00
Materials,UraniumSqueeze,0.496675,2026-01-20 09:18:52+00:00
Materials,UraniumSqueeze,0.14177499999999998,2026-01-23 21:32:39+00:00
Materials,UraniumSqueeze,0.1841590909090909,2026-01-31 00:31:11+00:00
Materials,UraniumSqueeze,-0.15622222222222223,2026-02-03 15:40:05+00:00
Materials,UraniumSqueeze,-0.3629307692307692,2026-02-02 08:49:53+00:00
Materials,UraniumSqueeze,0.6868833333333333,2026-01-29 14:27:47+00:00
Materials,UraniumSqueeze,-0.13455,2026-01-16 00:30:03+00:00
Materials,UraniumSqueeze,0.445475,2026-01-15 00:55:46+00:00
Materials,UraniumSqueeze,0.65494,2026-01-14 00:32:13+00:00
Materials,UraniumSqueeze,0.2157,2026-01-13 14:04:15+00:00
Materials,UraniumSqueeze,0.025457142857142855,2026-02-04 19:32:28+00:00
Materials,UraniumSqueeze,0.4363,2026-01-21 20:22:43+00:00
Materials,UraniumSqueeze,0.5762785714285714,2026-01-14 18:21:34+00:00
Materials,UraniumSqueeze,0.6095857142857143,2026-02-01 09:03:09+00:00
Materials,UraniumSqueeze,0.364475,2026-01-31 15:15:17+00:00
Materials,UraniumSqueeze,0.5077166666666667,2026-01-26 18:23:23+00:00
Materials,UraniumSqueeze,0.49645,2026-01-16 22:55:24+00:00
Materials,UraniumSqueeze,0.2586,2026-01-24 17:11:12+00:00
Materials,UraniumSqueeze,0.001341666666666668,2026-01-09 19:53:05+00:00
Materials,UraniumSqueeze,0.5437833333333333,2026-01-08 16:45:59+00:00
Materials,UraniumSqueeze,0.4889875,2026-01-28 22:37:14+00:00
Materials,UraniumSqueeze,0.5109,2026-01-15 13:58:52+00:00
Materials,UraniumSqueeze,0.64347,2026-02-03 05:46:03+00:00
Materials,UraniumSqueeze,-0.09225,2026-01-21 20:56:26+00:00
Materials,UraniumSqueeze,0.4648833333333333,2026-01-12 15:25:38+00:00
Materials,UraniumSqueeze,0.5164666666666666,2026-01-31 03:52:45+00:00
Materials,UraniumSqueeze,0.4428214285714286,2026-01-24 04:51:08+00:00
Materials,UraniumSqueeze,0.2740076923076923,2026-01-21 09:25:55+00:00
Materials,UraniumSqueeze,0.653625,2026-01-08 15:44:44+00:00
Materials,UraniumSqueeze,-0.2902269230769231,2026-01-29 00:30:32+00:00
Materials,UraniumSqueeze,-0.04898333333333332,2026-01-23 15:31:52+00:00
Materials,UraniumSqueeze,-0.2447277777777778,2026-01-21 01:14:33+00:00
Materials,UraniumSqueeze,0.4637,2026-02-02 16:33:34+00:00
Materials,UraniumSqueeze,0.25365,2026-01-30 08:24:41+00:00
Materials,UraniumSqueeze,0.41996,2026-01-28 21:35:35+00:00
Materials,UraniumSqueeze,0.0,2026-01-26 17:42:09+00:00
Materials,UraniumSqueeze,-0.15256666666666666,2026-01-22 10:35:36+00:00
Materials,UraniumSqueeze,0.43070833333333336,2026-01-15 12:36:39+00:00
Materials,UraniumSqueeze,0.30215000000000003,2026-01-11 21:31:19+00:00
Materials,UraniumSqueeze,-0.119175,2026-02-04 22:24:02+00:00
Materials,UraniumSqueeze,0.156875,2026-02-03 15:26:25+00:00
Materials,UraniumSqueeze,0.6882600000000001,2026-01-30 00:40:14+00:00
Materials,UraniumSqueeze,0.1366,2026-01-22 15:01:35+00:00
Materials,UraniumSqueeze,0.42096666666666666,2026-02-02 15:35:00+00:00
Materials,UraniumSqueeze,0.280375,2026-02-02 07:59:25+00:00
Materials,UraniumSqueeze,0.67608,2026-01-20 17:12:04+00:00
Materials,UraniumSqueeze,0.0872375,2026-01-19 23:05:54+00:00
Materials,UraniumSqueeze,0.4334375,2026-01-14 13:19:20+00:00
Materials,UraniumSqueeze,-0.125,2026-01-14 11:01:58+00:00
Materials,UraniumSqueeze,0.3012,2026-01-09 00:20:51+00:00
Materials,UraniumSqueeze,0.1806,2026-01-30 00:38:26+00:00
Materials,UraniumSqueeze,0.26326666666666665,2026-01-25 12:07:34+00:00
Materials,UraniumSqueeze,0.42855,2026-01-24 23:42:36+00:00
Materials,UraniumSqueeze,0.0,2026-01-23 23:38:09+00:00
Materials,UraniumSqueeze,-0.23005625000000002,2026-01-16 15:36:02+00:00
Materials,UraniumSqueeze,0.05303333333333333,2026-01-07 20:05:04+00:00
Materials,UraniumSqueeze,0.0,2026-02-04 23:49:47+00:00
Materials,UraniumSqueeze,0.512325,2026-02-01 15:16:35+00:00
Materials,UraniumSqueeze,0.27115,2026-01-28 23:16:43+00:00
Materials,UraniumSqueeze,0.20429999999999998,2026-01-20 15:16:45+00:00
Materials,UraniumSqueeze,0.5583750000000001,2026-01-15 01:03:02+00:00
Materials,UraniumSqueeze,0.4383416666666667,2026-01-29 08:10:07+00:00
Materials,UraniumSqueeze,0.0,2026-01-24 20:25:10+00:00
Materials,MiningStocks,0.6191,2026-01-12 16:13:04+00:00
Materials,MiningStocks,0.38015,2026-01-27 14:07:33+00:00
Materials,MiningStocks,0.2553,2026-02-01 10:02:58+00:00
Materials,MiningStocks,0.5586769230769231,2026-01-06 20:41:58+00:00
Materials,MiningStocks,0.21853636363636364,2026-01-30 15:48:48+00:00
Materials,MiningStocks,0.4084833333333333,2026-01-07 00:05:23+00:00
Materials,MiningStocks,0.78605,2026-02-01 14:19:08+00:00
Materials,MiningStocks,0.67750625,2026-01-12 16:07:19+00:00
Materials,MiningStocks,0.5254777777777777,2026-01-27 17:42:52+00:00
Materials,MiningStocks,-0.03218571428571429,2026-01-31 03:00:15+00:00
Materials,MiningStocks,0.84595,2026-01-27 15:02:01+00:00
Materials,MiningStocks,0.2340875,2026-01-26 15:14:36+00:00
Materials,MiningStocks,0.6448,2026-01-22 21:45:57+00:00
Materials,MiningStocks,0.7289,2026-01-20 01:37:34+00:00
Materials,MiningStocks,0.5423625,2026-01-19 12:26:34+00:00
Materials,MiningStocks,0.4863,2026-01-09 10:42:41+00:00
Materials,MiningStocks,0.0129,2026-02-01 16:02:05+00:00
Materials,MiningStocks,0.4632,2026-01-28 21:53:33+00:00
Materials,MiningStocks,0.696875,2026-01-27 18:55:49+00:00
Materials,MiningStocks,0.4186666666666667,2026-01-27 13:17:40+00:00
Materials,MiningStocks,0.26995,2026-01-26 18:09:29+00:00
Materials,MiningStocks,0.193625,2026-01-22 16:28:31+00:00
Materials,MiningStocks,0.0,2026-01-08 06:52:08+00:00
Materials,MiningStocks,0.7212333333333334,2026-01-08 00:07:46+00:00
Materials,MiningStocks,0.5252,2026-02-04 14:13:20+00:00
Materials,MiningStocks,0.57972,2026-02-03 21:06:58+00:00
Materials,MiningStocks,0.4971576923076923,2026-02-02 20:35:26+00:00
Materials,MiningStocks,-0.56245,2026-01-31 11:04:43+00:00
Materials,MiningStocks,-0.08274999999999996,2026-01-28 19:08:15+00:00
Materials,MiningStocks,-0.07454999999999995,2026-01-27 03:28:49+00:00
Materials,MiningStocks,0.4261055555555555,2026-01-25 04:54:47+00:00
Materials,MiningStocks,0.2787,2026-01-24 08:54:43+00:00
Materials,MiningStocks,0.3387388888888889,2026-01-22 04:46:09+00:00
Materials,MiningStocks,0.5575666666666667,2026-01-20 17:18:19+00:00
Materials,MiningStocks,0.0,2026-01-17 13:16:34+00:00
Materials,MiningStocks,-0.07713571428571428,2026-01-14 17:22:16+00:00
Materials,MiningStocks,0.2647,2026-01-13 07:21:02+00:00
Materials,MiningStocks,0.0,2026-01-12 22:09:55+00:00
Materials,MiningStocks,0.3825,2026-01-10 17:16:44+00:00
Materials,MiningStocks,0.9047499999999999,2026-01-07 16:11:49+00:00
Materials,MiningStocks,0.47555,2026-02-04 18:10:29+00:00
Materials,MiningStocks,0.4993,2026-02-03 19:39:29+00:00
Materials,MiningStocks,0.1698,2026-02-03 10:32:54+00:00
Materials,MiningStocks,-0.04935,2026-02-02 15:34:21+00:00
Materials,MiningStocks,0.79545,2026-01-29 00:53:23+00:00
Materials,MiningStocks,0.0,2026-01-26 17:17:17+00:00
Materials,MiningStocks,0.0,2026-01-23 17:14:15+00:00
Materials,MiningStocks,0.5346,2026-01-22 20:17:12+00:00
Materials,MiningStocks,0.888225,2026-01-21 02:33:31+00:00
Materials,MiningStocks,0.88855,2026-01-13 22:01:07+00:00
Materials,MiningStocks,0.2294,2026-01-10 00:36:54+00:00
Materials,MiningStocks,0.6910700000000001,2026-01-06 22:08:25+00:00
Materials,MiningStocks,0.46685,2026-02-04 22:00:08+00:00
Materials,MiningStocks,0.18336249999999998,2026-02-04 17:57:32+00:00
Materials,MiningStocks,0.0,2026-02-03 17:05:17+00:00
Materials,MiningStocks,-0.0386,2026-02-01 15:33:22+00:00
Materials,MiningStocks,0.41167,2026-01-30 06:45:01+00:00
Materials,MiningStocks,0.5137499999999999,2026-01-29 19:49:20+00:00
Materials,MiningStocks,0.44995,2026-01-29 19:49:06+00:00
Materials,MiningStocks,0.17,2026-01-28 08:38:24+00:00
Materials,MiningStocks,0.33525,2026-01-28 06:51:17+00:00
Materials,MiningStocks,-0.09505,2026-01-26 11:53:16+00:00
Materials,MiningStocks,0.1101,2026-01-25 09:46:14+00:00
Materials,MiningStocks,0.618,2026-01-21 16:04:46+00:00
Materials,MiningStocks,0.3982,2026-01-21 14:33:46+00:00
Materials,MiningStocks,0.0,2026-01-21 00:24:43+00:00
Materials,MiningStocks,0.4806,2026-01-20 06:12:07+00:00
Materials,MiningStocks,-0.095375,2026-01-17 18:56:15+00:00
Materials,MiningStocks,0.1366,2026-01-16 15:35:31+00:00
Materials,MiningStocks,0.41118333333333335,2026-01-15 18:35:09+00:00
Materials,MiningStocks,0.0,2026-01-14 12:13:14+00:00
Materials,MiningStocks,0.0,2026-01-14 11:20:00+00:00
Materials,MiningStocks,0.0,2026-01-12 22:55:42+00:00
Materials,MiningStocks,0.0,2026-01-09 14:22:35+00:00
Materials,MiningStocks,0.8341,2026-01-07 18:15:19+00:00
Materials,MiningStocks,0.2781,2026-01-07 16:29:59+00:00
Materials,MiningStocks,0.25435,2026-01-07 13:46:22+00:00
Materials,MiningStocks,0.0,2026-01-07 13:14:39+00:00
Materials,MiningStocks,0.4607,2026-02-04 18:43:18+00:00
Materials,MiningStocks,0.4777,2026-02-04 18:17:48+00:00
Materials,MiningStocks,-0.1591,2026-02-04 14:41:16+00:00
Materials,MiningStocks,0.0,2026-02-04 08:26:34+00:00
Materials,MiningStocks,0.0,2026-02-03 08:04:45+00:00
Materials,MiningStocks,0.5656,2026-02-03 05:55:56+00:00
Materials,MiningStocks,-0.47095,2026-02-02 14:28:08+00:00
Materials,MiningStocks,0.4674,2026-01-30 22:28:25+00:00
Materials,MiningStocks,0.20095,2026-01-29 21:55:23+00:00
Materials,MiningStocks,0.0,2026-01-29 21:27:24+00:00
Materials,MiningStocks,-0.22487,2026-01-29 15:54:01+00:00
Materials,MiningStocks,0.159,2026-01-29 12:51:26+00:00
Materials,MiningStocks,0.0,2026-01-29 12:18:14+00:00
Materials,MiningStocks,0.0,2026-01-29 09:48:23+00:00
Materials,MiningStocks,-0.4737,2026-01-28 18:26:51+00:00
Materials,MiningStocks,0.23335,2026-01-28 11:49:31+00:00
Materials,MiningStocks,0.52445,2026-01-28 01:04:23+00:00
Materials,MiningStocks,0.2294,2026-01-27 19:02:05+00:00
Materials,MiningStocks,0.6416833333333333,2026-01-27 16:37:39+00:00
Materials,MiningStocks,0.11315,2026-01-27 00:34:57+00:00
Materials,MiningStocks,0.0,2026-01-26 11:37:11+00:00
Materials,MiningStocks,0.41065,2026-01-25 16:01:22+00:00
Materials,Copper,0.5258,2026-02-02 23:20:37+00:00
Materials,Copper,0.339056,2026-01-16 20:02:58+00:00
Materials,Copper,0.10986379310344827,2026-01-24 21:13:50+00:00
Materials,Copper,0.06988770491803278,2026-02-02 15:21:20+00:00
Materials,Copper,0.17294615384615383,2026-01-27 17:31:46+00:00
Materials,Copper,0.14057,2026-01-25 12:34:40+00:00
Materials,Copper,0.2842056451612903,2026-01-26 06:34:53+00:00
Materials,Copper,0.2583157894736842,2026-01-20 16:10:49+00:00
Materials,Copper,0.17610384615384617,2026-01-26 21:49:07+00:00
Materials,Copper,0.326975,2026-02-04 00:11:19+00:00
Materials,Copper,0.51375,2026-02-02 00:00:27+00:00
Materials,Copper,0.07084545454545454,2026-01-08 19:30:23+00:00
Materials,Copper,0.5009772727272728,2026-01-29 06:00:32+00:00
Materials,Copper,0.28294,2026-01-29 12:47:29+00:00
Materials,Copper,0.3056357142857143,2026-01-20 08:51:10+00:00
Materials,Copper,0.17536000000000002,2026-01-19 10:09:38+00:00
Materials,Copper,0.26695714285714284,2026-02-01 23:34:12+00:00
Materials,Copper,0.1336625,2026-02-01 22:30:37+00:00
Materials,Copper,0.18327,2026-01-27 13:22:07+00:00
Materials,Copper,0.26965,2026-01-21 23:35:24+00:00
Materials,Copper,0.35598965517241377,2026-02-04 02:02:42+00:00
Materials,Copper,0.19685416666666666,2026-02-04 13:33:31+00:00
Materials,Copper,0.46660625,2026-02-03 03:08:08+00:00
Materials,Copper,0.3857666666666667,2026-01-25 13:10:40+00:00
Materials,Copper,0.5366333333333333,2026-01-18 03:11:49+00:00
Materials,Copper,0.19294324324324325,2026-01-15 18:53:17+00:00
Materials,Copper,0.25465,2026-02-02 20:13:30+00:00
Materials,Copper,0.2207625,2026-02-04 01:24:28+00:00
Materials,Copper,0.055400000000000005,2026-01-14 13:23:19+00:00
Materials,Copper,0.39186818181818184,2026-01-25 03:45:08+00:00
Materials,Copper,0.5419666666666667,2026-01-14 18:34:35+00:00
Materials,Copper,0.28555,2026-01-11 23:14:31+00:00
Materials,Copper,0.044483333333333326,2026-02-01 02:29:46+00:00
Materials,Copper,0.6343833333333333,2026-01-17 19:50:31+00:00
Materials,Copper,0.27366666666666667,2026-01-23 19:59:11+00:00
Materials,Copper,0.03983333333333339,2026-01-26 19:23:06+00:00
Materials,Copper,0.5176666666666667,2026-01-17 01:34:34+00:00
Materials,Copper,0.14985,2026-01-07 08:38:56+00:00
Materials,Copper,0.0,2026-01-26 23:41:08+00:00
Materials,Copper,-0.19548000000000001,2026-01-23 22:47:29+00:00
Materials,Copper,0.0,2026-02-05 00:59:39+00:00
Materials,Copper,0.4057166666666666,2026-01-29 00:19:31+00:00
Materials,Copper,0.5516886363636364,2026-01-17 23:07:19+00:00
Materials,Copper,0.49605,2026-01-28 21:00:29+00:00
Materials,Copper,0.11547142857142856,2026-01-08 22:58:03+00:00
Materials,Copper,0.43970714285714285,2026-01-27 16:04:32+00:00
Materials,Copper,0.20623,2026-01-29 09:04:08+00:00
Materials,Copper,0.36755,2026-02-03 10:40:03+00:00
Materials,Copper,0.02764545454545455,2026-02-01 18:48:38+00:00
Materials,Copper,0.47392500000000004,2026-01-28 02:08:10+00:00
Materials,Copper,-0.40298181818181816,2026-01-24 00:46:55+00:00
Materials,Copper,0.93945,2026-01-19 00:06:26+00:00
Materials,Copper,0.52401,2026-01-12 12:05:24+00:00
Materials,Copper,-0.29816,2026-01-31 12:57:21+00:00
Materials,Copper,0.042458333333333334,2026-01-15 20:28:16+00:00
Materials,Copper,0.9556,2026-02-03 17:59:12+00:00
Materials,Copper,-0.03449,2026-02-01 01:12:36+00:00
Materials,Copper,0.056400000000000006,2026-01-21 09:51:40+00:00
Materials,Copper,0.18722499999999997,2026-01-18 15:34:02+00:00
Materials,Copper,0.6625857142857143,2026-01-28 23:24:00+00:00
Materials,oil,-0.007453124999999999,2026-01-19 15:05:25+00:00
Materials,oil,-0.100358,2026-01-11 13:08:31+00:00
Materials,oil,0.00420357142857143,2026-01-28 20:57:55+00:00
Materials,oil,0.13603690476190475,2026-01-23 12:14:29+00:00
Materials,oil,0.014587931034482755,2026-01-10 07:55:50+00:00
Materials,oil,-0.4444565217391304,2026-01-24 17:12:04+00:00
Materials,oil,0.0615421052631579,2026-01-15 21:54:32+00:00
Materials,oil,-0.00536818181818182,2026-02-02 09:12:31+00:00
Materials,oil,0.02953636363636364,2026-01-27 16:40:51+00:00
Materials,oil,-0.008581250000000002,2026-01-12 05:29:29+00:00
Materials,oil,0.2939395833333333,2026-01-25 00:42:17+00:00
Materials,oil,-0.2297,2026-01-26 03:23:55+00:00
Materials,oil,0.2240246153846154,2026-01-18 08:49:53+00:00
Materials,oil,-0.09542931034482759,2026-01-19 03:10:46+00:00
Materials,oil,-0.13351428571428572,2026-01-29 17:51:17+00:00
Materials,oil,-0.0285625,2026-01-12 11:37:03+00:00
Materials,oil,-0.0045499999999999985,2026-01-10 20:41:42+00:00
Materials,oil,0.02878653846153846,2026-01-17 13:18:16+00:00
Materials,oil,0.00955,2026-01-12 19:46:35+00:00
Materials,oil,0.1796785714285714,2026-01-30 21:19:49+00:00
Materials,oil,-0.013547368421052627,2026-01-27 14:09:58+00:00
Materials,oil,-0.05908157894736842,2026-01-10 10:27:14+00:00
Materials,oil,-0.05883333333333332,2026-02-01 12:13:33+00:00
Materials,oil,-0.1421863636363636,2026-01-16 17:05:18+00:00
Materials,oil,-0.22083846153846154,2026-01-10 16:36:50+00:00
Materials,oil,-0.603,2026-01-19 04:33:42+00:00
Materials,oil,-0.17370833333333333,2026-01-14 18:03:47+00:00
Materials,oil,-0.19627499999999998,2026-01-16 20:52:41+00:00
Materials,oil,-0.26692777777777776,2026-02-04 00:32:24+00:00
Materials,oil,0.23077368421052633,2026-01-15 11:53:02+00:00
Materials,oil,-0.43694285714285713,2026-01-24 04:08:13+00:00
Materials,oil,0.09855,2026-01-11 20:19:16+00:00
Materials,oil,0.0197325,2026-01-09 07:53:24+00:00
Materials,oil,0.2815714285714286,2026-01-31 08:33:27+00:00
Materials,oil,0.11472000000000002,2026-01-06 21:09:20+00:00
Materials,oil,0.15702631578947368,2026-02-04 12:39:41+00:00
Materials,oil,-0.37083055555555555,2026-01-11 19:46:06+00:00
Materials,oil,0.0453388888888889,2026-01-10 10:37:29+00:00
Materials,oil,0.022846875000000003,2026-01-16 15:55:42+00:00
Materials,oil,0.006955555555555552,2026-01-12 22:55:43+00:00
Materials,oil,-0.033815000000000005,2026-01-31 06:18:48+00:00
Materials,oil,0.667645,2026-01-16 15:59:07+00:00
Materials,oil,0.5089714285714285,2026-01-27 01:45:04+00:00
Materials,oil,-0.0439111111111111,2026-01-09 13:38:11+00:00
Materials,oil,-0.10606428571428572,2026-01-28 20:16:27+00:00
Materials,oil,0.21479999999999996,2026-01-17 16:57:58+00:00
Materials,oil,-0.01926428571428572,2026-01-15 04:27:43+00:00
Materials,oil,-0.010883333333333332,2026-01-08 20:51:20+00:00
Materials,oil,0.09183333333333332,2026-01-21 17:30:06+00:00
Materials,oil,-0.05289166666666668,2026-01-07 18:15:14+00:00
Materials,oil,0.23810000000000003,2026-01-08 22:44:19+00:00
Materials,oil,0.20174166666666665,2026-01-24 17:38:16+00:00
Materials,oil,-0.34994166666666665,2026-01-30 06:49:22+00:00
Materials,oil,0.076275,2026-01-30 06:48:35+00:00
Materials,oil,0.31517666666666666,2026-02-02 19:51:43+00:00
Materials,oil,-0.24500277777777776,2026-01-09 15:51:22+00:00
Materials,oil,0.23407727272727272,2026-01-08 16:25:58+00:00
Materials,oil,0.049343750000000006,2026-02-01 03:37:45+00:00
Materials,oil,-0.10566666666666663,2026-01-08 15:53:55+00:00
Materials,oil,-0.20095,2026-02-04 00:39:56+00:00
Materials,oil,-0.1352,2026-01-18 09:40:25+00:00
Materials,oil,-0.25274,2026-01-27 23:18:25+00:00
Materials,oil,0.4607833333333333,2026-01-25 13:29:28+00:00
Materials,oil,-0.59735,2026-01-19 09:21:15+00:00
Materials,oil,-0.1814333333333333,2026-01-12 14:08:11+00:00
Materials,oil,0.24595833333333333,2026-01-17 22:26:35+00:00
Materials,oil,-0.20763846153846155,2026-01-26 17:19:28+00:00
Materials,oil,0.032499999999999994,2026-01-15 04:24:31+00:00
Materials,oil,0.29295,2026-01-29 09:34:48+00:00
Materials,oil,-0.0883125,2026-01-14 18:02:20+00:00
Materials,oil,0.23202499999999998,2026-01-13 13:51:06+00:00
Materials,oil,-0.29860000000000003,2026-01-26 09:45:05+00:00
Materials,oil,-0.162175,2026-01-10 02:49:53+00:00
Materials,oil,0.34015833333333334,2026-01-07 01:59:36+00:00
Materials,oil,-0.1257,2026-02-04 12:00:05+00:00
Materials,oil,-0.6900499999999999,2026-02-03 03:23:56+00:00
Materials,oil,-0.164575,2026-01-16 03:16:18+00:00
Materials,oil,0.1366,2026-01-10 17:33:37+00:00
Materials,oil,0.3062,2026-01-31 18:21:38+00:00
Materials,oil,-0.1094,2026-01-25 02:24:43+00:00
Materials,oil,0.042916666666666665,2026-01-08 23:08:55+00:00
Materials,oil,-0.1806,2026-01-22 15:54:15+00:00
Materials,oil,-0.103975,2026-01-13 14:54:44+00:00
Materials,oil,0.21075,2026-01-13 11:31:04+00:00
Materials,oil,0.659,2026-01-12 06:14:30+00:00
Materials,oil,0.0386,2026-02-04 16:16:04+00:00
Materials,oil,-0.374,2026-01-15 04:25:29+00:00
Materials,oil,0.12259999999999999,2026-01-08 20:46:22+00:00
Materials,oil,-0.4019,2026-02-04 00:30:23+00:00
Materials,oil,-0.28595,2026-01-30 23:22:12+00:00
Materials,oil,0.4721,2026-01-24 19:37:26+00:00
Materials,oil,-0.40235,2026-01-18 10:04:58+00:00
Materials,oil,0.105375,2026-01-17 06:17:34+00:00
Materials,oil,0.328925,2026-02-01 13:34:34+00:00
Materials,oil,0.52565,2026-01-21 14:04:22+00:00
Materials,oil,-0.1872,2026-01-08 05:06:02+00:00
Materials,oil,0.07899285714285714,2026-02-01 22:52:50+00:00
Materials,oil,0.1909,2026-02-01 22:47:58+00:00
Materials,oil,0.9152,2026-01-29 10:24:46+00:00
Materials,oil,0.11752857142857143,2026-01-12 17:25:51+00:00
