item,amount,url
'Ancient gizmos' blueprint,2,https://runescape.wiki/w/Exchange:%27Ancient_gizmos%27_blueprint
'Ancient tools' blueprint,2,https://runescape.wiki/w/Exchange:%27Ancient_tools%27_blueprint
'Diamond' title scroll,2,https://runescape.wiki/w/Exchange:%27Diamond%27_title_scroll
'Dragonstone' title scroll,2,https://runescape.wiki/w/Exchange:%27Dragonstone%27_title_scroll
'Emerald' title scroll,2,https://runescape.wiki/w/Exchange:%27Emerald%27_title_scroll
'Hydrix' title scroll,2,https://runescape.wiki/w/Exchange:%27Hydrix%27_title_scroll
'One of the Many' title scroll,2,https://runescape.wiki/w/Exchange:%27One_of_the_Many%27_title_scroll
'Onyx' title scroll,2,https://runescape.wiki/w/Exchange:%27Onyx%27_title_scroll
'Party' title scroll,2,https://runescape.wiki/w/Exchange:%27Party%27_title_scroll
'Rainbow' title scroll,2,https://runescape.wiki/w/Exchange:%27Rainbow%27_title_scroll
'Ruby' title scroll,2,https://runescape.wiki/w/Exchange:%27Ruby%27_title_scroll
'XP Capacitor' blueprint,2,https://runescape.wiki/w/Exchange:%27XP_Capacitor%27_blueprint
'o'-lantern' title scroll,2,https://runescape.wiki/w/Exchange:%27o%27-lantern%27_title_scroll
1/3 blue blubber jellyfish,10000,https://runescape.wiki/w/Exchange:1/3_blue_blubber_jellyfish
1/3 evil turnip,100,https://runescape.wiki/w/Exchange:1/3_evil_turnip
1/3 green blubber jellyfish,10000,https://runescape.wiki/w/Exchange:1/3_green_blubber_jellyfish
2/3 bacon cheesecake,1000,https://runescape.wiki/w/Exchange:2/3_bacon_cheesecake
2/3 blue blubber jellyfish,10000,https://runescape.wiki/w/Exchange:2/3_blue_blubber_jellyfish
2/3 cake,1000,https://runescape.wiki/w/Exchange:2/3_cake
2/3 cheesecake,1000,https://runescape.wiki/w/Exchange:2/3_cheesecake
2/3 chocolate cake,1000,https://runescape.wiki/w/Exchange:2/3_chocolate_cake
2/3 chocolate cheesecake,1000,https://runescape.wiki/w/Exchange:2/3_chocolate_cheesecake
2/3 evil turnip,100,https://runescape.wiki/w/Exchange:2/3_evil_turnip
2/3 green blubber jellyfish,10000,https://runescape.wiki/w/Exchange:2/3_green_blubber_jellyfish
2/3 lemon cheesecake,1000,https://runescape.wiki/w/Exchange:2/3_lemon_cheesecake
2/3 strawberry cheesecake,1000,https://runescape.wiki/w/Exchange:2/3_strawberry_cheesecake
2/3 vanilla cheesecake,1000,https://runescape.wiki/w/Exchange:2/3_vanilla_cheesecake
4-poster (flatpack),100,https://runescape.wiki/w/Exchange:4-poster_(flatpack)
A mis-fortune from The Mighty Zoltan (1/17),100,https://runescape.wiki/w/Exchange:A_mis-fortune_from_The_Mighty_Zoltan_(1/17)
A mis-fortune from The Mighty Zoltan (10/17),100,https://runescape.wiki/w/Exchange:A_mis-fortune_from_The_Mighty_Zoltan_(10/17)
A mis-fortune from The Mighty Zoltan (11/17),100,https://runescape.wiki/w/Exchange:A_mis-fortune_from_The_Mighty_Zoltan_(11/17)
A mis-fortune from The Mighty Zoltan (12/17),100,https://runescape.wiki/w/Exchange:A_mis-fortune_from_The_Mighty_Zoltan_(12/17)
A mis-fortune from The Mighty Zoltan (13/17),100,https://runescape.wiki/w/Exchange:A_mis-fortune_from_The_Mighty_Zoltan_(13/17)
A mis-fortune from The Mighty Zoltan (14/17),100,https://runescape.wiki/w/Exchange:A_mis-fortune_from_The_Mighty_Zoltan_(14/17)
A mis-fortune from The Mighty Zoltan (15/17),100,https://runescape.wiki/w/Exchange:A_mis-fortune_from_The_Mighty_Zoltan_(15/17)
A mis-fortune from The Mighty Zoltan (16/17),100,https://runescape.wiki/w/Exchange:A_mis-fortune_from_The_Mighty_Zoltan_(16/17)
A mis-fortune from The Mighty Zoltan (17/17),100,https://runescape.wiki/w/Exchange:A_mis-fortune_from_The_Mighty_Zoltan_(17/17)
A mis-fortune from The Mighty Zoltan (2/17),100,https://runescape.wiki/w/Exchange:A_mis-fortune_from_The_Mighty_Zoltan_(2/17)
A mis-fortune from The Mighty Zoltan (3/17),100,https://runescape.wiki/w/Exchange:A_mis-fortune_from_The_Mighty_Zoltan_(3/17)
A mis-fortune from The Mighty Zoltan (4/17),100,https://runescape.wiki/w/Exchange:A_mis-fortune_from_The_Mighty_Zoltan_(4/17)
A mis-fortune from The Mighty Zoltan (5/17),100,https://runescape.wiki/w/Exchange:A_mis-fortune_from_The_Mighty_Zoltan_(5/17)
A mis-fortune from The Mighty Zoltan (6/17),100,https://runescape.wiki/w/Exchange:A_mis-fortune_from_The_Mighty_Zoltan_(6/17)
A mis-fortune from The Mighty Zoltan (7/17),100,https://runescape.wiki/w/Exchange:A_mis-fortune_from_The_Mighty_Zoltan_(7/17)
A mis-fortune from The Mighty Zoltan (8/17),100,https://runescape.wiki/w/Exchange:A_mis-fortune_from_The_Mighty_Zoltan_(8/17)
A mis-fortune from The Mighty Zoltan (9/17),100,https://runescape.wiki/w/Exchange:A_mis-fortune_from_The_Mighty_Zoltan_(9/17)
Abomination cape,2,https://runescape.wiki/w/Exchange:Abomination_cape
Abyssal Creature Wildcard,500,https://runescape.wiki/w/Exchange:Abyssal_Creature_Wildcard
Abyssal Demon scroll (Abyssal Block),5000,https://runescape.wiki/w/Exchange:Abyssal_Demon_scroll_(Abyssal_Block)
Abyssal Lurker scroll (Abyssal Stealth),5000,https://runescape.wiki/w/Exchange:Abyssal_Lurker_scroll_(Abyssal_Stealth)
Abyssal Parasite scroll (Abyssal Drain),5000,https://runescape.wiki/w/Exchange:Abyssal_Parasite_scroll_(Abyssal_Drain)
Abyssal Titan scroll (Essence Shipment),5000,https://runescape.wiki/w/Exchange:Abyssal_Titan_scroll_(Essence_Shipment)
Abyssal armour spikes,10000,https://runescape.wiki/w/Exchange:Abyssal_armour_spikes
Abyssal armour spikes (alloy),10000,https://runescape.wiki/w/Exchange:Abyssal_armour_spikes_(alloy)
Abyssal bane 2h sword,1000,https://runescape.wiki/w/Exchange:Abyssal_bane_2h_sword
Abyssal bane longsword,1000,https://runescape.wiki/w/Exchange:Abyssal_bane_longsword
Abyssal bane off-hand longsword,1000,https://runescape.wiki/w/Exchange:Abyssal_bane_off-hand_longsword
Abyssal bane square shield,1000,https://runescape.wiki/w/Exchange:Abyssal_bane_square_shield
Abyssal flesh,5000,https://runescape.wiki/w/Exchange:Abyssal_flesh
Abyssal lurker pouch,5000,https://runescape.wiki/w/Exchange:Abyssal_lurker_pouch
Abyssal orb,5,https://runescape.wiki/w/Exchange:Abyssal_orb
Abyssal parasite pouch,5000,https://runescape.wiki/w/Exchange:Abyssal_parasite_pouch
Abyssal scourge,2,https://runescape.wiki/w/Exchange:Abyssal_scourge
Abyssal titan pouch,5000,https://runescape.wiki/w/Exchange:Abyssal_titan_pouch
Abyssal wand,5,https://runescape.wiki/w/Exchange:Abyssal_wand
Abyssal whip,10,https://runescape.wiki/w/Exchange:Abyssal_whip
Acadia birdhouse,10,https://runescape.wiki/w/Exchange:Acadia_birdhouse
Acadia frame,10000,https://runescape.wiki/w/Exchange:Acadia_frame
Acadia incense sticks,1000,https://runescape.wiki/w/Exchange:Acadia_incense_sticks
Acadia logs,25000,https://runescape.wiki/w/Exchange:Acadia_logs
Acadia plank,10000,https://runescape.wiki/w/Exchange:Acadia_plank
Acadia wood box,100,https://runescape.wiki/w/Exchange:Acadia_wood_box
Acadia wood spirit,25000,https://runescape.wiki/w/Exchange:Acadia_wood_spirit
Accursed acadia incense sticks,1000,https://runescape.wiki/w/Exchange:Accursed_acadia_incense_sticks
Accursed ashes,5000,https://runescape.wiki/w/Exchange:Accursed_ashes
Accursed maple incense sticks,1000,https://runescape.wiki/w/Exchange:Accursed_maple_incense_sticks
Accursed urn (no rune),400,https://runescape.wiki/w/Exchange:Accursed_urn_(no_rune)
Ace Bunny appearance token,2,https://runescape.wiki/w/Exchange:Ace_Bunny_appearance_token
Acheron Mammoth Wildcard,500,https://runescape.wiki/w/Exchange:Acheron_Mammoth_Wildcard
Achey tree logs,1000,https://runescape.wiki/w/Exchange:Achey_tree_logs
Acne potion,100,https://runescape.wiki/w/Exchange:Acne_potion
Acorn,100,https://runescape.wiki/w/Exchange:Acorn
Adamant 2h crossbow,1000,https://runescape.wiki/w/Exchange:Adamant_2h_crossbow
Adamant 2h sword,100,https://runescape.wiki/w/Exchange:Adamant_2h_sword
Adamant 2h sword + 1,100,https://runescape.wiki/w/Exchange:Adamant_2h_sword_%2B_1
Adamant 2h sword + 2,100,https://runescape.wiki/w/Exchange:Adamant_2h_sword_%2B_2
Adamant Minotaur scroll (Adamant Bull Rush),5000,https://runescape.wiki/w/Exchange:Adamant_Minotaur_scroll_(Adamant_Bull_Rush)
Adamant armour set (lg),100,https://runescape.wiki/w/Exchange:Adamant_armour_set_(lg)
Adamant armour set (sk),100,https://runescape.wiki/w/Exchange:Adamant_armour_set_(sk)
Adamant armour set + 1 (lg),100,https://runescape.wiki/w/Exchange:Adamant_armour_set_%2B_1_(lg)
Adamant armour set + 1 (sk),100,https://runescape.wiki/w/Exchange:Adamant_armour_set_%2B_1_(sk)
Adamant armour set + 2 (lg),100,https://runescape.wiki/w/Exchange:Adamant_armour_set_%2B_2_(lg)
Adamant armour set + 2 (sk),100,https://runescape.wiki/w/Exchange:Adamant_armour_set_%2B_2_(sk)
Adamant armoured boots,100,https://runescape.wiki/w/Exchange:Adamant_armoured_boots
Adamant armoured boots + 1,100,https://runescape.wiki/w/Exchange:Adamant_armoured_boots_%2B_1
Adamant armoured boots + 2,100,https://runescape.wiki/w/Exchange:Adamant_armoured_boots_%2B_2
Adamant arrow,10000,https://runescape.wiki/w/Exchange:Adamant_arrow
Adamant arrowheads,100000,https://runescape.wiki/w/Exchange:Adamant_arrowheads
Adamant bar,10000,https://runescape.wiki/w/Exchange:Adamant_bar
Adamant battleaxe,100,https://runescape.wiki/w/Exchange:Adamant_battleaxe
Adamant battleaxe + 1,100,https://runescape.wiki/w/Exchange:Adamant_battleaxe_%2B_1
Adamant battleaxe + 2,100,https://runescape.wiki/w/Exchange:Adamant_battleaxe_%2B_2
Adamant berserker shield 0,100,https://runescape.wiki/w/Exchange:Adamant_berserker_shield_0
Adamant bolts,10000,https://runescape.wiki/w/Exchange:Adamant_bolts
Adamant bolts (unf),10000,https://runescape.wiki/w/Exchange:Adamant_bolts_(unf)
Adamant brutal,1000,https://runescape.wiki/w/Exchange:Adamant_brutal
Adamant cane,2,https://runescape.wiki/w/Exchange:Adamant_cane
Adamant chainbody,100,https://runescape.wiki/w/Exchange:Adamant_chainbody
Adamant chainbody + 1,100,https://runescape.wiki/w/Exchange:Adamant_chainbody_%2B_1
Adamant chainbody + 2,100,https://runescape.wiki/w/Exchange:Adamant_chainbody_%2B_2
Adamant claws,100,https://runescape.wiki/w/Exchange:Adamant_claws
Adamant claws + 1,100,https://runescape.wiki/w/Exchange:Adamant_claws_%2B_1
Adamant claws + 2,100,https://runescape.wiki/w/Exchange:Adamant_claws_%2B_2
Adamant crossbow,1000,https://runescape.wiki/w/Exchange:Adamant_crossbow
Adamant crossbow (unstrung),1000,https://runescape.wiki/w/Exchange:Adamant_crossbow_(unstrung)
Adamant dagger,100,https://runescape.wiki/w/Exchange:Adamant_dagger
Adamant dagger + 1,100,https://runescape.wiki/w/Exchange:Adamant_dagger_%2B_1
Adamant dagger + 2,100,https://runescape.wiki/w/Exchange:Adamant_dagger_%2B_2
Adamant dart,1500,https://runescape.wiki/w/Exchange:Adamant_dart
Adamant dart tip,100000,https://runescape.wiki/w/Exchange:Adamant_dart_tip
Adamant dragon mask,2,https://runescape.wiki/w/Exchange:Adamant_dragon_mask
Adamant fire arrows (lit),1000,https://runescape.wiki/w/Exchange:Adamant_fire_arrows_(lit)
Adamant fire arrows (unlit),1000,https://runescape.wiki/w/Exchange:Adamant_fire_arrows_(unlit)
Adamant full helm,100,https://runescape.wiki/w/Exchange:Adamant_full_helm
Adamant full helm (g),2,https://runescape.wiki/w/Exchange:Adamant_full_helm_(g)
Adamant full helm (t),2,https://runescape.wiki/w/Exchange:Adamant_full_helm_(t)
Adamant full helm + 1,100,https://runescape.wiki/w/Exchange:Adamant_full_helm_%2B_1
Adamant full helm + 2,100,https://runescape.wiki/w/Exchange:Adamant_full_helm_%2B_2
Adamant gauntlets,100,https://runescape.wiki/w/Exchange:Adamant_gauntlets
Adamant gauntlets + 1,100,https://runescape.wiki/w/Exchange:Adamant_gauntlets_%2B_1
Adamant gauntlets + 2,100,https://runescape.wiki/w/Exchange:Adamant_gauntlets_%2B_2
Adamant halberd,1000,https://runescape.wiki/w/Exchange:Adamant_halberd
Adamant hasta,1000,https://runescape.wiki/w/Exchange:Adamant_hasta
Adamant hatchet,1000,https://runescape.wiki/w/Exchange:Adamant_hatchet
Adamant helm (h1),50,https://runescape.wiki/w/Exchange:Adamant_helm_(h1)
Adamant helm (h2),50,https://runescape.wiki/w/Exchange:Adamant_helm_(h2)
Adamant helm (h3),50,https://runescape.wiki/w/Exchange:Adamant_helm_(h3)
Adamant helm (h4),50,https://runescape.wiki/w/Exchange:Adamant_helm_(h4)
Adamant helm (h5),50,https://runescape.wiki/w/Exchange:Adamant_helm_(h5)
Adamant javelin,1000,https://runescape.wiki/w/Exchange:Adamant_javelin
Adamant kiteshield,100,https://runescape.wiki/w/Exchange:Adamant_kiteshield
Adamant kiteshield (g),2,https://runescape.wiki/w/Exchange:Adamant_kiteshield_(g)
Adamant kiteshield (t),2,https://runescape.wiki/w/Exchange:Adamant_kiteshield_(t)
Adamant kiteshield + 1,100,https://runescape.wiki/w/Exchange:Adamant_kiteshield_%2B_1
Adamant kiteshield + 2,100,https://runescape.wiki/w/Exchange:Adamant_kiteshield_%2B_2
Adamant knife,10000,https://runescape.wiki/w/Exchange:Adamant_knife
Adamant limbs,5000,https://runescape.wiki/w/Exchange:Adamant_limbs
Adamant longsword,100,https://runescape.wiki/w/Exchange:Adamant_longsword
Adamant longsword + 1,100,https://runescape.wiki/w/Exchange:Adamant_longsword_%2B_1
Adamant longsword + 2,100,https://runescape.wiki/w/Exchange:Adamant_longsword_%2B_2
Adamant mace,100,https://runescape.wiki/w/Exchange:Adamant_mace
Adamant mace + 1,100,https://runescape.wiki/w/Exchange:Adamant_mace_%2B_1
Adamant mace + 2,100,https://runescape.wiki/w/Exchange:Adamant_mace_%2B_2
Adamant mattock,100,https://runescape.wiki/w/Exchange:Adamant_mattock
Adamant med helm,100,https://runescape.wiki/w/Exchange:Adamant_med_helm
Adamant med helm + 1,100,https://runescape.wiki/w/Exchange:Adamant_med_helm_%2B_1
Adamant med helm + 2,100,https://runescape.wiki/w/Exchange:Adamant_med_helm_%2B_2
Adamant minotaur pouch,5000,https://runescape.wiki/w/Exchange:Adamant_minotaur_pouch
Adamant nails,10000,https://runescape.wiki/w/Exchange:Adamant_nails
Adamant off hand battleaxe,100,https://runescape.wiki/w/Exchange:Adamant_off_hand_battleaxe
Adamant off hand battleaxe + 1,100,https://runescape.wiki/w/Exchange:Adamant_off_hand_battleaxe_%2B_1
Adamant off hand battleaxe + 2,100,https://runescape.wiki/w/Exchange:Adamant_off_hand_battleaxe_%2B_2
Adamant off hand claws,100,https://runescape.wiki/w/Exchange:Adamant_off_hand_claws
Adamant off hand claws + 1,100,https://runescape.wiki/w/Exchange:Adamant_off_hand_claws_%2B_1
Adamant off hand claws + 2,100,https://runescape.wiki/w/Exchange:Adamant_off_hand_claws_%2B_2
Adamant off hand dagger,100,https://runescape.wiki/w/Exchange:Adamant_off_hand_dagger
Adamant off hand dagger + 1,100,https://runescape.wiki/w/Exchange:Adamant_off_hand_dagger_%2B_1
Adamant off hand dagger + 2,100,https://runescape.wiki/w/Exchange:Adamant_off_hand_dagger_%2B_2
Adamant off hand longsword,100,https://runescape.wiki/w/Exchange:Adamant_off_hand_longsword
Adamant off hand longsword + 1,100,https://runescape.wiki/w/Exchange:Adamant_off_hand_longsword_%2B_1
Adamant off hand longsword + 2,100,https://runescape.wiki/w/Exchange:Adamant_off_hand_longsword_%2B_2
Adamant off hand mace,100,https://runescape.wiki/w/Exchange:Adamant_off_hand_mace
Adamant off hand mace + 1,100,https://runescape.wiki/w/Exchange:Adamant_off_hand_mace_%2B_1
Adamant off hand mace + 2,100,https://runescape.wiki/w/Exchange:Adamant_off_hand_mace_%2B_2
Adamant off hand scimitar,100,https://runescape.wiki/w/Exchange:Adamant_off_hand_scimitar
Adamant off hand scimitar + 1,100,https://runescape.wiki/w/Exchange:Adamant_off_hand_scimitar_%2B_1
Adamant off hand scimitar + 2,100,https://runescape.wiki/w/Exchange:Adamant_off_hand_scimitar_%2B_2
Adamant off hand sword,100,https://runescape.wiki/w/Exchange:Adamant_off_hand_sword
Adamant off hand sword + 1,100,https://runescape.wiki/w/Exchange:Adamant_off_hand_sword_%2B_1
Adamant off hand sword + 2,100,https://runescape.wiki/w/Exchange:Adamant_off_hand_sword_%2B_2
Adamant off hand warhammer,100,https://runescape.wiki/w/Exchange:Adamant_off_hand_warhammer
Adamant off hand warhammer + 1,100,https://runescape.wiki/w/Exchange:Adamant_off_hand_warhammer_%2B_1
Adamant off hand warhammer + 2,100,https://runescape.wiki/w/Exchange:Adamant_off_hand_warhammer_%2B_2
Adamant ore box,100,https://runescape.wiki/w/Exchange:Adamant_ore_box
Adamant pickaxe,100,https://runescape.wiki/w/Exchange:Adamant_pickaxe
Adamant pickaxe + 1,100,https://runescape.wiki/w/Exchange:Adamant_pickaxe_%2B_1
Adamant pickaxe + 2,100,https://runescape.wiki/w/Exchange:Adamant_pickaxe_%2B_2
Adamant platebody,100,https://runescape.wiki/w/Exchange:Adamant_platebody
Adamant platebody (g),2,https://runescape.wiki/w/Exchange:Adamant_platebody_(g)
Adamant platebody (h1),50,https://runescape.wiki/w/Exchange:Adamant_platebody_(h1)
Adamant platebody (h2),50,https://runescape.wiki/w/Exchange:Adamant_platebody_(h2)
Adamant platebody (h3),50,https://runescape.wiki/w/Exchange:Adamant_platebody_(h3)
Adamant platebody (h4),50,https://runescape.wiki/w/Exchange:Adamant_platebody_(h4)
Adamant platebody (h5),50,https://runescape.wiki/w/Exchange:Adamant_platebody_(h5)
Adamant platebody (t),2,https://runescape.wiki/w/Exchange:Adamant_platebody_(t)
Adamant platebody + 1,100,https://runescape.wiki/w/Exchange:Adamant_platebody_%2B_1
Adamant platebody + 2,100,https://runescape.wiki/w/Exchange:Adamant_platebody_%2B_2
Adamant platelegs,100,https://runescape.wiki/w/Exchange:Adamant_platelegs
Adamant platelegs (g),2,https://runescape.wiki/w/Exchange:Adamant_platelegs_(g)
Adamant platelegs (h1),50,https://runescape.wiki/w/Exchange:Adamant_platelegs_(h1)
Adamant platelegs (h2),50,https://runescape.wiki/w/Exchange:Adamant_platelegs_(h2)
Adamant platelegs (h3),50,https://runescape.wiki/w/Exchange:Adamant_platelegs_(h3)
Adamant platelegs (h4),50,https://runescape.wiki/w/Exchange:Adamant_platelegs_(h4)
Adamant platelegs (h5),50,https://runescape.wiki/w/Exchange:Adamant_platelegs_(h5)
Adamant platelegs (t),2,https://runescape.wiki/w/Exchange:Adamant_platelegs_(t)
Adamant platelegs + 1,100,https://runescape.wiki/w/Exchange:Adamant_platelegs_%2B_1
Adamant platelegs + 2,100,https://runescape.wiki/w/Exchange:Adamant_platelegs_%2B_2
Adamant plateskirt,100,https://runescape.wiki/w/Exchange:Adamant_plateskirt
Adamant plateskirt (g),2,https://runescape.wiki/w/Exchange:Adamant_plateskirt_(g)
Adamant plateskirt (h1),50,https://runescape.wiki/w/Exchange:Adamant_plateskirt_(h1)
Adamant plateskirt (h2),50,https://runescape.wiki/w/Exchange:Adamant_plateskirt_(h2)
Adamant plateskirt (h3),50,https://runescape.wiki/w/Exchange:Adamant_plateskirt_(h3)
Adamant plateskirt (h4),50,https://runescape.wiki/w/Exchange:Adamant_plateskirt_(h4)
Adamant plateskirt (h5),50,https://runescape.wiki/w/Exchange:Adamant_plateskirt_(h5)
Adamant plateskirt (t),2,https://runescape.wiki/w/Exchange:Adamant_plateskirt_(t)
Adamant plateskirt + 1,100,https://runescape.wiki/w/Exchange:Adamant_plateskirt_%2B_1
Adamant plateskirt + 2,100,https://runescape.wiki/w/Exchange:Adamant_plateskirt_%2B_2
Adamant scimitar,100,https://runescape.wiki/w/Exchange:Adamant_scimitar
Adamant scimitar + 1,100,https://runescape.wiki/w/Exchange:Adamant_scimitar_%2B_1
Adamant scimitar + 2,100,https://runescape.wiki/w/Exchange:Adamant_scimitar_%2B_2
Adamant shield (h1),50,https://runescape.wiki/w/Exchange:Adamant_shield_(h1)
Adamant shield (h2),50,https://runescape.wiki/w/Exchange:Adamant_shield_(h2)
Adamant shield (h3),50,https://runescape.wiki/w/Exchange:Adamant_shield_(h3)
Adamant shield (h4),50,https://runescape.wiki/w/Exchange:Adamant_shield_(h4)
Adamant shield (h5),50,https://runescape.wiki/w/Exchange:Adamant_shield_(h5)
Adamant spear,1000,https://runescape.wiki/w/Exchange:Adamant_spear
Adamant spikeshield 0,100,https://runescape.wiki/w/Exchange:Adamant_spikeshield_0
Adamant square shield,100,https://runescape.wiki/w/Exchange:Adamant_square_shield
Adamant square shield + 1,100,https://runescape.wiki/w/Exchange:Adamant_square_shield_%2B_1
Adamant square shield + 2,100,https://runescape.wiki/w/Exchange:Adamant_square_shield_%2B_2
Adamant sword,100,https://runescape.wiki/w/Exchange:Adamant_sword
Adamant sword + 1,100,https://runescape.wiki/w/Exchange:Adamant_sword_%2B_1
Adamant sword + 2,100,https://runescape.wiki/w/Exchange:Adamant_sword_%2B_2
Adamant throwing axe,1000,https://runescape.wiki/w/Exchange:Adamant_throwing_axe
Adamant warhammer,100,https://runescape.wiki/w/Exchange:Adamant_warhammer
Adamant warhammer + 1,100,https://runescape.wiki/w/Exchange:Adamant_warhammer_%2B_1
Adamant warhammer + 2,100,https://runescape.wiki/w/Exchange:Adamant_warhammer_%2B_2
Adamantite ore,25000,https://runescape.wiki/w/Exchange:Adamantite_ore
Adamantite stone spirit,25000,https://runescape.wiki/w/Exchange:Adamantite_stone_spirit
Admiral pie,1000,https://runescape.wiki/w/Exchange:Admiral_pie
Adrenaline crystal,500,https://runescape.wiki/w/Exchange:Adrenaline_crystal
Aerated sediment,5000,https://runescape.wiki/w/Exchange:Aerated_sediment
Aetherium alloy,5000,https://runescape.wiki/w/Exchange:Aetherium_alloy
Aggression flask (1),1000,https://runescape.wiki/w/Exchange:Aggression_flask_(1)
Aggression flask (2),1000,https://runescape.wiki/w/Exchange:Aggression_flask_(2)
Aggression flask (3),1000,https://runescape.wiki/w/Exchange:Aggression_flask_(3)
Aggression flask (4),1000,https://runescape.wiki/w/Exchange:Aggression_flask_(4)
Aggression flask (5),1000,https://runescape.wiki/w/Exchange:Aggression_flask_(5)
Aggression flask (6),1000,https://runescape.wiki/w/Exchange:Aggression_flask_(6)
Aggression potion (1),1000,https://runescape.wiki/w/Exchange:Aggression_potion_(1)
Aggression potion (2),1000,https://runescape.wiki/w/Exchange:Aggression_potion_(2)
Aggression potion (3),1000,https://runescape.wiki/w/Exchange:Aggression_potion_(3)
Aggression potion (4),1000,https://runescape.wiki/w/Exchange:Aggression_potion_(4)
Agility flask (6),1000,https://runescape.wiki/w/Exchange:Agility_flask_(6)
Agility mix (1),1000,https://runescape.wiki/w/Exchange:Agility_mix_(1)
Agility mix (2),1000,https://runescape.wiki/w/Exchange:Agility_mix_(2)
Agility potion (1),1000,https://runescape.wiki/w/Exchange:Agility_potion_(1)
Agility potion (2),1000,https://runescape.wiki/w/Exchange:Agility_potion_(2)
Agility potion (3),1000,https://runescape.wiki/w/Exchange:Agility_potion_(3)
Agility potion (4),1000,https://runescape.wiki/w/Exchange:Agility_potion_(4)
Ahrim's book of magic,5,https://runescape.wiki/w/Exchange:Ahrim%27s_book_of_magic
Ahrim's book of magic (broken),5,https://runescape.wiki/w/Exchange:Ahrim%27s_book_of_magic_(broken)
Ahrim's hood,10,https://runescape.wiki/w/Exchange:Ahrim%27s_hood
Ahrim's hood (broken),10,https://runescape.wiki/w/Exchange:Ahrim%27s_hood_(broken)
Ahrim's robe skirt,10,https://runescape.wiki/w/Exchange:Ahrim%27s_robe_skirt
Ahrim's robe skirt (broken),10,https://runescape.wiki/w/Exchange:Ahrim%27s_robe_skirt_(broken)
Ahrim's robe top,10,https://runescape.wiki/w/Exchange:Ahrim%27s_robe_top
Ahrim's robe top (broken),10,https://runescape.wiki/w/Exchange:Ahrim%27s_robe_top_(broken)
Ahrim's staff,10,https://runescape.wiki/w/Exchange:Ahrim%27s_staff
Ahrim's staff (broken),10,https://runescape.wiki/w/Exchange:Ahrim%27s_staff_(broken)
Ahrim's wand,100,https://runescape.wiki/w/Exchange:Ahrim%27s_wand
Ahrim's wand (broken),100,https://runescape.wiki/w/Exchange:Ahrim%27s_wand_(broken)
Air battlestaff,1000,https://runescape.wiki/w/Exchange:Air_battlestaff
Air orb,5000,https://runescape.wiki/w/Exchange:Air_orb
Air rune,25000,https://runescape.wiki/w/Exchange:Air_rune
Air talisman,5000,https://runescape.wiki/w/Exchange:Air_talisman
Air tiara,100,https://runescape.wiki/w/Exchange:Air_tiara
Airtight pot,100,https://runescape.wiki/w/Exchange:Airtight_pot
Airut bones,10000,https://runescape.wiki/w/Exchange:Airut_bones
Akateko orokami mask,100,https://runescape.wiki/w/Exchange:Akateko_orokami_mask
Akkorokamui orokami mask,100,https://runescape.wiki/w/Exchange:Akkorokamui_orokami_mask
Akrisae's hood,10,https://runescape.wiki/w/Exchange:Akrisae%27s_hood
Akrisae's hood (broken),10,https://runescape.wiki/w/Exchange:Akrisae%27s_hood_(broken)
Akrisae's robe skirt,10,https://runescape.wiki/w/Exchange:Akrisae%27s_robe_skirt
Akrisae's robe skirt (broken),10,https://runescape.wiki/w/Exchange:Akrisae%27s_robe_skirt_(broken)
Akrisae's robe top,10,https://runescape.wiki/w/Exchange:Akrisae%27s_robe_top
Akrisae's robe top (broken),10,https://runescape.wiki/w/Exchange:Akrisae%27s_robe_top_(broken)
Akrisae's war mace,10,https://runescape.wiki/w/Exchange:Akrisae%27s_war_mace
Akrisae's war mace (broken),10,https://runescape.wiki/w/Exchange:Akrisae%27s_war_mace_(broken)
Albino Rat scroll (Cheese Feast),5000,https://runescape.wiki/w/Exchange:Albino_Rat_scroll_(Cheese_Feast)
Albino rat pouch,5000,https://runescape.wiki/w/Exchange:Albino_rat_pouch
Alchemical hydrix,10,https://runescape.wiki/w/Exchange:Alchemical_hydrix
Alchemical hydrix brooch,2,https://runescape.wiki/w/Exchange:Alchemical_hydrix_brooch
Alchemical hydrix dust,100,https://runescape.wiki/w/Exchange:Alchemical_hydrix_dust
Alchemical onyx,100,https://runescape.wiki/w/Exchange:Alchemical_onyx
Alchemical onyx necklace,2,https://runescape.wiki/w/Exchange:Alchemical_onyx_necklace
Alchemical onyx ring,100,https://runescape.wiki/w/Exchange:Alchemical_onyx_ring
Alchemist's key,1000,https://runescape.wiki/w/Exchange:Alchemist%27s_key
Ale yeast,100,https://runescape.wiki/w/Exchange:Ale_yeast
Algarum thread,10,https://runescape.wiki/w/Exchange:Algarum_thread
Alteration necklace,100,https://runescape.wiki/w/Exchange:Alteration_necklace
Am-hej,4,https://runescape.wiki/w/Exchange:Am-hej
Am-zi,2,https://runescape.wiki/w/Exchange:Am-zi
Amascut Translocate token,2,https://runescape.wiki/w/Exchange:Amascut_Translocate_token
Amascut chapel token,2,https://runescape.wiki/w/Exchange:Amascut_chapel_token
Ammonite Necklace token,2,https://runescape.wiki/w/Exchange:Ammonite_Necklace_token
Amphibious jadinko (unchecked),100,https://runescape.wiki/w/Exchange:Amphibious_jadinko_(unchecked)
Amulet mould,100,https://runescape.wiki/w/Exchange:Amulet_mould
Amulet of accuracy,100,https://runescape.wiki/w/Exchange:Amulet_of_accuracy
Amulet of bountiful harvest (new),5000,https://runescape.wiki/w/Exchange:Amulet_of_bountiful_harvest_(new)
Amulet of defence,5000,https://runescape.wiki/w/Exchange:Amulet_of_defence
Amulet of farming (1),100,https://runescape.wiki/w/Exchange:Amulet_of_farming_(1)
Amulet of farming (8),100,https://runescape.wiki/w/Exchange:Amulet_of_farming_(8)
Amulet of fury,100,https://runescape.wiki/w/Exchange:Amulet_of_fury
Amulet of fury (t),100,https://runescape.wiki/w/Exchange:Amulet_of_fury_(t)
Amulet of glory,100,https://runescape.wiki/w/Exchange:Amulet_of_glory
Amulet of glory (4),100,https://runescape.wiki/w/Exchange:Amulet_of_glory_(4)
Amulet of glory (t),2,https://runescape.wiki/w/Exchange:Amulet_of_glory_(t)
Amulet of glory (t4),2,https://runescape.wiki/w/Exchange:Amulet_of_glory_(t4)
Amulet of magic,5000,https://runescape.wiki/w/Exchange:Amulet_of_magic
Amulet of magic (t),2,https://runescape.wiki/w/Exchange:Amulet_of_magic_(t)
Amulet of power,5000,https://runescape.wiki/w/Exchange:Amulet_of_power
Amulet of ranging,10,https://runescape.wiki/w/Exchange:Amulet_of_ranging
Amulet of souls,100,https://runescape.wiki/w/Exchange:Amulet_of_souls
Amulet of strength,5000,https://runescape.wiki/w/Exchange:Amulet_of_strength
Amulet of the expert (new),500,https://runescape.wiki/w/Exchange:Amulet_of_the_expert_(new)
Amulet of the forsaken,4,https://runescape.wiki/w/Exchange:Amulet_of_the_forsaken
Anchovies,10000,https://runescape.wiki/w/Exchange:Anchovies
Anchovy oil,100,https://runescape.wiki/w/Exchange:Anchovy_oil
Anchovy paste,100,https://runescape.wiki/w/Exchange:Anchovy_paste
Anchovy pizza,1000,https://runescape.wiki/w/Exchange:Anchovy_pizza
Ancient ceremonial boots,2,https://runescape.wiki/w/Exchange:Ancient_ceremonial_boots
Ancient ceremonial gloves,2,https://runescape.wiki/w/Exchange:Ancient_ceremonial_gloves
Ancient ceremonial legs,2,https://runescape.wiki/w/Exchange:Ancient_ceremonial_legs
Ancient ceremonial mask,2,https://runescape.wiki/w/Exchange:Ancient_ceremonial_mask
Ancient ceremonial robes set,2,https://runescape.wiki/w/Exchange:Ancient_ceremonial_robes_set
Ancient ceremonial top,2,https://runescape.wiki/w/Exchange:Ancient_ceremonial_top
Ancient cloak,2,https://runescape.wiki/w/Exchange:Ancient_cloak
Ancient crozier,2,https://runescape.wiki/w/Exchange:Ancient_crozier
Ancient elven ritual shard,10,https://runescape.wiki/w/Exchange:Ancient_elven_ritual_shard
Ancient gravel,5000,https://runescape.wiki/w/Exchange:Ancient_gravel
Ancient hilt,10,https://runescape.wiki/w/Exchange:Ancient_hilt
Ancient mace,100,https://runescape.wiki/w/Exchange:Ancient_mace
Ancient mitre,2,https://runescape.wiki/w/Exchange:Ancient_mitre
Ancient page 1,10,https://runescape.wiki/w/Exchange:Ancient_page_1
Ancient page 2,10,https://runescape.wiki/w/Exchange:Ancient_page_2
Ancient page 3,10,https://runescape.wiki/w/Exchange:Ancient_page_3
Ancient page 4,10,https://runescape.wiki/w/Exchange:Ancient_page_4
Ancient robe legs,2,https://runescape.wiki/w/Exchange:Ancient_robe_legs
Ancient robe top,2,https://runescape.wiki/w/Exchange:Ancient_robe_top
Ancient scale,1000,https://runescape.wiki/w/Exchange:Ancient_scale
Ancient staff,100,https://runescape.wiki/w/Exchange:Ancient_staff
Ancient stole,2,https://runescape.wiki/w/Exchange:Ancient_stole
Ancient vis,5000,https://runescape.wiki/w/Exchange:Ancient_vis
Ancient warriors' equipment patch,4,https://runescape.wiki/w/Exchange:Ancient_warriors%27_equipment_patch
Anima core body of Seren,2,https://runescape.wiki/w/Exchange:Anima_core_body_of_Seren
Anima core body of Sliske,2,https://runescape.wiki/w/Exchange:Anima_core_body_of_Sliske
Anima core body of Zamorak,2,https://runescape.wiki/w/Exchange:Anima_core_body_of_Zamorak
Anima core body of Zaros,2,https://runescape.wiki/w/Exchange:Anima_core_body_of_Zaros
Anima core helm of Seren,2,https://runescape.wiki/w/Exchange:Anima_core_helm_of_Seren
Anima core helm of Sliske,2,https://runescape.wiki/w/Exchange:Anima_core_helm_of_Sliske
Anima core helm of Zamorak,2,https://runescape.wiki/w/Exchange:Anima_core_helm_of_Zamorak
Anima core helm of Zaros,2,https://runescape.wiki/w/Exchange:Anima_core_helm_of_Zaros
Anima core legs of Seren,2,https://runescape.wiki/w/Exchange:Anima_core_legs_of_Seren
Anima core legs of Sliske,2,https://runescape.wiki/w/Exchange:Anima_core_legs_of_Sliske
Anima core legs of Zamorak,2,https://runescape.wiki/w/Exchange:Anima_core_legs_of_Zamorak
Anima core legs of Zaros,2,https://runescape.wiki/w/Exchange:Anima_core_legs_of_Zaros
Animal furs,5000,https://runescape.wiki/w/Exchange:Animal_furs
Annakarl teleport (item),1000,https://runescape.wiki/w/Exchange:Annakarl_teleport_(item)
Annihilation,2,https://runescape.wiki/w/Exchange:Annihilation
Anti-dragon shield,100,https://runescape.wiki/w/Exchange:Anti-dragon_shield
Antifire (1),1000,https://runescape.wiki/w/Exchange:Antifire_(1)
Antifire (2),1000,https://runescape.wiki/w/Exchange:Antifire_(2)
Antifire (3),1000,https://runescape.wiki/w/Exchange:Antifire_(3)
Antifire (4),1000,https://runescape.wiki/w/Exchange:Antifire_(4)
Antifire flask (6),1000,https://runescape.wiki/w/Exchange:Antifire_flask_(6)
Antifire mix (1),1000,https://runescape.wiki/w/Exchange:Antifire_mix_(1)
Antifire mix (2),1000,https://runescape.wiki/w/Exchange:Antifire_mix_(2)
Antipoison (1),1000,https://runescape.wiki/w/Exchange:Antipoison_(1)
Antipoison (2),1000,https://runescape.wiki/w/Exchange:Antipoison_(2)
Antipoison (3),1000,https://runescape.wiki/w/Exchange:Antipoison_(3)
Antipoison (4),1000,https://runescape.wiki/w/Exchange:Antipoison_(4)
Antipoison flask (6),1000,https://runescape.wiki/w/Exchange:Antipoison_flask_(6)
Antipoison mix (1),1000,https://runescape.wiki/w/Exchange:Antipoison_mix_(1)
Antipoison mix (2),1000,https://runescape.wiki/w/Exchange:Antipoison_mix_(2)
Antipoison+ (1),1000,https://runescape.wiki/w/Exchange:Antipoison%2B_(1)
Antipoison+ (2),1000,https://runescape.wiki/w/Exchange:Antipoison%2B_(2)
Antipoison+ (3),1000,https://runescape.wiki/w/Exchange:Antipoison%2B_(3)
Antipoison+ (4),1000,https://runescape.wiki/w/Exchange:Antipoison%2B_(4)
Antipoison+ flask (6),1000,https://runescape.wiki/w/Exchange:Antipoison%2B_flask_(6)
Antipoison+ mix (1),1000,https://runescape.wiki/w/Exchange:Antipoison%2B_mix_(1)
Antipoison+ mix (2),1000,https://runescape.wiki/w/Exchange:Antipoison%2B_mix_(2)
Antipoison++ (1),1000,https://runescape.wiki/w/Exchange:Antipoison%2B%2B_(1)
Antipoison++ (2),1000,https://runescape.wiki/w/Exchange:Antipoison%2B%2B_(2)
Antipoison++ (3),1000,https://runescape.wiki/w/Exchange:Antipoison%2B%2B_(3)
Antipoison++ (4),1000,https://runescape.wiki/w/Exchange:Antipoison%2B%2B_(4)
Antipoison++ flask (6),1000,https://runescape.wiki/w/Exchange:Antipoison%2B%2B_flask_(6)
Antisanguine (1),1000,https://runescape.wiki/w/Exchange:Antisanguine_(1)
Antisanguine (2),1000,https://runescape.wiki/w/Exchange:Antisanguine_(2)
Antisanguine (3),1000,https://runescape.wiki/w/Exchange:Antisanguine_(3)
Antisanguine (4),1000,https://runescape.wiki/w/Exchange:Antisanguine_(4)
Antisanguine flask (6),1000,https://runescape.wiki/w/Exchange:Antisanguine_flask_(6)
Antlers,100,https://runescape.wiki/w/Exchange:Antlers
Apex hide,10000,https://runescape.wiki/w/Exchange:Apex_hide
Apex hide armour set,100,https://runescape.wiki/w/Exchange:Apex_hide_armour_set
Apex hide armour set + 1,100,https://runescape.wiki/w/Exchange:Apex_hide_armour_set_%2B_1
Apex hide armour set + 2,100,https://runescape.wiki/w/Exchange:Apex_hide_armour_set_%2B_2
Apex hide armour set + 3,100,https://runescape.wiki/w/Exchange:Apex_hide_armour_set_%2B_3
Apex hide armour set + 4,100,https://runescape.wiki/w/Exchange:Apex_hide_armour_set_%2B_4
Apex hide armour set + 5,100,https://runescape.wiki/w/Exchange:Apex_hide_armour_set_%2B_5
Apex hide body,100,https://runescape.wiki/w/Exchange:Apex_hide_body
Apex hide body + 1,100,https://runescape.wiki/w/Exchange:Apex_hide_body_%2B_1
Apex hide body + 2,100,https://runescape.wiki/w/Exchange:Apex_hide_body_%2B_2
Apex hide body + 3,100,https://runescape.wiki/w/Exchange:Apex_hide_body_%2B_3
Apex hide body + 4,100,https://runescape.wiki/w/Exchange:Apex_hide_body_%2B_4
Apex hide body + 5,100,https://runescape.wiki/w/Exchange:Apex_hide_body_%2B_5
Apex hide boots,100,https://runescape.wiki/w/Exchange:Apex_hide_boots
Apex hide boots + 1,100,https://runescape.wiki/w/Exchange:Apex_hide_boots_%2B_1
Apex hide boots + 2,100,https://runescape.wiki/w/Exchange:Apex_hide_boots_%2B_2
Apex hide boots + 3,100,https://runescape.wiki/w/Exchange:Apex_hide_boots_%2B_3
Apex hide boots + 4,100,https://runescape.wiki/w/Exchange:Apex_hide_boots_%2B_4
Apex hide boots + 5,100,https://runescape.wiki/w/Exchange:Apex_hide_boots_%2B_5
Apex hide chaps,100,https://runescape.wiki/w/Exchange:Apex_hide_chaps
Apex hide chaps + 1,100,https://runescape.wiki/w/Exchange:Apex_hide_chaps_%2B_1
Apex hide chaps + 2,100,https://runescape.wiki/w/Exchange:Apex_hide_chaps_%2B_2
Apex hide chaps + 3,100,https://runescape.wiki/w/Exchange:Apex_hide_chaps_%2B_3
Apex hide chaps + 4,100,https://runescape.wiki/w/Exchange:Apex_hide_chaps_%2B_4
Apex hide chaps + 5,100,https://runescape.wiki/w/Exchange:Apex_hide_chaps_%2B_5
Apex hide cowl,100,https://runescape.wiki/w/Exchange:Apex_hide_cowl
Apex hide cowl + 1,100,https://runescape.wiki/w/Exchange:Apex_hide_cowl_%2B_1
Apex hide cowl + 2,100,https://runescape.wiki/w/Exchange:Apex_hide_cowl_%2B_2
Apex hide cowl + 3,100,https://runescape.wiki/w/Exchange:Apex_hide_cowl_%2B_3
Apex hide cowl + 4,100,https://runescape.wiki/w/Exchange:Apex_hide_cowl_%2B_4
Apex hide cowl + 5,100,https://runescape.wiki/w/Exchange:Apex_hide_cowl_%2B_5
Apex hide vambraces,100,https://runescape.wiki/w/Exchange:Apex_hide_vambraces
Apex hide vambraces + 1,100,https://runescape.wiki/w/Exchange:Apex_hide_vambraces_%2B_1
Apex hide vambraces + 2,100,https://runescape.wiki/w/Exchange:Apex_hide_vambraces_%2B_2
Apex hide vambraces + 3,100,https://runescape.wiki/w/Exchange:Apex_hide_vambraces_%2B_3
Apex hide vambraces + 4,100,https://runescape.wiki/w/Exchange:Apex_hide_vambraces_%2B_4
Apex hide vambraces + 5,100,https://runescape.wiki/w/Exchange:Apex_hide_vambraces_%2B_5
Apex leather,10000,https://runescape.wiki/w/Exchange:Apex_leather
Apex sinew,1000,https://runescape.wiki/w/Exchange:Apex_sinew
Apple mush,100,https://runescape.wiki/w/Exchange:Apple_mush
Apple parasol,2,https://runescape.wiki/w/Exchange:Apple_parasol
Apple pie,1000,https://runescape.wiki/w/Exchange:Apple_pie
Apple tree seed,100,https://runescape.wiki/w/Exchange:Apple_tree_seed
Apples (5),1000,https://runescape.wiki/w/Exchange:Apples_(5)
Apprentice wand,10,https://runescape.wiki/w/Exchange:Apprentice_wand
Aquatic jadinko (unchecked),100,https://runescape.wiki/w/Exchange:Aquatic_jadinko_(unchecked)
Araxyte arrow,10000,https://runescape.wiki/w/Exchange:Araxyte_arrow
Araxyte pheromone,10,https://runescape.wiki/w/Exchange:Araxyte_pheromone
Arbuck potion (unfinished),10000,https://runescape.wiki/w/Exchange:Arbuck_potion_(unfinished)
Arbuck seed,1000,https://runescape.wiki/w/Exchange:Arbuck_seed
Arcane apoterrasaur (unchecked),100,https://runescape.wiki/w/Exchange:Arcane_apoterrasaur_(unchecked)
Arcane apoterrasaur iratum (unchecked),100,https://runescape.wiki/w/Exchange:Arcane_apoterrasaur_iratum_(unchecked)
Arcane apoterrasaur meat,1000,https://runescape.wiki/w/Exchange:Arcane_apoterrasaur_meat
Arcane apoterrasaur natura (unchecked),100,https://runescape.wiki/w/Exchange:Arcane_apoterrasaur_natura_(unchecked)
Arcane apprentice umbrella token,2,https://runescape.wiki/w/Exchange:Arcane_apprentice_umbrella_token
Arcane sigil,1,https://runescape.wiki/w/Exchange:Arcane_sigil
Arcane sigil shard,120,https://runescape.wiki/w/Exchange:Arcane_sigil_shard
Arcane spirit shield,1,https://runescape.wiki/w/Exchange:Arcane_spirit_shield
Archaeology flask (6),100,https://runescape.wiki/w/Exchange:Archaeology_flask_(6)
Archaeology potion (1),1000,https://runescape.wiki/w/Exchange:Archaeology_potion_(1)
Archaeology potion (2),1000,https://runescape.wiki/w/Exchange:Archaeology_potion_(2)
Archaeology potion (3),1000,https://runescape.wiki/w/Exchange:Archaeology_potion_(3)
Archaeology potion (4),1000,https://runescape.wiki/w/Exchange:Archaeology_potion_(4)
Archaeology potion recipe,100,https://runescape.wiki/w/Exchange:Archaeology_potion_recipe
Archaeology teleport,2000,https://runescape.wiki/w/Exchange:Archaeology_teleport
Archer helm,100,https://runescape.wiki/w/Exchange:Archer_helm
Archers' ring,10,https://runescape.wiki/w/Exchange:Archers%27_ring
Archers' ring shard,1200,https://runescape.wiki/w/Exchange:Archers%27_ring_shard
Archery ticket,5000,https://runescape.wiki/w/Exchange:Archery_ticket
Archie Bunny appearance token,2,https://runescape.wiki/w/Exchange:Archie_Bunny_appearance_token
Arcspore zygomite (unchecked),100,https://runescape.wiki/w/Exchange:Arcspore_zygomite_(unchecked)
Arctic Bear scroll (Arctic Blast),5000,https://runescape.wiki/w/Exchange:Arctic_Bear_scroll_(Arctic_Blast)
Arctic bear pouch,5000,https://runescape.wiki/w/Exchange:Arctic_bear_pouch
Arctic pine logs,5000,https://runescape.wiki/w/Exchange:Arctic_pine_logs
Arctic pyre logs,1000,https://runescape.wiki/w/Exchange:Arctic_pyre_logs
Ardougne teleport (item),1000,https://runescape.wiki/w/Exchange:Ardougne_teleport_(item)
Argonite ore,25000,https://runescape.wiki/w/Exchange:Argonite_ore
Argway potion (unfinished),1000,https://runescape.wiki/w/Exchange:Argway_potion_(unfinished)
Armadyl armour set,2,https://runescape.wiki/w/Exchange:Armadyl_armour_set
Armadyl battlestaff,10,https://runescape.wiki/w/Exchange:Armadyl_battlestaff
Armadyl boots,1,https://runescape.wiki/w/Exchange:Armadyl_boots
Armadyl buckler,1,https://runescape.wiki/w/Exchange:Armadyl_buckler
Armadyl buckler shard,120,https://runescape.wiki/w/Exchange:Armadyl_buckler_shard
Armadyl chainskirt,1,https://runescape.wiki/w/Exchange:Armadyl_chainskirt
Armadyl chainskirt shard,120,https://runescape.wiki/w/Exchange:Armadyl_chainskirt_shard
Armadyl chestplate,1,https://runescape.wiki/w/Exchange:Armadyl_chestplate
Armadyl chestplate shard,120,https://runescape.wiki/w/Exchange:Armadyl_chestplate_shard
Armadyl cloak,2,https://runescape.wiki/w/Exchange:Armadyl_cloak
Armadyl crossbow,1,https://runescape.wiki/w/Exchange:Armadyl_crossbow
Armadyl crossbow shard,120,https://runescape.wiki/w/Exchange:Armadyl_crossbow_shard
Armadyl crozier,2,https://runescape.wiki/w/Exchange:Armadyl_crozier
Armadyl gloves,1,https://runescape.wiki/w/Exchange:Armadyl_gloves
Armadyl godsword,10,https://runescape.wiki/w/Exchange:Armadyl_godsword
Armadyl helmet,1,https://runescape.wiki/w/Exchange:Armadyl_helmet
Armadyl helmet shard,120,https://runescape.wiki/w/Exchange:Armadyl_helmet_shard
Armadyl hilt,10,https://runescape.wiki/w/Exchange:Armadyl_hilt
Armadyl hilt shard,1200,https://runescape.wiki/w/Exchange:Armadyl_hilt_shard
Armadyl mitre,2,https://runescape.wiki/w/Exchange:Armadyl_mitre
Armadyl page 1,10,https://runescape.wiki/w/Exchange:Armadyl_page_1
Armadyl page 2,10,https://runescape.wiki/w/Exchange:Armadyl_page_2
Armadyl page 3,10,https://runescape.wiki/w/Exchange:Armadyl_page_3
Armadyl page 4,10,https://runescape.wiki/w/Exchange:Armadyl_page_4
Armadyl robe legs,2,https://runescape.wiki/w/Exchange:Armadyl_robe_legs
Armadyl robe top,2,https://runescape.wiki/w/Exchange:Armadyl_robe_top
Armadyl rune,25000,https://runescape.wiki/w/Exchange:Armadyl_rune
Armadyl stole,2,https://runescape.wiki/w/Exchange:Armadyl_stole
Armadylean yellow,5000,https://runescape.wiki/w/Exchange:Armadylean_yellow
Armour spikes,10000,https://runescape.wiki/w/Exchange:Armour_spikes
Armour spikes (alloy),10000,https://runescape.wiki/w/Exchange:Armour_spikes_(alloy)
Arrow shaft,100000,https://runescape.wiki/w/Exchange:Arrow_shaft
Arrowstorm drape,10,https://runescape.wiki/w/Exchange:Arrowstorm_drape
Arthur companion pet token,2,https://runescape.wiki/w/Exchange:Arthur_companion_pet_token
Artisanal gears,10000,https://runescape.wiki/w/Exchange:Artisanal_gears
Ascended essence,100,https://runescape.wiki/w/Exchange:Ascended_essence
Ascendri bolts,10000,https://runescape.wiki/w/Exchange:Ascendri_bolts
Ascendri bolts (e),10000,https://runescape.wiki/w/Exchange:Ascendri_bolts_(e)
Ascension Keystone,500,https://runescape.wiki/w/Exchange:Ascension_Keystone
Ascension bolts,10000,https://runescape.wiki/w/Exchange:Ascension_bolts
Ascension crossbow,2,https://runescape.wiki/w/Exchange:Ascension_crossbow
Ascension grips,10,https://runescape.wiki/w/Exchange:Ascension_grips
Ascension shard,10000,https://runescape.wiki/w/Exchange:Ascension_shard
Asciatops (unchecked),100,https://runescape.wiki/w/Exchange:Asciatops_(unchecked)
Asciatops acta (unchecked),100,https://runescape.wiki/w/Exchange:Asciatops_acta_(unchecked)
Asciatops aurum (unchecked),100,https://runescape.wiki/w/Exchange:Asciatops_aurum_(unchecked)
Asciatops meat,1000,https://runescape.wiki/w/Exchange:Asciatops_meat
Asgarnian ale,100,https://runescape.wiki/w/Exchange:Asgarnian_ale
Asgarnian ale (1),100,https://runescape.wiki/w/Exchange:Asgarnian_ale_(1)
Asgarnian ale (2),100,https://runescape.wiki/w/Exchange:Asgarnian_ale_(2)
Asgarnian ale (3),100,https://runescape.wiki/w/Exchange:Asgarnian_ale_(3)
Asgarnian ale (4),100,https://runescape.wiki/w/Exchange:Asgarnian_ale_(4)
Asgarnian ale (barrel) (flatpack),100,https://runescape.wiki/w/Exchange:Asgarnian_ale_(barrel)_(flatpack)
Asgarnian ale (m),100,https://runescape.wiki/w/Exchange:Asgarnian_ale_(m)
Asgarnian ale (m1),100,https://runescape.wiki/w/Exchange:Asgarnian_ale_(m1)
Asgarnian ale (m2),100,https://runescape.wiki/w/Exchange:Asgarnian_ale_(m2)
Asgarnian ale (m3),100,https://runescape.wiki/w/Exchange:Asgarnian_ale_(m3)
Asgarnian ale (m4),100,https://runescape.wiki/w/Exchange:Asgarnian_ale_(m4)
Asgarnian hops,1000,https://runescape.wiki/w/Exchange:Asgarnian_hops
Asgarnian seed,100,https://runescape.wiki/w/Exchange:Asgarnian_seed
Ashes,10000,https://runescape.wiki/w/Exchange:Ashes
Assassin walk override token,2,https://runescape.wiki/w/Exchange:Assassin_walk_override_token
Astral rune,25000,https://runescape.wiki/w/Exchange:Astral_rune
Astronomy book,100,https://runescape.wiki/w/Exchange:Astronomy_book
Asyn remains,1000,https://runescape.wiki/w/Exchange:Asyn_remains
Attack flask (6),1000,https://runescape.wiki/w/Exchange:Attack_flask_(6)
Attack mix (1),1000,https://runescape.wiki/w/Exchange:Attack_mix_(1)
Attack mix (2),1000,https://runescape.wiki/w/Exchange:Attack_mix_(2)
Attack potion (1),1000,https://runescape.wiki/w/Exchange:Attack_potion_(1)
Attack potion (2),1000,https://runescape.wiki/w/Exchange:Attack_potion_(2)
Attack potion (3),1000,https://runescape.wiki/w/Exchange:Attack_potion_(3)
Attack potion (4),1000,https://runescape.wiki/w/Exchange:Attack_potion_(4)
Augmentation dissolver,200,https://runescape.wiki/w/Exchange:Augmentation_dissolver
Augmentor,10,https://runescape.wiki/w/Exchange:Augmentor
Aurora Santa hat,2,https://runescape.wiki/w/Exchange:Aurora_Santa_hat
Aurora Trail aura override token,2,https://runescape.wiki/w/Exchange:Aurora_Trail_aura_override_token
Aurora dye,2,https://runescape.wiki/w/Exchange:Aurora_dye
Avantoe incense sticks,1000,https://runescape.wiki/w/Exchange:Avantoe_incense_sticks
Avantoe potion (unfinished),10000,https://runescape.wiki/w/Exchange:Avantoe_potion_(unfinished)
Avantoe seed,1000,https://runescape.wiki/w/Exchange:Avantoe_seed
Avocado,10000,https://runescape.wiki/w/Exchange:Avocado
Avocado seed,100,https://runescape.wiki/w/Exchange:Avocado_seed
Axeman's folly,100,https://runescape.wiki/w/Exchange:Axeman%27s_folly
Axeman's folly (1),100,https://runescape.wiki/w/Exchange:Axeman%27s_folly_(1)
Axeman's folly (2),100,https://runescape.wiki/w/Exchange:Axeman%27s_folly_(2)
Axeman's folly (3),100,https://runescape.wiki/w/Exchange:Axeman%27s_folly_(3)
Axeman's folly (4),100,https://runescape.wiki/w/Exchange:Axeman%27s_folly_(4)
Axeman's folly (m),100,https://runescape.wiki/w/Exchange:Axeman%27s_folly_(m)
Axeman's folly (m1),100,https://runescape.wiki/w/Exchange:Axeman%27s_folly_(m1)
Axeman's folly (m2),100,https://runescape.wiki/w/Exchange:Axeman%27s_folly_(m2)
Axeman's folly (m3),100,https://runescape.wiki/w/Exchange:Axeman%27s_folly_(m3)
Axeman's folly (m4),100,https://runescape.wiki/w/Exchange:Axeman%27s_folly_(m4)
Azure Berserk cosmetic ability scroll,2,https://runescape.wiki/w/Exchange:Azure_Berserk_cosmetic_ability_scroll
Azure Dragonbreath cosmetic ability scroll,2,https://runescape.wiki/w/Exchange:Azure_Dragonbreath_cosmetic_ability_scroll
Azure Hurricane cosmetic ability scroll,2,https://runescape.wiki/w/Exchange:Azure_Hurricane_cosmetic_ability_scroll
Azure Reprisal cosmetic ability scroll,2,https://runescape.wiki/w/Exchange:Azure_Reprisal_cosmetic_ability_scroll
Azure Sunshine cosmetic ability scroll,2,https://runescape.wiki/w/Exchange:Azure_Sunshine_cosmetic_ability_scroll
Azure Swiftness cosmetic ability scroll,2,https://runescape.wiki/w/Exchange:Azure_Swiftness_cosmetic_ability_scroll
Azure chinchompa (unchecked),100,https://runescape.wiki/w/Exchange:Azure_chinchompa_(unchecked)
Azure skillchompa,20000,https://runescape.wiki/w/Exchange:Azure_skillchompa
Azurite moth jar,5000,https://runescape.wiki/w/Exchange:Azurite_moth_jar
Baby Osseous pet Halloween appearance token,2,https://runescape.wiki/w/Exchange:Baby_Osseous_pet_Halloween_appearance_token
Baby Yaga's House Bunny appearance token,2,https://runescape.wiki/w/Exchange:Baby_Yaga%27s_House_Bunny_appearance_token
Baby dragon bones,10000,https://runescape.wiki/w/Exchange:Baby_dragon_bones
Baby impling jar,1000,https://runescape.wiki/w/Exchange:Baby_impling_jar
Backstab cape,5,https://runescape.wiki/w/Exchange:Backstab_cape
Bacon,100,https://runescape.wiki/w/Exchange:Bacon
Bacon cheesecake,1000,https://runescape.wiki/w/Exchange:Bacon_cheesecake
Bacon heap,100,https://runescape.wiki/w/Exchange:Bacon_heap
Bacon mound,100,https://runescape.wiki/w/Exchange:Bacon_mound
Bacon pile,100,https://runescape.wiki/w/Exchange:Bacon_pile
Bacon stack,100,https://runescape.wiki/w/Exchange:Bacon_stack
Bag of clues,2,https://runescape.wiki/w/Exchange:Bag_of_clues
Bag of salt,100,https://runescape.wiki/w/Exchange:Bag_of_salt
Bagged plant 1,5000,https://runescape.wiki/w/Exchange:Bagged_plant_1
Bagrada nemus (unchecked),100,https://runescape.wiki/w/Exchange:Bagrada_nemus_(unchecked)
Bagrada purpura (unchecked),100,https://runescape.wiki/w/Exchange:Bagrada_purpura_(unchecked)
Bagrada rex (unchecked),100,https://runescape.wiki/w/Exchange:Bagrada_rex_(unchecked)
Bagrada rex meat,1000,https://runescape.wiki/w/Exchange:Bagrada_rex_meat
Baguette,1000,https://runescape.wiki/w/Exchange:Baguette
Baked potato,1000,https://runescape.wiki/w/Exchange:Baked_potato
Bakriminel bolts,1000,https://runescape.wiki/w/Exchange:Bakriminel_bolts
Balarak's sash brush,2,https://runescape.wiki/w/Exchange:Balarak%27s_sash_brush
Balarak's sash brush base,2,https://runescape.wiki/w/Exchange:Balarak%27s_sash_brush_base
Balarak's sash brush handle,2,https://runescape.wiki/w/Exchange:Balarak%27s_sash_brush_handle
Balarak's sash brush head,2,https://runescape.wiki/w/Exchange:Balarak%27s_sash_brush_head
Ball of black wool,5000,https://runescape.wiki/w/Exchange:Ball_of_black_wool
Ball of wool,5000,https://runescape.wiki/w/Exchange:Ball_of_wool
Banana,1000,https://runescape.wiki/w/Exchange:Banana
Banana boat mount token,2,https://runescape.wiki/w/Exchange:Banana_boat_mount_token
Banana tree seed,100,https://runescape.wiki/w/Exchange:Banana_tree_seed
Bananas (5),1000,https://runescape.wiki/w/Exchange:Bananas_(5)
Bandit Camp Teleport,300,https://runescape.wiki/w/Exchange:Bandit_Camp_Teleport
Bandit's brew,100,https://runescape.wiki/w/Exchange:Bandit%27s_brew
Bandos armour set,2,https://runescape.wiki/w/Exchange:Bandos_armour_set
Bandos boots,1,https://runescape.wiki/w/Exchange:Bandos_boots
Bandos chestplate,1,https://runescape.wiki/w/Exchange:Bandos_chestplate
Bandos chestplate shard,120,https://runescape.wiki/w/Exchange:Bandos_chestplate_shard
Bandos cloak,2,https://runescape.wiki/w/Exchange:Bandos_cloak
Bandos crozier,2,https://runescape.wiki/w/Exchange:Bandos_crozier
Bandos gloves,1,https://runescape.wiki/w/Exchange:Bandos_gloves
Bandos godsword,10,https://runescape.wiki/w/Exchange:Bandos_godsword
Bandos helmet,1,https://runescape.wiki/w/Exchange:Bandos_helmet
Bandos helmet shard,120,https://runescape.wiki/w/Exchange:Bandos_helmet_shard
Bandos hilt,10,https://runescape.wiki/w/Exchange:Bandos_hilt
Bandos hilt shard,1200,https://runescape.wiki/w/Exchange:Bandos_hilt_shard
Bandos mitre,2,https://runescape.wiki/w/Exchange:Bandos_mitre
Bandos page 1,10,https://runescape.wiki/w/Exchange:Bandos_page_1
Bandos page 2,10,https://runescape.wiki/w/Exchange:Bandos_page_2
Bandos page 3,10,https://runescape.wiki/w/Exchange:Bandos_page_3
Bandos page 4,10,https://runescape.wiki/w/Exchange:Bandos_page_4
Bandos robe legs,2,https://runescape.wiki/w/Exchange:Bandos_robe_legs
Bandos robe top,2,https://runescape.wiki/w/Exchange:Bandos_robe_top
Bandos stole,2,https://runescape.wiki/w/Exchange:Bandos_stole
Bandos tassets,1,https://runescape.wiki/w/Exchange:Bandos_tassets
Bandos tassets shard,120,https://runescape.wiki/w/Exchange:Bandos_tassets_shard
Bandos warshield,1,https://runescape.wiki/w/Exchange:Bandos_warshield
Bandosian bantam hen (unchecked),100,https://runescape.wiki/w/Exchange:Bandosian_bantam_hen_(unchecked)
Bane 2h sword,100,https://runescape.wiki/w/Exchange:Bane_2h_sword
Bane 2h sword + 1,100,https://runescape.wiki/w/Exchange:Bane_2h_sword_%2B_1
Bane 2h sword + 2,100,https://runescape.wiki/w/Exchange:Bane_2h_sword_%2B_2
Bane 2h sword + 3,100,https://runescape.wiki/w/Exchange:Bane_2h_sword_%2B_3
Bane 2h sword + 4,100,https://runescape.wiki/w/Exchange:Bane_2h_sword_%2B_4
Bane armoured boots,100,https://runescape.wiki/w/Exchange:Bane_armoured_boots
Bane armoured boots + 1,100,https://runescape.wiki/w/Exchange:Bane_armoured_boots_%2B_1
Bane armoured boots + 2,100,https://runescape.wiki/w/Exchange:Bane_armoured_boots_%2B_2
Bane armoured boots + 3,100,https://runescape.wiki/w/Exchange:Bane_armoured_boots_%2B_3
Bane armoured boots + 4,100,https://runescape.wiki/w/Exchange:Bane_armoured_boots_%2B_4
Bane bar,10000,https://runescape.wiki/w/Exchange:Bane_bar
Bane full helm,100,https://runescape.wiki/w/Exchange:Bane_full_helm
Bane full helm + 1,100,https://runescape.wiki/w/Exchange:Bane_full_helm_%2B_1
Bane full helm + 2,100,https://runescape.wiki/w/Exchange:Bane_full_helm_%2B_2
Bane full helm + 3,100,https://runescape.wiki/w/Exchange:Bane_full_helm_%2B_3
Bane full helm + 4,100,https://runescape.wiki/w/Exchange:Bane_full_helm_%2B_4
Bane gauntlets,100,https://runescape.wiki/w/Exchange:Bane_gauntlets
Bane gauntlets + 1,100,https://runescape.wiki/w/Exchange:Bane_gauntlets_%2B_1
Bane gauntlets + 2,100,https://runescape.wiki/w/Exchange:Bane_gauntlets_%2B_2
Bane gauntlets + 3,100,https://runescape.wiki/w/Exchange:Bane_gauntlets_%2B_3
Bane gauntlets + 4,100,https://runescape.wiki/w/Exchange:Bane_gauntlets_%2B_4
Bane hatchet,1000,https://runescape.wiki/w/Exchange:Bane_hatchet
Bane longsword,100,https://runescape.wiki/w/Exchange:Bane_longsword
Bane longsword + 1,100,https://runescape.wiki/w/Exchange:Bane_longsword_%2B_1
Bane longsword + 2,100,https://runescape.wiki/w/Exchange:Bane_longsword_%2B_2
Bane longsword + 3,100,https://runescape.wiki/w/Exchange:Bane_longsword_%2B_3
Bane longsword + 4,100,https://runescape.wiki/w/Exchange:Bane_longsword_%2B_4
Bane mattock,100,https://runescape.wiki/w/Exchange:Bane_mattock
Bane off hand longsword,100,https://runescape.wiki/w/Exchange:Bane_off_hand_longsword
Bane off hand longsword + 1,100,https://runescape.wiki/w/Exchange:Bane_off_hand_longsword_%2B_1
Bane off hand longsword + 2,100,https://runescape.wiki/w/Exchange:Bane_off_hand_longsword_%2B_2
Bane off hand longsword + 3,100,https://runescape.wiki/w/Exchange:Bane_off_hand_longsword_%2B_3
Bane off hand longsword + 4,100,https://runescape.wiki/w/Exchange:Bane_off_hand_longsword_%2B_4
Bane ore box,100,https://runescape.wiki/w/Exchange:Bane_ore_box
Bane pickaxe,100,https://runescape.wiki/w/Exchange:Bane_pickaxe
Bane pickaxe + 1,100,https://runescape.wiki/w/Exchange:Bane_pickaxe_%2B_1
Bane pickaxe + 2,100,https://runescape.wiki/w/Exchange:Bane_pickaxe_%2B_2
Bane pickaxe + 3,100,https://runescape.wiki/w/Exchange:Bane_pickaxe_%2B_3
Bane pickaxe + 4,100,https://runescape.wiki/w/Exchange:Bane_pickaxe_%2B_4
Bane platebody,100,https://runescape.wiki/w/Exchange:Bane_platebody
Bane platebody + 1,100,https://runescape.wiki/w/Exchange:Bane_platebody_%2B_1
Bane platebody + 2,100,https://runescape.wiki/w/Exchange:Bane_platebody_%2B_2
Bane platebody + 3,100,https://runescape.wiki/w/Exchange:Bane_platebody_%2B_3
Bane platebody + 4,100,https://runescape.wiki/w/Exchange:Bane_platebody_%2B_4
Bane platelegs,100,https://runescape.wiki/w/Exchange:Bane_platelegs
Bane platelegs + 1,100,https://runescape.wiki/w/Exchange:Bane_platelegs_%2B_1
Bane platelegs + 2,100,https://runescape.wiki/w/Exchange:Bane_platelegs_%2B_2
Bane platelegs + 3,100,https://runescape.wiki/w/Exchange:Bane_platelegs_%2B_3
Bane platelegs + 4,100,https://runescape.wiki/w/Exchange:Bane_platelegs_%2B_4
Bane square shield,100,https://runescape.wiki/w/Exchange:Bane_square_shield
Bane square shield + 1,100,https://runescape.wiki/w/Exchange:Bane_square_shield_%2B_1
Bane square shield + 2,100,https://runescape.wiki/w/Exchange:Bane_square_shield_%2B_2
Bane square shield + 3,100,https://runescape.wiki/w/Exchange:Bane_square_shield_%2B_3
Bane square shield + 4,100,https://runescape.wiki/w/Exchange:Bane_square_shield_%2B_4
Banite armour set,100,https://runescape.wiki/w/Exchange:Banite_armour_set
Banite armour set + 1,100,https://runescape.wiki/w/Exchange:Banite_armour_set_%2B_1
Banite armour set + 2,100,https://runescape.wiki/w/Exchange:Banite_armour_set_%2B_2
Banite armour set + 3,100,https://runescape.wiki/w/Exchange:Banite_armour_set_%2B_3
Banite armour set + 4,100,https://runescape.wiki/w/Exchange:Banite_armour_set_%2B_4
Banite ore,25000,https://runescape.wiki/w/Exchange:Banite_ore
Banite stone spirit,25000,https://runescape.wiki/w/Exchange:Banite_stone_spirit
Barb bolttips,10000,https://runescape.wiki/w/Exchange:Barb_bolttips
Barb-tail harpoon,100,https://runescape.wiki/w/Exchange:Barb-tail_harpoon
Barbarian assault ticket - hard wave 10,10,https://runescape.wiki/w/Exchange:Barbarian_assault_ticket_-_hard_wave_10
Barbarian assault ticket - hard wave 2,10,https://runescape.wiki/w/Exchange:Barbarian_assault_ticket_-_hard_wave_2
Barbarian assault ticket - hard wave 3,10,https://runescape.wiki/w/Exchange:Barbarian_assault_ticket_-_hard_wave_3
Barbarian assault ticket - hard wave 4,10,https://runescape.wiki/w/Exchange:Barbarian_assault_ticket_-_hard_wave_4
Barbarian assault ticket - hard wave 5,10,https://runescape.wiki/w/Exchange:Barbarian_assault_ticket_-_hard_wave_5
Barbarian assault ticket - hard wave 6,10,https://runescape.wiki/w/Exchange:Barbarian_assault_ticket_-_hard_wave_6
Barbarian assault ticket - hard wave 7,10,https://runescape.wiki/w/Exchange:Barbarian_assault_ticket_-_hard_wave_7
Barbarian assault ticket - hard wave 8,10,https://runescape.wiki/w/Exchange:Barbarian_assault_ticket_-_hard_wave_8
Barbarian assault ticket - hard wave 9,10,https://runescape.wiki/w/Exchange:Barbarian_assault_ticket_-_hard_wave_9
Barbarian assault ticket - wave 10,10,https://runescape.wiki/w/Exchange:Barbarian_assault_ticket_-_wave_10
Barbarian assault ticket - wave 2,10,https://runescape.wiki/w/Exchange:Barbarian_assault_ticket_-_wave_2
Barbarian assault ticket - wave 3,10,https://runescape.wiki/w/Exchange:Barbarian_assault_ticket_-_wave_3
Barbarian assault ticket - wave 4,10,https://runescape.wiki/w/Exchange:Barbarian_assault_ticket_-_wave_4
Barbarian assault ticket - wave 5,10,https://runescape.wiki/w/Exchange:Barbarian_assault_ticket_-_wave_5
Barbarian assault ticket - wave 6,10,https://runescape.wiki/w/Exchange:Barbarian_assault_ticket_-_wave_6
Barbarian assault ticket - wave 7,10,https://runescape.wiki/w/Exchange:Barbarian_assault_ticket_-_wave_7
Barbarian assault ticket - wave 8,10,https://runescape.wiki/w/Exchange:Barbarian_assault_ticket_-_wave_8
Barbarian assault ticket - wave 9,10,https://runescape.wiki/w/Exchange:Barbarian_assault_ticket_-_wave_9
Barbarian teleport (item),1000,https://runescape.wiki/w/Exchange:Barbarian_teleport_(item)
Barbed bolts,10000,https://runescape.wiki/w/Exchange:Barbed_bolts
Barberry seed,1000,https://runescape.wiki/w/Exchange:Barberry_seed
Bark,100,https://runescape.wiki/w/Exchange:Bark
Barker Toad scroll (Toad Bark),5000,https://runescape.wiki/w/Exchange:Barker_Toad_scroll_(Toad_Bark)
Barker toad pouch,5000,https://runescape.wiki/w/Exchange:Barker_toad_pouch
Barley,1000,https://runescape.wiki/w/Exchange:Barley
Barley malt,1000,https://runescape.wiki/w/Exchange:Barley_malt
Barley seed,100,https://runescape.wiki/w/Exchange:Barley_seed
Barrel,100,https://runescape.wiki/w/Exchange:Barrel
Barrel of monkeys (The Beach),100,https://runescape.wiki/w/Exchange:Barrel_of_monkeys_(The_Beach)
Barrows - Ahrim's set,10,https://runescape.wiki/w/Exchange:Barrows_-_Ahrim%27s_set
Barrows - Akrisae's set,10,https://runescape.wiki/w/Exchange:Barrows_-_Akrisae%27s_set
Barrows - Dharok's set,10,https://runescape.wiki/w/Exchange:Barrows_-_Dharok%27s_set
Barrows - Guthan's set,10,https://runescape.wiki/w/Exchange:Barrows_-_Guthan%27s_set
Barrows - Karil's set,10,https://runescape.wiki/w/Exchange:Barrows_-_Karil%27s_set
Barrows - Linza's set,10,https://runescape.wiki/w/Exchange:Barrows_-_Linza%27s_set
Barrows - Torag's set,10,https://runescape.wiki/w/Exchange:Barrows_-_Torag%27s_set
Barrows - Verac's set,10,https://runescape.wiki/w/Exchange:Barrows_-_Verac%27s_set
Barrows amulet,100,https://runescape.wiki/w/Exchange:Barrows_amulet
Barrows dye,2,https://runescape.wiki/w/Exchange:Barrows_dye
Barrows totem,200,https://runescape.wiki/w/Exchange:Barrows_totem
Basilisk boots,100,https://runescape.wiki/w/Exchange:Basilisk_boots
Basket,1000,https://runescape.wiki/w/Exchange:Basket
Bass,10000,https://runescape.wiki/w/Exchange:Bass
Bat bones,10000,https://runescape.wiki/w/Exchange:Bat_bones
Bat mask,2,https://runescape.wiki/w/Exchange:Bat_mask
Bat staff,2,https://runescape.wiki/w/Exchange:Bat_staff
Bathus ore,25000,https://runescape.wiki/w/Exchange:Bathus_ore
Batnado Teleport token,2,https://runescape.wiki/w/Exchange:Batnado_Teleport_token
Battle hood 0,100,https://runescape.wiki/w/Exchange:Battle_hood_0
Battle robe bottom 0,100,https://runescape.wiki/w/Exchange:Battle_robe_bottom_0
Battle robe top 0,100,https://runescape.wiki/w/Exchange:Battle_robe_top_0
Battlestaff,1000,https://runescape.wiki/w/Exchange:Battlestaff
Batwing,10000,https://runescape.wiki/w/Exchange:Batwing
Batwing book,5,https://runescape.wiki/w/Exchange:Batwing_book
Batwing boots,100,https://runescape.wiki/w/Exchange:Batwing_boots
Batwing gloves,100,https://runescape.wiki/w/Exchange:Batwing_gloves
Batwing hood,100,https://runescape.wiki/w/Exchange:Batwing_hood
Batwing legs,100,https://runescape.wiki/w/Exchange:Batwing_legs
Batwing shield,100,https://runescape.wiki/w/Exchange:Batwing_shield
Batwing torso,100,https://runescape.wiki/w/Exchange:Batwing_torso
Batwing wand,100,https://runescape.wiki/w/Exchange:Batwing_wand
Beach Towel Outfit token,2,https://runescape.wiki/w/Exchange:Beach_Towel_Outfit_token
Beach apron token,2,https://runescape.wiki/w/Exchange:Beach_apron_token
Beach armour override token,2,https://runescape.wiki/w/Exchange:Beach_armour_override_token
Beach ball token,2,https://runescape.wiki/w/Exchange:Beach_ball_token
Beach dinosaur (unchecked),100,https://runescape.wiki/w/Exchange:Beach_dinosaur_(unchecked)
Beachball orb token,2,https://runescape.wiki/w/Exchange:Beachball_orb_token
Beak snot,1000,https://runescape.wiki/w/Exchange:Beak_snot
Bear fur,100,https://runescape.wiki/w/Exchange:Bear_fur
Beaver pouch,5000,https://runescape.wiki/w/Exchange:Beaver_pouch
Beaver scroll (Multichop),5000,https://runescape.wiki/w/Exchange:Beaver_scroll_(Multichop)
Beer,100,https://runescape.wiki/w/Exchange:Beer
Beer (tankard),100,https://runescape.wiki/w/Exchange:Beer_(tankard)
Beer barrel (flatpack),100,https://runescape.wiki/w/Exchange:Beer_barrel_(flatpack)
Beer glass,100,https://runescape.wiki/w/Exchange:Beer_glass
Beer goggles token,2,https://runescape.wiki/w/Exchange:Beer_goggles_token
Beetle bits,1000,https://runescape.wiki/w/Exchange:Beetle_bits
Beginner wand,10,https://runescape.wiki/w/Exchange:Beginner_wand
Beltfish,10000,https://runescape.wiki/w/Exchange:Beltfish
Bernie Bunny appearance token,2,https://runescape.wiki/w/Exchange:Bernie_Bunny_appearance_token
Berserker helm,100,https://runescape.wiki/w/Exchange:Berserker_helm
Berserker necklace,100,https://runescape.wiki/w/Exchange:Berserker_necklace
Berserker ring,10,https://runescape.wiki/w/Exchange:Berserker_ring
Berserker ring shard,1200,https://runescape.wiki/w/Exchange:Berserker_ring_shard
Big bones,10000,https://runescape.wiki/w/Exchange:Big_bones
Big fishing net,100,https://runescape.wiki/w/Exchange:Big_fishing_net
Bik arrow,10000,https://runescape.wiki/w/Exchange:Bik_arrow
Binding contract (abyssal demon),5000,https://runescape.wiki/w/Exchange:Binding_contract_(abyssal_demon)
Binding contract (blood reaver),5000,https://runescape.wiki/w/Exchange:Binding_contract_(blood_reaver)
Binding contract (gargoyle),5000,https://runescape.wiki/w/Exchange:Binding_contract_(gargoyle)
Binding contract (hellhound),5000,https://runescape.wiki/w/Exchange:Binding_contract_(hellhound)
Binding contract (kal'gerion demon),5000,https://runescape.wiki/w/Exchange:Binding_contract_(kal%27gerion_demon)
Binding contract (ripper demon),5000,https://runescape.wiki/w/Exchange:Binding_contract_(ripper_demon)
Binding contract (waterfiend),5000,https://runescape.wiki/w/Exchange:Binding_contract_(waterfiend)
Binding essence,100,https://runescape.wiki/w/Exchange:Binding_essence
Binding necklace,100,https://runescape.wiki/w/Exchange:Binding_necklace
Bird snare,100,https://runescape.wiki/w/Exchange:Bird_snare
Bird whistle,100,https://runescape.wiki/w/Exchange:Bird_whistle
Bird's nest (empty),10000,https://runescape.wiki/w/Exchange:Bird%27s_nest_(empty)
Birdhouse,10,https://runescape.wiki/w/Exchange:Birdhouse
Biscuit dough,1000,https://runescape.wiki/w/Exchange:Biscuit_dough
Biscuits,1000,https://runescape.wiki/w/Exchange:Biscuits
Bittercap mushroom,10000,https://runescape.wiki/w/Exchange:Bittercap_mushroom
Bittercap mushroom spore,100,https://runescape.wiki/w/Exchange:Bittercap_mushroom_spore
Black 2h crossbow,100,https://runescape.wiki/w/Exchange:Black_2h_crossbow
Black 2h sword,1000,https://runescape.wiki/w/Exchange:Black_2h_sword
Black Candy Cane Token,2,https://runescape.wiki/w/Exchange:Black_Candy_Cane_Token
Black Christmas scythe,2,https://runescape.wiki/w/Exchange:Black_Christmas_scythe
Black Giftwrapped Bow Token,2,https://runescape.wiki/w/Exchange:Black_Giftwrapped_Bow_Token
Black Giftwrapped Guard Token,2,https://runescape.wiki/w/Exchange:Black_Giftwrapped_Guard_Token
Black Giftwrapped Longsword Token,2,https://runescape.wiki/w/Exchange:Black_Giftwrapped_Longsword_Token
Black Giftwrapped Staff Token,2,https://runescape.wiki/w/Exchange:Black_Giftwrapped_Staff_Token
Black Santa hat,2,https://runescape.wiki/w/Exchange:Black_Santa_hat
Black armour set (lg),100,https://runescape.wiki/w/Exchange:Black_armour_set_(lg)
Black armour set (sk),2,https://runescape.wiki/w/Exchange:Black_armour_set_(sk)
Black battleaxe,1000,https://runescape.wiki/w/Exchange:Black_battleaxe
Black bead,100,https://runescape.wiki/w/Exchange:Black_bead
Black beret,2,https://runescape.wiki/w/Exchange:Black_beret
Black boater,2,https://runescape.wiki/w/Exchange:Black_boater
Black bolts,100,https://runescape.wiki/w/Exchange:Black_bolts
Black boots,1000,https://runescape.wiki/w/Exchange:Black_boots
Black brutal,1000,https://runescape.wiki/w/Exchange:Black_brutal
Black cane,2,https://runescape.wiki/w/Exchange:Black_cane
Black cavalier,2,https://runescape.wiki/w/Exchange:Black_cavalier
Black chainbody,1000,https://runescape.wiki/w/Exchange:Black_chainbody
Black chinchompa,20000,https://runescape.wiki/w/Exchange:Black_chinchompa
Black claw,1000,https://runescape.wiki/w/Exchange:Black_claw
Black crossbow,2,https://runescape.wiki/w/Exchange:Black_crossbow
Black dagger,1000,https://runescape.wiki/w/Exchange:Black_dagger
Black dart,1500,https://runescape.wiki/w/Exchange:Black_dart
Black dragon egg (unchecked),100,https://runescape.wiki/w/Exchange:Black_dragon_egg_(unchecked)
Black dragon leather,10000,https://runescape.wiki/w/Exchange:Black_dragon_leather
Black dragon mask,2,https://runescape.wiki/w/Exchange:Black_dragon_mask
Black dragonhide,10000,https://runescape.wiki/w/Exchange:Black_dragonhide
Black dragonhide body,5000,https://runescape.wiki/w/Exchange:Black_dragonhide_body
Black dragonhide boots,5000,https://runescape.wiki/w/Exchange:Black_dragonhide_boots
Black dragonhide chaps,5000,https://runescape.wiki/w/Exchange:Black_dragonhide_chaps
Black dragonhide coif,100,https://runescape.wiki/w/Exchange:Black_dragonhide_coif
Black dragonhide set,100,https://runescape.wiki/w/Exchange:Black_dragonhide_set
Black dragonhide shield,5000,https://runescape.wiki/w/Exchange:Black_dragonhide_shield
Black dragonhide vambraces,5000,https://runescape.wiki/w/Exchange:Black_dragonhide_vambraces
Black elegant legs,2,https://runescape.wiki/w/Exchange:Black_elegant_legs
Black elegant shirt,2,https://runescape.wiki/w/Exchange:Black_elegant_shirt
Black ewe (unchecked),100,https://runescape.wiki/w/Exchange:Black_ewe_(unchecked)
Black flowers,100,https://runescape.wiki/w/Exchange:Black_flowers
Black full helm,1000,https://runescape.wiki/w/Exchange:Black_full_helm
Black full helm (g),2,https://runescape.wiki/w/Exchange:Black_full_helm_(g)
Black full helm (t),2,https://runescape.wiki/w/Exchange:Black_full_helm_(t)
Black gauntlets,1000,https://runescape.wiki/w/Exchange:Black_gauntlets
Black halberd,1000,https://runescape.wiki/w/Exchange:Black_halberd
Black hatchet,1000,https://runescape.wiki/w/Exchange:Black_hatchet
Black headband,2,https://runescape.wiki/w/Exchange:Black_headband
Black helm,1000,https://runescape.wiki/w/Exchange:Black_helm
Black helm (h1),50,https://runescape.wiki/w/Exchange:Black_helm_(h1)
Black helm (h2),50,https://runescape.wiki/w/Exchange:Black_helm_(h2)
Black helm (h3),50,https://runescape.wiki/w/Exchange:Black_helm_(h3)
Black helm (h4),50,https://runescape.wiki/w/Exchange:Black_helm_(h4)
Black helm (h5),50,https://runescape.wiki/w/Exchange:Black_helm_(h5)
Black kiteshield,1000,https://runescape.wiki/w/Exchange:Black_kiteshield
Black kiteshield (g),2,https://runescape.wiki/w/Exchange:Black_kiteshield_(g)
Black kiteshield (t),2,https://runescape.wiki/w/Exchange:Black_kiteshield_(t)
Black knife,10000,https://runescape.wiki/w/Exchange:Black_knife
Black longsword,1000,https://runescape.wiki/w/Exchange:Black_longsword
Black mace,1000,https://runescape.wiki/w/Exchange:Black_mace
Black mask,10,https://runescape.wiki/w/Exchange:Black_mask
Black mask (10),10,https://runescape.wiki/w/Exchange:Black_mask_(10)
Black nails,10000,https://runescape.wiki/w/Exchange:Black_nails
Black partyhat,2,https://runescape.wiki/w/Exchange:Black_partyhat
Black platebody,1000,https://runescape.wiki/w/Exchange:Black_platebody
Black platebody (g),2,https://runescape.wiki/w/Exchange:Black_platebody_(g)
Black platebody (h1),50,https://runescape.wiki/w/Exchange:Black_platebody_(h1)
Black platebody (h2),50,https://runescape.wiki/w/Exchange:Black_platebody_(h2)
Black platebody (h3),50,https://runescape.wiki/w/Exchange:Black_platebody_(h3)
Black platebody (h4),50,https://runescape.wiki/w/Exchange:Black_platebody_(h4)
Black platebody (h5),50,https://runescape.wiki/w/Exchange:Black_platebody_(h5)
Black platebody (t),2,https://runescape.wiki/w/Exchange:Black_platebody_(t)
Black platelegs,1000,https://runescape.wiki/w/Exchange:Black_platelegs
Black platelegs (g),2,https://runescape.wiki/w/Exchange:Black_platelegs_(g)
Black platelegs (h1),50,https://runescape.wiki/w/Exchange:Black_platelegs_(h1)
Black platelegs (h2),50,https://runescape.wiki/w/Exchange:Black_platelegs_(h2)
Black platelegs (h3),50,https://runescape.wiki/w/Exchange:Black_platelegs_(h3)
Black platelegs (h4),50,https://runescape.wiki/w/Exchange:Black_platelegs_(h4)
Black platelegs (h5),50,https://runescape.wiki/w/Exchange:Black_platelegs_(h5)
Black platelegs (t),2,https://runescape.wiki/w/Exchange:Black_platelegs_(t)
Black plateskirt,1000,https://runescape.wiki/w/Exchange:Black_plateskirt
Black plateskirt (g),2,https://runescape.wiki/w/Exchange:Black_plateskirt_(g)
Black plateskirt (h1),50,https://runescape.wiki/w/Exchange:Black_plateskirt_(h1)
Black plateskirt (h2),50,https://runescape.wiki/w/Exchange:Black_plateskirt_(h2)
Black plateskirt (h3),50,https://runescape.wiki/w/Exchange:Black_plateskirt_(h3)
Black plateskirt (h4),50,https://runescape.wiki/w/Exchange:Black_plateskirt_(h4)
Black plateskirt (h5),50,https://runescape.wiki/w/Exchange:Black_plateskirt_(h5)
Black plateskirt (t),2,https://runescape.wiki/w/Exchange:Black_plateskirt_(t)
Black pumpkin,2,https://runescape.wiki/w/Exchange:Black_pumpkin
Black ram (unchecked),100,https://runescape.wiki/w/Exchange:Black_ram_(unchecked)
Black salamander,1000,https://runescape.wiki/w/Exchange:Black_salamander
Black salamander (unchecked),100,https://runescape.wiki/w/Exchange:Black_salamander_(unchecked)
Black scimitar,1000,https://runescape.wiki/w/Exchange:Black_scimitar
Black shield (h1),50,https://runescape.wiki/w/Exchange:Black_shield_(h1)
Black shield (h2),50,https://runescape.wiki/w/Exchange:Black_shield_(h2)
Black shield (h3),50,https://runescape.wiki/w/Exchange:Black_shield_(h3)
Black shield (h4),50,https://runescape.wiki/w/Exchange:Black_shield_(h4)
Black shield (h5),50,https://runescape.wiki/w/Exchange:Black_shield_(h5)
Black spear,1000,https://runescape.wiki/w/Exchange:Black_spear
Black spiky vambraces,100,https://runescape.wiki/w/Exchange:Black_spiky_vambraces
Black sq shield,1000,https://runescape.wiki/w/Exchange:Black_sq_shield
Black stone arrow tips,10000,https://runescape.wiki/w/Exchange:Black_stone_arrow_tips
Black stone arrows,10000,https://runescape.wiki/w/Exchange:Black_stone_arrows
Black stone heart,1000,https://runescape.wiki/w/Exchange:Black_stone_heart
Black sword,1000,https://runescape.wiki/w/Exchange:Black_sword
Black unicorn mask,2,https://runescape.wiki/w/Exchange:Black_unicorn_mask
Black warhammer,1000,https://runescape.wiki/w/Exchange:Black_warhammer
Black warlock jar,5000,https://runescape.wiki/w/Exchange:Black_warlock_jar
Black wizard boots,10,https://runescape.wiki/w/Exchange:Black_wizard_boots
Black wizard gloves,10,https://runescape.wiki/w/Exchange:Black_wizard_gloves
Black wizard hat,100,https://runescape.wiki/w/Exchange:Black_wizard_hat
Black wizard robe skirt,100,https://runescape.wiki/w/Exchange:Black_wizard_robe_skirt
Black wizard robe top,100,https://runescape.wiki/w/Exchange:Black_wizard_robe_top
Black wizard shield,100,https://runescape.wiki/w/Exchange:Black_wizard_shield
Black wool,5000,https://runescape.wiki/w/Exchange:Black_wool
Black yo-yo,2,https://runescape.wiki/w/Exchange:Black_yo-yo
Blade of Avaryss,2,https://runescape.wiki/w/Exchange:Blade_of_Avaryss
Blade of Nymora,2,https://runescape.wiki/w/Exchange:Blade_of_Nymora
Blade of avaryss shard,240,https://runescape.wiki/w/Exchange:Blade_of_avaryss_shard
Blade of nymora shard,240,https://runescape.wiki/w/Exchange:Blade_of_nymora_shard
Bladestorm drape,10,https://runescape.wiki/w/Exchange:Bladestorm_drape
Blamish bark shell,5000,https://runescape.wiki/w/Exchange:Blamish_bark_shell
Blamish blue shell (pointed),5000,https://runescape.wiki/w/Exchange:Blamish_blue_shell_(pointed)
Blamish blue shell (round),5000,https://runescape.wiki/w/Exchange:Blamish_blue_shell_(round)
Blamish myre shell (pointed),5000,https://runescape.wiki/w/Exchange:Blamish_myre_shell_(pointed)
Blamish myre shell (round),5000,https://runescape.wiki/w/Exchange:Blamish_myre_shell_(round)
Blamish ochre shell (pointed),5000,https://runescape.wiki/w/Exchange:Blamish_ochre_shell_(pointed)
Blamish ochre shell (round),5000,https://runescape.wiki/w/Exchange:Blamish_ochre_shell_(round)
Blamish red shell (pointed),5000,https://runescape.wiki/w/Exchange:Blamish_red_shell_(pointed)
Blamish red shell (round),5000,https://runescape.wiki/w/Exchange:Blamish_red_shell_(round)
Blast diffusion boots,2,https://runescape.wiki/w/Exchange:Blast_diffusion_boots
Blessed Chain scroll,2,https://runescape.wiki/w/Exchange:Blessed_Chain_scroll
Blessed Concentrated Blast scroll,2,https://runescape.wiki/w/Exchange:Blessed_Concentrated_Blast_scroll
Blessed Wild Magic scroll,2,https://runescape.wiki/w/Exchange:Blessed_Wild_Magic_scroll
Blessed dragonhide body (Armadyl),50,https://runescape.wiki/w/Exchange:Blessed_dragonhide_body_(Armadyl)
Blessed dragonhide body (Bandos),50,https://runescape.wiki/w/Exchange:Blessed_dragonhide_body_(Bandos)
Blessed dragonhide body (Guthix),50,https://runescape.wiki/w/Exchange:Blessed_dragonhide_body_(Guthix)
Blessed dragonhide body (Saradomin),50,https://runescape.wiki/w/Exchange:Blessed_dragonhide_body_(Saradomin)
Blessed dragonhide body (Zamorak),50,https://runescape.wiki/w/Exchange:Blessed_dragonhide_body_(Zamorak)
Blessed dragonhide body (Zaros),50,https://runescape.wiki/w/Exchange:Blessed_dragonhide_body_(Zaros)
Blessed dragonhide chaps (Armadyl),50,https://runescape.wiki/w/Exchange:Blessed_dragonhide_chaps_(Armadyl)
Blessed dragonhide chaps (Bandos),50,https://runescape.wiki/w/Exchange:Blessed_dragonhide_chaps_(Bandos)
Blessed dragonhide chaps (Guthix),50,https://runescape.wiki/w/Exchange:Blessed_dragonhide_chaps_(Guthix)
Blessed dragonhide chaps (Saradomin),50,https://runescape.wiki/w/Exchange:Blessed_dragonhide_chaps_(Saradomin)
Blessed dragonhide chaps (Zamorak),50,https://runescape.wiki/w/Exchange:Blessed_dragonhide_chaps_(Zamorak)
Blessed dragonhide chaps (Zaros),50,https://runescape.wiki/w/Exchange:Blessed_dragonhide_chaps_(Zaros)
Blessed dragonhide coif (Armadyl),50,https://runescape.wiki/w/Exchange:Blessed_dragonhide_coif_(Armadyl)
Blessed dragonhide coif (Bandos),50,https://runescape.wiki/w/Exchange:Blessed_dragonhide_coif_(Bandos)
Blessed dragonhide coif (Guthix),50,https://runescape.wiki/w/Exchange:Blessed_dragonhide_coif_(Guthix)
Blessed dragonhide coif (Saradomin),50,https://runescape.wiki/w/Exchange:Blessed_dragonhide_coif_(Saradomin)
Blessed dragonhide coif (Zamorak),50,https://runescape.wiki/w/Exchange:Blessed_dragonhide_coif_(Zamorak)
Blessed dragonhide coif (Zaros),50,https://runescape.wiki/w/Exchange:Blessed_dragonhide_coif_(Zaros)
Blessed dragonhide vambraces (Armadyl),50,https://runescape.wiki/w/Exchange:Blessed_dragonhide_vambraces_(Armadyl)
Blessed dragonhide vambraces (Bandos),50,https://runescape.wiki/w/Exchange:Blessed_dragonhide_vambraces_(Bandos)
Blessed dragonhide vambraces (Guthix),50,https://runescape.wiki/w/Exchange:Blessed_dragonhide_vambraces_(Guthix)
Blessed dragonhide vambraces (Saradomin),50,https://runescape.wiki/w/Exchange:Blessed_dragonhide_vambraces_(Saradomin)
Blessed dragonhide vambraces (Zamorak),50,https://runescape.wiki/w/Exchange:Blessed_dragonhide_vambraces_(Zamorak)
Blessed dragonhide vambraces (Zaros),50,https://runescape.wiki/w/Exchange:Blessed_dragonhide_vambraces_(Zaros)
Blessed sand,10000,https://runescape.wiki/w/Exchange:Blessed_sand
Blessed spirit shield,1,https://runescape.wiki/w/Exchange:Blessed_spirit_shield
Blight bolts,10000,https://runescape.wiki/w/Exchange:Blight_bolts
Blightbound crossbow,2,https://runescape.wiki/w/Exchange:Blightbound_crossbow
Bloated Leech scroll (Blood Drain),5000,https://runescape.wiki/w/Exchange:Bloated_Leech_scroll_(Blood_Drain)
Bloated leech pouch,5000,https://runescape.wiki/w/Exchange:Bloated_leech_pouch
Blood Ice Barricade cosmetic ability scroll,2,https://runescape.wiki/w/Exchange:Blood_Ice_Barricade_cosmetic_ability_scroll
Blood Reaver scroll (Blood Siphon),5000,https://runescape.wiki/w/Exchange:Blood_Reaver_scroll_(Blood_Siphon)
Blood Soul Dive cosmetic ability scroll,2,https://runescape.wiki/w/Exchange:Blood_Soul_Dive_cosmetic_ability_scroll
Blood Soul Escape cosmetic ability scroll,2,https://runescape.wiki/w/Exchange:Blood_Soul_Escape_cosmetic_ability_scroll
Blood Soul Surge cosmetic ability scroll,2,https://runescape.wiki/w/Exchange:Blood_Soul_Surge_cosmetic_ability_scroll
Blood Soul Witch token,2,https://runescape.wiki/w/Exchange:Blood_Soul_Witch_token
Blood dye,2,https://runescape.wiki/w/Exchange:Blood_dye
Blood necklace shard,2,https://runescape.wiki/w/Exchange:Blood_necklace_shard
Blood nihil pouch,5000,https://runescape.wiki/w/Exchange:Blood_nihil_pouch
Blood of Orcus,5000,https://runescape.wiki/w/Exchange:Blood_of_Orcus
Blood rune,25000,https://runescape.wiki/w/Exchange:Blood_rune
Blood talisman,500,https://runescape.wiki/w/Exchange:Blood_talisman
Blood tiara,100,https://runescape.wiki/w/Exchange:Blood_tiara
Blood'n'tar snelm (pointed),100,https://runescape.wiki/w/Exchange:Blood%27n%27tar_snelm_(pointed)
Blood'n'tar snelm (round),100,https://runescape.wiki/w/Exchange:Blood%27n%27tar_snelm_(round)
Bloodthirsty walk override token,2,https://runescape.wiki/w/Exchange:Bloodthirsty_walk_override_token
Bloodtusk warlord helmet token,25,https://runescape.wiki/w/Exchange:Bloodtusk_warlord_helmet_token
Bloodtusk warlord lower body token,25,https://runescape.wiki/w/Exchange:Bloodtusk_warlord_lower_body_token
Bloodtusk warlord upper body token,25,https://runescape.wiki/w/Exchange:Bloodtusk_warlord_upper_body_token
Bloodweed incense sticks,1000,https://runescape.wiki/w/Exchange:Bloodweed_incense_sticks
Bloodweed potion (unfinished),10000,https://runescape.wiki/w/Exchange:Bloodweed_potion_(unfinished)
Bloodweed seed,1000,https://runescape.wiki/w/Exchange:Bloodweed_seed
Blowpipe chitin,2,https://runescape.wiki/w/Exchange:Blowpipe_chitin
Blowpipe feather,2,https://runescape.wiki/w/Exchange:Blowpipe_feather
Blowpipe fins,2,https://runescape.wiki/w/Exchange:Blowpipe_fins
Blue Candy Cane Token,2,https://runescape.wiki/w/Exchange:Blue_Candy_Cane_Token
Blue Flower Basket Token,2,https://runescape.wiki/w/Exchange:Blue_Flower_Basket_Token
Blue Santa hat,2,https://runescape.wiki/w/Exchange:Blue_Santa_hat
Blue beret,2,https://runescape.wiki/w/Exchange:Blue_beret
Blue blossom seed,1000,https://runescape.wiki/w/Exchange:Blue_blossom_seed
Blue blubber jellyfish,10000,https://runescape.wiki/w/Exchange:Blue_blubber_jellyfish
Blue boater,2,https://runescape.wiki/w/Exchange:Blue_boater
Blue boots,100,https://runescape.wiki/w/Exchange:Blue_boots
Blue checkered shirt,5,https://runescape.wiki/w/Exchange:Blue_checkered_shirt
Blue dragon egg (unchecked),100,https://runescape.wiki/w/Exchange:Blue_dragon_egg_(unchecked)
Blue dragon leather,10000,https://runescape.wiki/w/Exchange:Blue_dragon_leather
Blue dragon mask,2,https://runescape.wiki/w/Exchange:Blue_dragon_mask
Blue dragon scale,10000,https://runescape.wiki/w/Exchange:Blue_dragon_scale
Blue dragonhide,10000,https://runescape.wiki/w/Exchange:Blue_dragonhide
Blue dragonhide body,5000,https://runescape.wiki/w/Exchange:Blue_dragonhide_body
Blue dragonhide body (g),2,https://runescape.wiki/w/Exchange:Blue_dragonhide_body_(g)
Blue dragonhide body (t),2,https://runescape.wiki/w/Exchange:Blue_dragonhide_body_(t)
Blue dragonhide boots,5000,https://runescape.wiki/w/Exchange:Blue_dragonhide_boots
Blue dragonhide chaps,5000,https://runescape.wiki/w/Exchange:Blue_dragonhide_chaps
Blue dragonhide chaps (g),2,https://runescape.wiki/w/Exchange:Blue_dragonhide_chaps_(g)
Blue dragonhide chaps (t),2,https://runescape.wiki/w/Exchange:Blue_dragonhide_chaps_(t)
Blue dragonhide coif,100,https://runescape.wiki/w/Exchange:Blue_dragonhide_coif
Blue dragonhide set,100,https://runescape.wiki/w/Exchange:Blue_dragonhide_set
Blue dragonhide shield,5000,https://runescape.wiki/w/Exchange:Blue_dragonhide_shield
Blue dragonhide vambraces,5000,https://runescape.wiki/w/Exchange:Blue_dragonhide_vambraces
Blue dye,100,https://runescape.wiki/w/Exchange:Blue_dye
Blue elegant blouse,2,https://runescape.wiki/w/Exchange:Blue_elegant_blouse
Blue elegant legs,2,https://runescape.wiki/w/Exchange:Blue_elegant_legs
Blue elegant shirt,2,https://runescape.wiki/w/Exchange:Blue_elegant_shirt
Blue elegant skirt,2,https://runescape.wiki/w/Exchange:Blue_elegant_skirt
Blue feather,5000,https://runescape.wiki/w/Exchange:Blue_feather
Blue firelighter,100,https://runescape.wiki/w/Exchange:Blue_firelighter
Blue flowers,1000,https://runescape.wiki/w/Exchange:Blue_flowers
Blue hallowe'en mask,2,https://runescape.wiki/w/Exchange:Blue_hallowe%27en_mask
Blue hat,100,https://runescape.wiki/w/Exchange:Blue_hat
Blue partyhat,2,https://runescape.wiki/w/Exchange:Blue_partyhat
Blue robe bottoms,100,https://runescape.wiki/w/Exchange:Blue_robe_bottoms
Blue robe top,100,https://runescape.wiki/w/Exchange:Blue_robe_top
Blue shorthair fur token,25,https://runescape.wiki/w/Exchange:Blue_shorthair_fur_token
Blue spiky vambraces,100,https://runescape.wiki/w/Exchange:Blue_spiky_vambraces
Blurberry Special,500,https://runescape.wiki/w/Exchange:Blurberry_Special
Bob shirt (black),2,https://runescape.wiki/w/Exchange:Bob_shirt_(black)
Bob shirt (blue),2,https://runescape.wiki/w/Exchange:Bob_shirt_(blue)
Bob shirt (green),2,https://runescape.wiki/w/Exchange:Bob_shirt_(green)
Bob shirt (purple),2,https://runescape.wiki/w/Exchange:Bob_shirt_(purple)
Bob shirt (red),2,https://runescape.wiki/w/Exchange:Bob_shirt_(red)
Body body,100,https://runescape.wiki/w/Exchange:Body_body
Body boots,10,https://runescape.wiki/w/Exchange:Body_boots
Body gloves,10,https://runescape.wiki/w/Exchange:Body_gloves
Body helmet,100,https://runescape.wiki/w/Exchange:Body_helmet
Body rune,25000,https://runescape.wiki/w/Exchange:Body_rune
Body shield,100,https://runescape.wiki/w/Exchange:Body_shield
Body talisman,500,https://runescape.wiki/w/Exchange:Body_talisman
Body tiara,100,https://runescape.wiki/w/Exchange:Body_tiara
Bohr pet token,2,https://runescape.wiki/w/Exchange:Bohr_pet_token
Bolas,1000,https://runescape.wiki/w/Exchange:Bolas
Bolt mould,100,https://runescape.wiki/w/Exchange:Bolt_mould
Bolt of cloth,100,https://runescape.wiki/w/Exchange:Bolt_of_cloth
Bolt rack,10000,https://runescape.wiki/w/Exchange:Bolt_rack
Bomb vial,10000,https://runescape.wiki/w/Exchange:Bomb_vial
Bond,150,https://runescape.wiki/w/Exchange:Bond
Bone blowpipe,2,https://runescape.wiki/w/Exchange:Bone_blowpipe
Bone bolts,10000,https://runescape.wiki/w/Exchange:Bone_bolts
Bone club,100,https://runescape.wiki/w/Exchange:Bone_club
Bone dagger,100,https://runescape.wiki/w/Exchange:Bone_dagger
Bone master outfit token,25,https://runescape.wiki/w/Exchange:Bone_master_outfit_token
Bone rune,25000,https://runescape.wiki/w/Exchange:Bone_rune
Bone spear,100,https://runescape.wiki/w/Exchange:Bone_spear
Bonecrusher maul,100,https://runescape.wiki/w/Exchange:Bonecrusher_maul
Bones,10000,https://runescape.wiki/w/Exchange:Bones
Bones to bananas (item),200,https://runescape.wiki/w/Exchange:Bones_to_bananas_(item)
Bones to peaches (item),200,https://runescape.wiki/w/Exchange:Bones_to_peaches_(item)
Boolap Bag Mask token,2,https://runescape.wiki/w/Exchange:Boolap_Bag_Mask_token
Boots (grey),100,https://runescape.wiki/w/Exchange:Boots_(grey)
Boots (purple),100,https://runescape.wiki/w/Exchange:Boots_(purple)
Boots (red),100,https://runescape.wiki/w/Exchange:Boots_(red)
Boots (teal),100,https://runescape.wiki/w/Exchange:Boots_(teal)
Boots (yellow),100,https://runescape.wiki/w/Exchange:Boots_(yellow)
Boots of Seasons,2,https://runescape.wiki/w/Exchange:Boots_of_Seasons
Boots of Tumeken's resplendence,2,https://runescape.wiki/w/Exchange:Boots_of_Tumeken%27s_resplendence
Boots of subjugation,1,https://runescape.wiki/w/Exchange:Boots_of_subjugation
Botanist's amulet (new),5000,https://runescape.wiki/w/Exchange:Botanist%27s_amulet_(new)
Bottled dinosaur roar,1000,https://runescape.wiki/w/Exchange:Bottled_dinosaur_roar
Bottom of the Last Guardian's bow,10,https://runescape.wiki/w/Exchange:Bottom_of_the_Last_Guardian%27s_bow
Bottoms of Seasons,2,https://runescape.wiki/w/Exchange:Bottoms_of_Seasons
Boulder Pet Token,2,https://runescape.wiki/w/Exchange:Boulder_Pet_Token
Bow of the Last Guardian,2,https://runescape.wiki/w/Exchange:Bow_of_the_Last_Guardian
Bowl,100,https://runescape.wiki/w/Exchange:Bowl
Bowl (unfired),100,https://runescape.wiki/w/Exchange:Bowl_(unfired)
Bowl of hot water,100,https://runescape.wiki/w/Exchange:Bowl_of_hot_water
Bowl of water,100,https://runescape.wiki/w/Exchange:Bowl_of_water
Bowstring,10000,https://runescape.wiki/w/Exchange:Bowstring
Box of clue scrolls,5,https://runescape.wiki/w/Exchange:Box_of_clue_scrolls
Box trap,100,https://runescape.wiki/w/Exchange:Box_trap
Bracelet mould,100,https://runescape.wiki/w/Exchange:Bracelet_mould
Bracelet of clay,5000,https://runescape.wiki/w/Exchange:Bracelet_of_clay
Brackish blade,10,https://runescape.wiki/w/Exchange:Brackish_blade
Brains Bunny appearance token,2,https://runescape.wiki/w/Exchange:Brains_Bunny_appearance_token
Brandy,1000,https://runescape.wiki/w/Exchange:Brandy
Brass key,5,https://runescape.wiki/w/Exchange:Brass_key
Brass necklace,100,https://runescape.wiki/w/Exchange:Brass_necklace
Brawler demon pouch,5000,https://runescape.wiki/w/Exchange:Brawler_demon_pouch
Bread,1000,https://runescape.wiki/w/Exchange:Bread
Bread dough,1000,https://runescape.wiki/w/Exchange:Bread_dough
Briefcase,10,https://runescape.wiki/w/Exchange:Briefcase
Bright energy,25000,https://runescape.wiki/w/Exchange:Bright_energy
Brilliant energy,25000,https://runescape.wiki/w/Exchange:Brilliant_energy
Brine sabre,100,https://runescape.wiki/w/Exchange:Brine_sabre
Broad arrowheads,10000,https://runescape.wiki/w/Exchange:Broad_arrowheads
Broad-tipped bolts,10000,https://runescape.wiki/w/Exchange:Broad-tipped_bolts
Broken Masterwork 2h sword,2,https://runescape.wiki/w/Exchange:Broken_Masterwork_2h_sword
Broken Masterwork staff,2,https://runescape.wiki/w/Exchange:Broken_Masterwork_staff
Broken abyssal bane 2h sword,1000,https://runescape.wiki/w/Exchange:Broken_abyssal_bane_2h_sword
Broken abyssal bane longsword,1000,https://runescape.wiki/w/Exchange:Broken_abyssal_bane_longsword
Broken abyssal bane off-hand longsword,1000,https://runescape.wiki/w/Exchange:Broken_abyssal_bane_off-hand_longsword
Broken abyssal bane square shield,100,https://runescape.wiki/w/Exchange:Broken_abyssal_bane_square_shield
Broken bark snelm (round),100,https://runescape.wiki/w/Exchange:Broken_bark_snelm_(round)
Broken dragon bane 2h sword,1000,https://runescape.wiki/w/Exchange:Broken_dragon_bane_2h_sword
Broken dragon bane longsword,1000,https://runescape.wiki/w/Exchange:Broken_dragon_bane_longsword
Broken dragon bane off-hand longsword,1000,https://runescape.wiki/w/Exchange:Broken_dragon_bane_off-hand_longsword
Broken dragon bane square shield,100,https://runescape.wiki/w/Exchange:Broken_dragon_bane_square_shield
Broken masterwork melee boots,2,https://runescape.wiki/w/Exchange:Broken_masterwork_melee_boots
Broken masterwork melee gloves,2,https://runescape.wiki/w/Exchange:Broken_masterwork_melee_gloves
Broken masterwork melee helm,2,https://runescape.wiki/w/Exchange:Broken_masterwork_melee_helm
Broken masterwork melee platebody,2,https://runescape.wiki/w/Exchange:Broken_masterwork_melee_platebody
Broken masterwork melee platelegs,2,https://runescape.wiki/w/Exchange:Broken_masterwork_melee_platelegs
Broken memento,1000,https://runescape.wiki/w/Exchange:Broken_memento
Broken revenant bane 2h sword,1000,https://runescape.wiki/w/Exchange:Broken_revenant_bane_2h_sword
Broken revenant bane longsword,1000,https://runescape.wiki/w/Exchange:Broken_revenant_bane_longsword
Broken revenant bane off-hand longsword,1000,https://runescape.wiki/w/Exchange:Broken_revenant_bane_off-hand_longsword
Broken revenant bane square shield,100,https://runescape.wiki/w/Exchange:Broken_revenant_bane_square_shield
Broken trimmed masterwork melee boots,2,https://runescape.wiki/w/Exchange:Broken_trimmed_masterwork_melee_boots
Broken trimmed masterwork melee gloves,2,https://runescape.wiki/w/Exchange:Broken_trimmed_masterwork_melee_gloves
Broken trimmed masterwork melee helm,2,https://runescape.wiki/w/Exchange:Broken_trimmed_masterwork_melee_helm
Broken trimmed masterwork melee platebody,2,https://runescape.wiki/w/Exchange:Broken_trimmed_masterwork_melee_platebody
Broken trimmed masterwork melee platelegs,2,https://runescape.wiki/w/Exchange:Broken_trimmed_masterwork_melee_platelegs
Bronze 2h crossbow,1000,https://runescape.wiki/w/Exchange:Bronze_2h_crossbow
Bronze 2h sword,100,https://runescape.wiki/w/Exchange:Bronze_2h_sword
Bronze Minotaur scroll (Bronze Bull Rush),5000,https://runescape.wiki/w/Exchange:Bronze_Minotaur_scroll_(Bronze_Bull_Rush)
Bronze armour set (lg),100,https://runescape.wiki/w/Exchange:Bronze_armour_set_(lg)
Bronze armour set (sk),100,https://runescape.wiki/w/Exchange:Bronze_armour_set_(sk)
Bronze armoured boots,100,https://runescape.wiki/w/Exchange:Bronze_armoured_boots
Bronze arrow,10000,https://runescape.wiki/w/Exchange:Bronze_arrow
Bronze arrowheads,100000,https://runescape.wiki/w/Exchange:Bronze_arrowheads
Bronze bar,10000,https://runescape.wiki/w/Exchange:Bronze_bar
Bronze battleaxe,100,https://runescape.wiki/w/Exchange:Bronze_battleaxe
Bronze bolts,10000,https://runescape.wiki/w/Exchange:Bronze_bolts
Bronze bolts (unf),10000,https://runescape.wiki/w/Exchange:Bronze_bolts_(unf)
Bronze brutal,1000,https://runescape.wiki/w/Exchange:Bronze_brutal
Bronze chainbody,100,https://runescape.wiki/w/Exchange:Bronze_chainbody
Bronze claws,100,https://runescape.wiki/w/Exchange:Bronze_claws
Bronze crossbow,1000,https://runescape.wiki/w/Exchange:Bronze_crossbow
Bronze crossbow (unstrung),1000,https://runescape.wiki/w/Exchange:Bronze_crossbow_(unstrung)
Bronze dagger,100,https://runescape.wiki/w/Exchange:Bronze_dagger
Bronze dart,1500,https://runescape.wiki/w/Exchange:Bronze_dart
Bronze dart tip,100000,https://runescape.wiki/w/Exchange:Bronze_dart_tip
Bronze dragon mask,2,https://runescape.wiki/w/Exchange:Bronze_dragon_mask
Bronze fire arrows (lit),1000,https://runescape.wiki/w/Exchange:Bronze_fire_arrows_(lit)
Bronze fire arrows (unlit),1000,https://runescape.wiki/w/Exchange:Bronze_fire_arrows_(unlit)
Bronze full helm,100,https://runescape.wiki/w/Exchange:Bronze_full_helm
Bronze gauntlets,100,https://runescape.wiki/w/Exchange:Bronze_gauntlets
Bronze halberd,1000,https://runescape.wiki/w/Exchange:Bronze_halberd
Bronze hasta,1000,https://runescape.wiki/w/Exchange:Bronze_hasta
Bronze hatchet,1000,https://runescape.wiki/w/Exchange:Bronze_hatchet
Bronze javelin,1000,https://runescape.wiki/w/Exchange:Bronze_javelin
Bronze kiteshield,100,https://runescape.wiki/w/Exchange:Bronze_kiteshield
Bronze knife,10000,https://runescape.wiki/w/Exchange:Bronze_knife
Bronze limbs,5000,https://runescape.wiki/w/Exchange:Bronze_limbs
Bronze longsword,100,https://runescape.wiki/w/Exchange:Bronze_longsword
Bronze mace,100,https://runescape.wiki/w/Exchange:Bronze_mace
Bronze mattock,100,https://runescape.wiki/w/Exchange:Bronze_mattock
Bronze med helm,100,https://runescape.wiki/w/Exchange:Bronze_med_helm
Bronze minotaur pouch,5000,https://runescape.wiki/w/Exchange:Bronze_minotaur_pouch
Bronze nails,10000,https://runescape.wiki/w/Exchange:Bronze_nails
Bronze off hand battleaxe,100,https://runescape.wiki/w/Exchange:Bronze_off_hand_battleaxe
Bronze off hand claws,100,https://runescape.wiki/w/Exchange:Bronze_off_hand_claws
Bronze off hand dagger,100,https://runescape.wiki/w/Exchange:Bronze_off_hand_dagger
Bronze off hand longsword,100,https://runescape.wiki/w/Exchange:Bronze_off_hand_longsword
Bronze off hand mace,100,https://runescape.wiki/w/Exchange:Bronze_off_hand_mace
Bronze off hand scimitar,100,https://runescape.wiki/w/Exchange:Bronze_off_hand_scimitar
Bronze off hand sword,100,https://runescape.wiki/w/Exchange:Bronze_off_hand_sword
Bronze off hand warhammer,100,https://runescape.wiki/w/Exchange:Bronze_off_hand_warhammer
Bronze ore box,100,https://runescape.wiki/w/Exchange:Bronze_ore_box
Bronze pickaxe,100,https://runescape.wiki/w/Exchange:Bronze_pickaxe
Bronze platebody,100,https://runescape.wiki/w/Exchange:Bronze_platebody
Bronze platelegs,100,https://runescape.wiki/w/Exchange:Bronze_platelegs
Bronze plateskirt,100,https://runescape.wiki/w/Exchange:Bronze_plateskirt
Bronze scimitar,100,https://runescape.wiki/w/Exchange:Bronze_scimitar
Bronze spear,1000,https://runescape.wiki/w/Exchange:Bronze_spear
Bronze square shield,100,https://runescape.wiki/w/Exchange:Bronze_square_shield
Bronze sword,100,https://runescape.wiki/w/Exchange:Bronze_sword
Bronze throwing axe,1000,https://runescape.wiki/w/Exchange:Bronze_throwing_axe
Bronze warhammer,100,https://runescape.wiki/w/Exchange:Bronze_warhammer
Bronze wire,100,https://runescape.wiki/w/Exchange:Bronze_wire
Bronzed Sandals token,2,https://runescape.wiki/w/Exchange:Bronzed_Sandals_token
Bronzed Sun Hat token,2,https://runescape.wiki/w/Exchange:Bronzed_Sun_Hat_token
Brooch of the Gods,2,https://runescape.wiki/w/Exchange:Brooch_of_the_Gods
Broodoo shield (10) (blue),100,https://runescape.wiki/w/Exchange:Broodoo_shield_(10)_(blue)
Broodoo shield (10) (green),100,https://runescape.wiki/w/Exchange:Broodoo_shield_(10)_(green)
Broodoo shield (10) (orange),100,https://runescape.wiki/w/Exchange:Broodoo_shield_(10)_(orange)
Broodoo shield (blue),100,https://runescape.wiki/w/Exchange:Broodoo_shield_(blue)
Broodoo shield (green),100,https://runescape.wiki/w/Exchange:Broodoo_shield_(green)
Broodoo shield (orange),100,https://runescape.wiki/w/Exchange:Broodoo_shield_(orange)
Brown apron,100,https://runescape.wiki/w/Exchange:Brown_apron
Brown dye,100,https://runescape.wiki/w/Exchange:Brown_dye
Brown headband,2,https://runescape.wiki/w/Exchange:Brown_headband
Bruise blue snelm (pointed),100,https://runescape.wiki/w/Exchange:Bruise_blue_snelm_(pointed)
Bruise blue snelm (round),100,https://runescape.wiki/w/Exchange:Bruise_blue_snelm_(round)
Brutish dinosaur (unchecked),100,https://runescape.wiki/w/Exchange:Brutish_dinosaur_(unchecked)
Bubble blower token,2,https://runescape.wiki/w/Exchange:Bubble_blower_token
Bubbles Bunny appearance token,2,https://runescape.wiki/w/Exchange:Bubbles_Bunny_appearance_token
Bucket,100,https://runescape.wiki/w/Exchange:Bucket
Bucket head token,2,https://runescape.wiki/w/Exchange:Bucket_head_token
Bucket of milk,1000,https://runescape.wiki/w/Exchange:Bucket_of_milk
Bucket of sand,10000,https://runescape.wiki/w/Exchange:Bucket_of_sand
Bucket of water,100,https://runescape.wiki/w/Exchange:Bucket_of_water
Bucket staff override token,2,https://runescape.wiki/w/Exchange:Bucket_staff_override_token
Bucking yak teleport token,2,https://runescape.wiki/w/Exchange:Bucking_yak_teleport_token
Bucky companion pet token,2,https://runescape.wiki/w/Exchange:Bucky_companion_pet_token
Buddy pet token,2,https://runescape.wiki/w/Exchange:Buddy_pet_token
Bull (unchecked),100,https://runescape.wiki/w/Exchange:Bull_(unchecked)
Bull Ant scroll (Unburden),5000,https://runescape.wiki/w/Exchange:Bull_Ant_scroll_(Unburden)
Bull ant pouch,5000,https://runescape.wiki/w/Exchange:Bull_ant_pouch
Bull horns,5000,https://runescape.wiki/w/Exchange:Bull_horns
Bullseye lantern (empty),100,https://runescape.wiki/w/Exchange:Bullseye_lantern_(empty)
Bullseye lantern (frame),100,https://runescape.wiki/w/Exchange:Bullseye_lantern_(frame)
Bullseye lantern (oil),100,https://runescape.wiki/w/Exchange:Bullseye_lantern_(oil)
Bunting whip token,2,https://runescape.wiki/w/Exchange:Bunting_whip_token
Bunyip pouch,5000,https://runescape.wiki/w/Exchange:Bunyip_pouch
Bunyip scroll (Swallow Whole),5000,https://runescape.wiki/w/Exchange:Bunyip_scroll_(Swallow_Whole)
Buried in sand rest emote token,2,https://runescape.wiki/w/Exchange:Buried_in_sand_rest_emote_token
Burnt bones,10000,https://runescape.wiki/w/Exchange:Burnt_bones
Butterfly flower seed,100,https://runescape.wiki/w/Exchange:Butterfly_flower_seed
Butterfly jar,5000,https://runescape.wiki/w/Exchange:Butterfly_jar
Butterfly net,100,https://runescape.wiki/w/Exchange:Butterfly_net
Button mushroom,100,https://runescape.wiki/w/Exchange:Button_mushroom
Cabbage,1000,https://runescape.wiki/w/Exchange:Cabbage
Cabbage seed,500,https://runescape.wiki/w/Exchange:Cabbage_seed
Cabbages (10),1000,https://runescape.wiki/w/Exchange:Cabbages_(10)
Cactus seed,100,https://runescape.wiki/w/Exchange:Cactus_seed
Cactus spine,10000,https://runescape.wiki/w/Exchange:Cactus_spine
Cadantine incense sticks,1000,https://runescape.wiki/w/Exchange:Cadantine_incense_sticks
Cadantine potion (unfinished),10000,https://runescape.wiki/w/Exchange:Cadantine_potion_(unfinished)
Cadantine seed,1000,https://runescape.wiki/w/Exchange:Cadantine_seed
Cadava berries,1000,https://runescape.wiki/w/Exchange:Cadava_berries
Cadavaberry parasol,2,https://runescape.wiki/w/Exchange:Cadavaberry_parasol
Cadavaberry seed,100,https://runescape.wiki/w/Exchange:Cadavaberry_seed
Cadmium red,5000,https://runescape.wiki/w/Exchange:Cadmium_red
Cake,1000,https://runescape.wiki/w/Exchange:Cake
Cake tin,100,https://runescape.wiki/w/Exchange:Cake_tin
Calcified fungus,10000,https://runescape.wiki/w/Exchange:Calcified_fungus
Calcified fungus soup,100,https://runescape.wiki/w/Exchange:Calcified_fungus_soup
Calcite moth jar,5000,https://runescape.wiki/w/Exchange:Calcite_moth_jar
Caller of the Sea token,2,https://runescape.wiki/w/Exchange:Caller_of_the_Sea_token
Calquat fruit,100,https://runescape.wiki/w/Exchange:Calquat_fruit
Calquat keg,100,https://runescape.wiki/w/Exchange:Calquat_keg
Calquat tree seed,100,https://runescape.wiki/w/Exchange:Calquat_tree_seed
Camel staff,100,https://runescape.wiki/w/Exchange:Camel_staff
Camelot teleport (item),1000,https://runescape.wiki/w/Exchange:Camelot_teleport_(item)
Camouflaged jadinko (unchecked),100,https://runescape.wiki/w/Exchange:Camouflaged_jadinko_(unchecked)
Candied honeycomb,5000,https://runescape.wiki/w/Exchange:Candied_honeycomb
Candle lantern (empty),100,https://runescape.wiki/w/Exchange:Candle_lantern_(empty)
Candle lantern (white),100,https://runescape.wiki/w/Exchange:Candle_lantern_(white)
Cannibal jadinko (unchecked),100,https://runescape.wiki/w/Exchange:Cannibal_jadinko_(unchecked)
Cannonball,10000,https://runescape.wiki/w/Exchange:Cannonball
Cannonball cabbage,1000,https://runescape.wiki/w/Exchange:Cannonball_cabbage
Cape (black),100,https://runescape.wiki/w/Exchange:Cape_(black)
Cape (blue),100,https://runescape.wiki/w/Exchange:Cape_(blue)
Cape (green),100,https://runescape.wiki/w/Exchange:Cape_(green)
Cape (orange),100,https://runescape.wiki/w/Exchange:Cape_(orange)
Cape (pink),100,https://runescape.wiki/w/Exchange:Cape_(pink)
Cape (purple),100,https://runescape.wiki/w/Exchange:Cape_(purple)
Cape (red),100,https://runescape.wiki/w/Exchange:Cape_(red)
Cape (yellow),100,https://runescape.wiki/w/Exchange:Cape_(yellow)
Cape of Devastation token,2,https://runescape.wiki/w/Exchange:Cape_of_Devastation_token
Cape of Devotion token,2,https://runescape.wiki/w/Exchange:Cape_of_Devotion_token
Captain Deathbeard's (Phantom) Outfit token,2,https://runescape.wiki/w/Exchange:Captain_Deathbeard%27s_(Phantom)_Outfit_token
Captain Deathbeard's Breeches token,2,https://runescape.wiki/w/Exchange:Captain_Deathbeard%27s_Breeches_token
Captain Deathbeard's Doublet token,2,https://runescape.wiki/w/Exchange:Captain_Deathbeard%27s_Doublet_token
Captain Deathbeard's Feet token,2,https://runescape.wiki/w/Exchange:Captain_Deathbeard%27s_Feet_token
Captain Deathbeard's Hat token,2,https://runescape.wiki/w/Exchange:Captain_Deathbeard%27s_Hat_token
Captain Deathbeard's Hook token,2,https://runescape.wiki/w/Exchange:Captain_Deathbeard%27s_Hook_token
Carambola,10000,https://runescape.wiki/w/Exchange:Carambola
Carambola seed,100,https://runescape.wiki/w/Exchange:Carambola_seed
Carapace,10000,https://runescape.wiki/w/Exchange:Carapace
Carapace boots,100,https://runescape.wiki/w/Exchange:Carapace_boots
Carapace gloves,100,https://runescape.wiki/w/Exchange:Carapace_gloves
Carapace helm,100,https://runescape.wiki/w/Exchange:Carapace_helm
Carapace legs,100,https://runescape.wiki/w/Exchange:Carapace_legs
Carapace shield,100,https://runescape.wiki/w/Exchange:Carapace_shield
Carapace torso,100,https://runescape.wiki/w/Exchange:Carapace_torso
Carbon black,5000,https://runescape.wiki/w/Exchange:Carbon_black
Carnivorous chinchompa (unchecked),100,https://runescape.wiki/w/Exchange:Carnivorous_chinchompa_(unchecked)
Carrallangar teleport (item),1000,https://runescape.wiki/w/Exchange:Carrallangar_teleport_(item)
Carrion jadinko (unchecked),100,https://runescape.wiki/w/Exchange:Carrion_jadinko_(unchecked)
Carrot Lance token,25,https://runescape.wiki/w/Exchange:Carrot_Lance_token
Carrying steins resting token,2,https://runescape.wiki/w/Exchange:Carrying_steins_resting_token
Carved evil turnip,5000,https://runescape.wiki/w/Exchange:Carved_evil_turnip
Carved oak bench (flatpack),100,https://runescape.wiki/w/Exchange:Carved_oak_bench_(flatpack)
Carved oak magic wardrobe (flatpack),100,https://runescape.wiki/w/Exchange:Carved_oak_magic_wardrobe_(flatpack)
Carved oak table (flatpack),100,https://runescape.wiki/w/Exchange:Carved_oak_table_(flatpack)
Carved teak bench (flatpack),100,https://runescape.wiki/w/Exchange:Carved_teak_bench_(flatpack)
Carved teak magic wardrobe (flatpack),100,https://runescape.wiki/w/Exchange:Carved_teak_magic_wardrobe_(flatpack)
Carved teak table (flatpack),100,https://runescape.wiki/w/Exchange:Carved_teak_table_(flatpack)
Casket,100,https://runescape.wiki/w/Exchange:Casket
Casket-salvaging scrimshaw,5,https://runescape.wiki/w/Exchange:Casket-salvaging_scrimshaw
Castle wars brace (1),5000,https://runescape.wiki/w/Exchange:Castle_wars_brace_(1)
Castle wars brace (3),5000,https://runescape.wiki/w/Exchange:Castle_wars_brace_(3)
Casual Beachwear outfit token,2,https://runescape.wiki/w/Exchange:Casual_Beachwear_outfit_token
Casual Beachwear outfit token (59315),100,https://runescape.wiki/w/Exchange:Casual_Beachwear_outfit_token_(59315)
Cat mask,2,https://runescape.wiki/w/Exchange:Cat_mask
Cat staff,2,https://runescape.wiki/w/Exchange:Cat_staff
Catalyst Bloat cosmetic ability scroll,2,https://runescape.wiki/w/Exchange:Catalyst_Bloat_cosmetic_ability_scroll
Catalyst Detonate cosmetic ability scroll,2,https://runescape.wiki/w/Exchange:Catalyst_Detonate_cosmetic_ability_scroll
Catalyst Flurry cosmetic ability scroll,2,https://runescape.wiki/w/Exchange:Catalyst_Flurry_cosmetic_ability_scroll
Catalyst Harpoon token,2,https://runescape.wiki/w/Exchange:Catalyst_Harpoon_token
Catalyst Hatchet token,2,https://runescape.wiki/w/Exchange:Catalyst_Hatchet_token
Catalyst Pickaxe token,2,https://runescape.wiki/w/Exchange:Catalyst_Pickaxe_token
Catalyst Reflect cosmetic ability scroll,2,https://runescape.wiki/w/Exchange:Catalyst_Reflect_cosmetic_ability_scroll
Catalyst Relic Hunter (Tier 1) token,2,https://runescape.wiki/w/Exchange:Catalyst_Relic_Hunter_(Tier_1)_token
Catalyst Relic Hunter (Tier 2) token,2,https://runescape.wiki/w/Exchange:Catalyst_Relic_Hunter_(Tier_2)_token
Catalyst Relic Hunter (Tier 3) token,2,https://runescape.wiki/w/Exchange:Catalyst_Relic_Hunter_(Tier_3)_token
Catalyst Snap Shot cosmetic ability scroll,2,https://runescape.wiki/w/Exchange:Catalyst_Snap_Shot_cosmetic_ability_scroll
Catalyst aura token,2,https://runescape.wiki/w/Exchange:Catalyst_aura_token
Catalyst meditate rest token,2,https://runescape.wiki/w/Exchange:Catalyst_meditate_rest_token
Catalyst teleport token,2,https://runescape.wiki/w/Exchange:Catalyst_teleport_token
Catalytic anima stone,25000,https://runescape.wiki/w/Exchange:Catalytic_anima_stone
Catfish,10000,https://runescape.wiki/w/Exchange:Catfish
Catherby teleport (item),1000,https://runescape.wiki/w/Exchange:Catherby_teleport_(item)
Cave eel,1000,https://runescape.wiki/w/Exchange:Cave_eel
Cave goblin wire,1000,https://runescape.wiki/w/Exchange:Cave_goblin_wire
Cave nightshade seed,100,https://runescape.wiki/w/Exchange:Cave_nightshade_seed
Cavefish,10000,https://runescape.wiki/w/Exchange:Cavefish
Caviar,5000,https://runescape.wiki/w/Exchange:Caviar
Celestial handwraps,10,https://runescape.wiki/w/Exchange:Celestial_handwraps
Cerberus boots token,25,https://runescape.wiki/w/Exchange:Cerberus_boots_token
Cerberus bow token,25,https://runescape.wiki/w/Exchange:Cerberus_bow_token
Cerberus breastplate token,25,https://runescape.wiki/w/Exchange:Cerberus_breastplate_token
Cerberus claws token,25,https://runescape.wiki/w/Exchange:Cerberus_claws_token
Cerberus faulds token,25,https://runescape.wiki/w/Exchange:Cerberus_faulds_token
Cerberus gloves token,25,https://runescape.wiki/w/Exchange:Cerberus_gloves_token
Cerberus helmet token,25,https://runescape.wiki/w/Exchange:Cerberus_helmet_token
Cerberus pet token,25,https://runescape.wiki/w/Exchange:Cerberus_pet_token
Cerberus staff token,25,https://runescape.wiki/w/Exchange:Cerberus_staff_token
Challenge gem,10,https://runescape.wiki/w/Exchange:Challenge_gem
Challenger halo,2,https://runescape.wiki/w/Exchange:Challenger_halo
Champion's hurricane cosmetic ability scroll,2,https://runescape.wiki/w/Exchange:Champion%27s_hurricane_cosmetic_ability_scroll
Chaos Roar ability codex,2,https://runescape.wiki/w/Exchange:Chaos_Roar_ability_codex
Chaos body,10,https://runescape.wiki/w/Exchange:Chaos_body
Chaos boots,10,https://runescape.wiki/w/Exchange:Chaos_boots
Chaos gloves,10,https://runescape.wiki/w/Exchange:Chaos_gloves
Chaos helmet,10,https://runescape.wiki/w/Exchange:Chaos_helmet
Chaos rune,25000,https://runescape.wiki/w/Exchange:Chaos_rune
Chaos shield,10,https://runescape.wiki/w/Exchange:Chaos_shield
Chaos talisman,500,https://runescape.wiki/w/Exchange:Chaos_talisman
Chaos tiara,100,https://runescape.wiki/w/Exchange:Chaos_tiara
Chaotic Assault cosmetic ability scroll,2,https://runescape.wiki/w/Exchange:Chaotic_Assault_cosmetic_ability_scroll
Chaotic Berserk cosmetic ability scroll,2,https://runescape.wiki/w/Exchange:Chaotic_Berserk_cosmetic_ability_scroll
Chaotic Hurricane cosmetic ability scroll,2,https://runescape.wiki/w/Exchange:Chaotic_Hurricane_cosmetic_ability_scroll
Chaotic Swiftness cosmetic ability scroll,2,https://runescape.wiki/w/Exchange:Chaotic_Swiftness_cosmetic_ability_scroll
Chaotic brimstone,5000,https://runescape.wiki/w/Exchange:Chaotic_brimstone
Chaotic crossbow frozen dye kit,2,https://runescape.wiki/w/Exchange:Chaotic_crossbow_frozen_dye_kit
Chaotic crossbow warped dye kit,2,https://runescape.wiki/w/Exchange:Chaotic_crossbow_warped_dye_kit
Chaotic essence,100,https://runescape.wiki/w/Exchange:Chaotic_essence
Chaotic maul frozen dye kit,2,https://runescape.wiki/w/Exchange:Chaotic_maul_frozen_dye_kit
Chaotic maul warped dye kit,2,https://runescape.wiki/w/Exchange:Chaotic_maul_warped_dye_kit
Chaotic rapier frozen dye kit,2,https://runescape.wiki/w/Exchange:Chaotic_rapier_frozen_dye_kit
Chaotic rapier warped dye kit,2,https://runescape.wiki/w/Exchange:Chaotic_rapier_warped_dye_kit
Charcoal,100,https://runescape.wiki/w/Exchange:Charcoal
Chargebow,10,https://runescape.wiki/w/Exchange:Chargebow
Charming potion (1),1000,https://runescape.wiki/w/Exchange:Charming_potion_(1)
Charming potion (2),1000,https://runescape.wiki/w/Exchange:Charming_potion_(2)
Charming potion (3),1000,https://runescape.wiki/w/Exchange:Charming_potion_(3)
Charming potion (4),1000,https://runescape.wiki/w/Exchange:Charming_potion_(4)
Charming potion flask (6),1000,https://runescape.wiki/w/Exchange:Charming_potion_flask_(6)
Cheese,10000,https://runescape.wiki/w/Exchange:Cheese
Cheese+tom batta,1000,https://runescape.wiki/w/Exchange:Cheese%2Btom_batta
Cheesecake,1000,https://runescape.wiki/w/Exchange:Cheesecake
Chef's delight,100,https://runescape.wiki/w/Exchange:Chef%27s_delight
Chef's delight (1),100,https://runescape.wiki/w/Exchange:Chef%27s_delight_(1)
Chef's delight (2),100,https://runescape.wiki/w/Exchange:Chef%27s_delight_(2)
Chef's delight (3),100,https://runescape.wiki/w/Exchange:Chef%27s_delight_(3)
Chef's delight (4),100,https://runescape.wiki/w/Exchange:Chef%27s_delight_(4)
Chef's delight (barrel) (flatpack),100,https://runescape.wiki/w/Exchange:Chef%27s_delight_(barrel)_(flatpack)
Chef's delight (m),100,https://runescape.wiki/w/Exchange:Chef%27s_delight_(m)
Chef's delight (m1),100,https://runescape.wiki/w/Exchange:Chef%27s_delight_(m1)
Chef's delight (m2),100,https://runescape.wiki/w/Exchange:Chef%27s_delight_(m2)
Chef's delight (m3),100,https://runescape.wiki/w/Exchange:Chef%27s_delight_(m3)
Chef's delight (m4),100,https://runescape.wiki/w/Exchange:Chef%27s_delight_(m4)
Chef's hat,100,https://runescape.wiki/w/Exchange:Chef%27s_hat
Cherry blossom fan token,2,https://runescape.wiki/w/Exchange:Cherry_blossom_fan_token
Cherry blossom orb token,2,https://runescape.wiki/w/Exchange:Cherry_blossom_orb_token
Cherry blossom wand token,2,https://runescape.wiki/w/Exchange:Cherry_blossom_wand_token
Chest of Seasons,2,https://runescape.wiki/w/Exchange:Chest_of_Seasons
Chicken egg (unchecked),100,https://runescape.wiki/w/Exchange:Chicken_egg_(unchecked)
Chilli con carne,1000,https://runescape.wiki/w/Exchange:Chilli_con_carne
Chilli potato,1000,https://runescape.wiki/w/Exchange:Chilli_potato
Chinchompa,20000,https://runescape.wiki/w/Exchange:Chinchompa
Chinchompa residue,5000,https://runescape.wiki/w/Exchange:Chinchompa_residue
Chisel,100,https://runescape.wiki/w/Exchange:Chisel
Chitin scraps,20000,https://runescape.wiki/w/Exchange:Chitin_scraps
Choc ice,1000,https://runescape.wiki/w/Exchange:Choc_ice
Chocchip crunchies,1000,https://runescape.wiki/w/Exchange:Chocchip_crunchies
Chocolate Basket Token,2,https://runescape.wiki/w/Exchange:Chocolate_Basket_Token
Chocolate Saturday,500,https://runescape.wiki/w/Exchange:Chocolate_Saturday
Chocolate bar,10000,https://runescape.wiki/w/Exchange:Chocolate_bar
Chocolate bomb,1000,https://runescape.wiki/w/Exchange:Chocolate_bomb
Chocolate cake,1000,https://runescape.wiki/w/Exchange:Chocolate_cake
Chocolate cheesecake,1000,https://runescape.wiki/w/Exchange:Chocolate_cheesecake
Chocolate cow (unchecked),100,https://runescape.wiki/w/Exchange:Chocolate_cow_(unchecked)
Chocolate cream cheese,10000,https://runescape.wiki/w/Exchange:Chocolate_cream_cheese
Chocolate dust,10000,https://runescape.wiki/w/Exchange:Chocolate_dust
Chocolate hair head token,2,https://runescape.wiki/w/Exchange:Chocolate_hair_head_token
Chocolate slice,1000,https://runescape.wiki/w/Exchange:Chocolate_slice
Chopped garlic,1000,https://runescape.wiki/w/Exchange:Chopped_garlic
Chopped onion,1000,https://runescape.wiki/w/Exchange:Chopped_onion
Chopped tomato,1000,https://runescape.wiki/w/Exchange:Chopped_tomato
Chopped tuna,10000,https://runescape.wiki/w/Exchange:Chopped_tuna
Christmas cracker,2,https://runescape.wiki/w/Exchange:Christmas_cracker
Christmas jumper token (Christmas tree),2,https://runescape.wiki/w/Exchange:Christmas_jumper_token_(Christmas_tree)
Christmas jumper token (Party hat),2,https://runescape.wiki/w/Exchange:Christmas_jumper_token_(Party_hat)
Christmas jumper token (Rudolph),2,https://runescape.wiki/w/Exchange:Christmas_jumper_token_(Rudolph)
Christmas jumper token (chinchompa),2,https://runescape.wiki/w/Exchange:Christmas_jumper_token_(chinchompa)
Christmas jumper token (guthix),2,https://runescape.wiki/w/Exchange:Christmas_jumper_token_(guthix)
Christmas jumper token (penguin),2,https://runescape.wiki/w/Exchange:Christmas_jumper_token_(penguin)
Christmas lootbeam token,2,https://runescape.wiki/w/Exchange:Christmas_lootbeam_token
Christmas pudding balloon,2,https://runescape.wiki/w/Exchange:Christmas_pudding_balloon
Christmas scythe,2,https://runescape.wiki/w/Exchange:Christmas_scythe
Christmas tree cape token,2,https://runescape.wiki/w/Exchange:Christmas_tree_cape_token
Christmas tree hat,2,https://runescape.wiki/w/Exchange:Christmas_tree_hat
Christmas tree kite,2,https://runescape.wiki/w/Exchange:Christmas_tree_kite
Chronotes,50000,https://runescape.wiki/w/Exchange:Chronotes
Cider,100,https://runescape.wiki/w/Exchange:Cider
Cider (1),100,https://runescape.wiki/w/Exchange:Cider_(1)
Cider (2),100,https://runescape.wiki/w/Exchange:Cider_(2)
Cider (3),100,https://runescape.wiki/w/Exchange:Cider_(3)
Cider (4),100,https://runescape.wiki/w/Exchange:Cider_(4)
Cider (m1),100,https://runescape.wiki/w/Exchange:Cider_(m1)
Cider (m2),100,https://runescape.wiki/w/Exchange:Cider_(m2)
Cider (m3),100,https://runescape.wiki/w/Exchange:Cider_(m3)
Cider (m4),100,https://runescape.wiki/w/Exchange:Cider_(m4)
Cider barrel (flatpack),100,https://runescape.wiki/w/Exchange:Cider_barrel_(flatpack)
Ciku,10000,https://runescape.wiki/w/Exchange:Ciku
Ciku seed,100,https://runescape.wiki/w/Exchange:Ciku_seed
Cinderbane gloves,2,https://runescape.wiki/w/Exchange:Cinderbane_gloves
Circular hide,100,https://runescape.wiki/w/Exchange:Circular_hide
Citizen shoes,100,https://runescape.wiki/w/Exchange:Citizen_shoes
Citizen top,100,https://runescape.wiki/w/Exchange:Citizen_top
Citizen trousers,100,https://runescape.wiki/w/Exchange:Citizen_trousers
Clawdia claws token,2,https://runescape.wiki/w/Exchange:Clawdia_claws_token
Clawdia hat token,2,https://runescape.wiki/w/Exchange:Clawdia_hat_token
Clawdia wings token,2,https://runescape.wiki/w/Exchange:Clawdia_wings_token
Clay,25000,https://runescape.wiki/w/Exchange:Clay
Clay ring,100,https://runescape.wiki/w/Exchange:Clay_ring
Clay ring (unfired),100,https://runescape.wiki/w/Exchange:Clay_ring_(unfired)
Clean arbuck,10000,https://runescape.wiki/w/Exchange:Clean_arbuck
Clean avantoe,10000,https://runescape.wiki/w/Exchange:Clean_avantoe
Clean bloodweed,10000,https://runescape.wiki/w/Exchange:Clean_bloodweed
Clean cadantine,10000,https://runescape.wiki/w/Exchange:Clean_cadantine
Clean dwarf weed,10000,https://runescape.wiki/w/Exchange:Clean_dwarf_weed
Clean fellstalk,10000,https://runescape.wiki/w/Exchange:Clean_fellstalk
Clean guam,10000,https://runescape.wiki/w/Exchange:Clean_guam
Clean harralander,10000,https://runescape.wiki/w/Exchange:Clean_harralander
Clean irit,10000,https://runescape.wiki/w/Exchange:Clean_irit
Clean kwuarm,10000,https://runescape.wiki/w/Exchange:Clean_kwuarm
Clean lantadyme,10000,https://runescape.wiki/w/Exchange:Clean_lantadyme
Clean marrentill,10000,https://runescape.wiki/w/Exchange:Clean_marrentill
Clean ranarr,10000,https://runescape.wiki/w/Exchange:Clean_ranarr
Clean snapdragon,10000,https://runescape.wiki/w/Exchange:Clean_snapdragon
Clean spirit weed,10000,https://runescape.wiki/w/Exchange:Clean_spirit_weed
Clean tarromin,10000,https://runescape.wiki/w/Exchange:Clean_tarromin
Clean toadflax,10000,https://runescape.wiki/w/Exchange:Clean_toadflax
Clean torstol,10000,https://runescape.wiki/w/Exchange:Clean_torstol
Clean wergali,10000,https://runescape.wiki/w/Exchange:Clean_wergali
Cleaning cloth,100,https://runescape.wiki/w/Exchange:Cleaning_cloth
Cleaver,100,https://runescape.wiki/w/Exchange:Cleaver
Clingy mole,100,https://runescape.wiki/w/Exchange:Clingy_mole
Cloak of Seasons,2,https://runescape.wiki/w/Exchange:Cloak_of_Seasons
Clocktower Teleport,300,https://runescape.wiki/w/Exchange:Clocktower_Teleport
Clockwork,5000,https://runescape.wiki/w/Exchange:Clockwork
Clockwork box trap,100,https://runescape.wiki/w/Exchange:Clockwork_box_trap
Clockwork cat,100,https://runescape.wiki/w/Exchange:Clockwork_cat
Clover 2h sword token,2,https://runescape.wiki/w/Exchange:Clover_2h_sword_token
Clover axe token,2,https://runescape.wiki/w/Exchange:Clover_axe_token
Clover crossbow token,2,https://runescape.wiki/w/Exchange:Clover_crossbow_token
Clover parasol,2,https://runescape.wiki/w/Exchange:Clover_parasol
Clover shieldbow token,2,https://runescape.wiki/w/Exchange:Clover_shieldbow_token
Clover staff token,2,https://runescape.wiki/w/Exchange:Clover_staff_token
Clover wand token,2,https://runescape.wiki/w/Exchange:Clover_wand_token
Coal,25000,https://runescape.wiki/w/Exchange:Coal
Coal stone spirit,25000,https://runescape.wiki/w/Exchange:Coal_stone_spirit
Cobalt blue,5000,https://runescape.wiki/w/Exchange:Cobalt_blue
Cobalt chinchompa (unchecked),100,https://runescape.wiki/w/Exchange:Cobalt_chinchompa_(unchecked)
Cobalt skillchompa,20000,https://runescape.wiki/w/Exchange:Cobalt_skillchompa
Cockatrice egg,5000,https://runescape.wiki/w/Exchange:Cockatrice_egg
Cocktail flare rest override token,2,https://runescape.wiki/w/Exchange:Cocktail_flare_rest_override_token
Coconut,5000,https://runescape.wiki/w/Exchange:Coconut
Coconut (open),1000,https://runescape.wiki/w/Exchange:Coconut_(open)
Coconut milk,10000,https://runescape.wiki/w/Exchange:Coconut_milk
Coconut parasol,2,https://runescape.wiki/w/Exchange:Coconut_parasol
Coconut shell,1000,https://runescape.wiki/w/Exchange:Coconut_shell
Cod,10000,https://runescape.wiki/w/Exchange:Cod
Codex of lost knowledge,2,https://runescape.wiki/w/Exchange:Codex_of_lost_knowledge
Coin of enchantment (tradeable),100,https://runescape.wiki/w/Exchange:Coin_of_enchantment_(tradeable)
Columbarium ring (new),10000,https://runescape.wiki/w/Exchange:Columbarium_ring_(new)
Combat bracelet,500,https://runescape.wiki/w/Exchange:Combat_bracelet
Combat bracelet (4),500,https://runescape.wiki/w/Exchange:Combat_bracelet_(4)
Combat flask (6),1000,https://runescape.wiki/w/Exchange:Combat_flask_(6)
Combat hood 0,100,https://runescape.wiki/w/Exchange:Combat_hood_0
Combat mix (1),1000,https://runescape.wiki/w/Exchange:Combat_mix_(1)
Combat mix (2),1000,https://runescape.wiki/w/Exchange:Combat_mix_(2)
Combat potion (1),1000,https://runescape.wiki/w/Exchange:Combat_potion_(1)
Combat potion (2),1000,https://runescape.wiki/w/Exchange:Combat_potion_(2)
Combat potion (3),1000,https://runescape.wiki/w/Exchange:Combat_potion_(3)
Combat potion (4),1000,https://runescape.wiki/w/Exchange:Combat_potion_(4)
Combat robe bottom 0,100,https://runescape.wiki/w/Exchange:Combat_robe_bottom_0
Combat robe top 0,100,https://runescape.wiki/w/Exchange:Combat_robe_top_0
Common brown rabbit (unchecked),100,https://runescape.wiki/w/Exchange:Common_brown_rabbit_(unchecked)
Common green frog (unchecked),100,https://runescape.wiki/w/Exchange:Common_green_frog_(unchecked)
Common jadinko (unchecked),100,https://runescape.wiki/w/Exchange:Common_jadinko_(unchecked)
Common kebbit fur,100,https://runescape.wiki/w/Exchange:Common_kebbit_fur
Common white hen (unchecked),100,https://runescape.wiki/w/Exchange:Common_white_hen_(unchecked)
Comp ogre bow,100,https://runescape.wiki/w/Exchange:Comp_ogre_bow
Compass rose,5000,https://runescape.wiki/w/Exchange:Compass_rose
Compost,20000,https://runescape.wiki/w/Exchange:Compost
Compost Mound scroll (Generate Compost),5000,https://runescape.wiki/w/Exchange:Compost_Mound_scroll_(Generate_Compost)
Compost mound pouch,5000,https://runescape.wiki/w/Exchange:Compost_mound_pouch
Compost potion (1),100,https://runescape.wiki/w/Exchange:Compost_potion_(1)
Compost potion (2),100,https://runescape.wiki/w/Exchange:Compost_potion_(2)
Compost potion (3),100,https://runescape.wiki/w/Exchange:Compost_potion_(3)
Compost potion (4),100,https://runescape.wiki/w/Exchange:Compost_potion_(4)
Concentrated alloy bar,10000,https://runescape.wiki/w/Exchange:Concentrated_alloy_bar
Conga dance walk override token,2,https://runescape.wiki/w/Exchange:Conga_dance_walk_override_token
Conga eel whip token,2,https://runescape.wiki/w/Exchange:Conga_eel_whip_token
Congealed blood,5000,https://runescape.wiki/w/Exchange:Congealed_blood
Conjurer's raising amulet,100,https://runescape.wiki/w/Exchange:Conjurer%27s_raising_amulet
Contact juggling resting token,2,https://runescape.wiki/w/Exchange:Contact_juggling_resting_token
Cooked chicken,1000,https://runescape.wiki/w/Exchange:Cooked_chicken
Cooked chompy,1000,https://runescape.wiki/w/Exchange:Cooked_chompy
Cooked crab meat,100,https://runescape.wiki/w/Exchange:Cooked_crab_meat
Cooked eeligator,10000,https://runescape.wiki/w/Exchange:Cooked_eeligator
Cooked jubbly,100,https://runescape.wiki/w/Exchange:Cooked_jubbly
Cooked karambwan,10000,https://runescape.wiki/w/Exchange:Cooked_karambwan
Cooked meat,1000,https://runescape.wiki/w/Exchange:Cooked_meat
Cooked oomlie wrap,1000,https://runescape.wiki/w/Exchange:Cooked_oomlie_wrap
Cooked rabbit,5000,https://runescape.wiki/w/Exchange:Cooked_rabbit
Cooked slimy eel,1000,https://runescape.wiki/w/Exchange:Cooked_slimy_eel
Cooked sweetcorn,10000,https://runescape.wiki/w/Exchange:Cooked_sweetcorn
Cooked undead chicken,100,https://runescape.wiki/w/Exchange:Cooked_undead_chicken
Cooked undead meat,100,https://runescape.wiki/w/Exchange:Cooked_undead_meat
Cooking apple,1000,https://runescape.wiki/w/Exchange:Cooking_apple
Cooking flask (6),1000,https://runescape.wiki/w/Exchange:Cooking_flask_(6)
Cooking potion (1),1000,https://runescape.wiki/w/Exchange:Cooking_potion_(1)
Cooking potion (2),1000,https://runescape.wiki/w/Exchange:Cooking_potion_(2)
Cooking potion (3),1000,https://runescape.wiki/w/Exchange:Cooking_potion_(3)
Cooking potion (4),1000,https://runescape.wiki/w/Exchange:Cooking_potion_(4)
Copper ore,25000,https://runescape.wiki/w/Exchange:Copper_ore
Copper stone spirit,25000,https://runescape.wiki/w/Exchange:Copper_stone_spirit
Coral dagger token,2,https://runescape.wiki/w/Exchange:Coral_dagger_token
Coral sword token,2,https://runescape.wiki/w/Exchange:Coral_sword_token
Coraxatrice egg,5000,https://runescape.wiki/w/Exchange:Coraxatrice_egg
Corbicula gelum (unchecked),100,https://runescape.wiki/w/Exchange:Corbicula_gelum_(unchecked)
Corbicula malum (unchecked),100,https://runescape.wiki/w/Exchange:Corbicula_malum_(unchecked)
Corbicula rex (unchecked),100,https://runescape.wiki/w/Exchange:Corbicula_rex_(unchecked)
Corbicula rex meat,1000,https://runescape.wiki/w/Exchange:Corbicula_rex_meat
Corpse spider egg (unchecked),100,https://runescape.wiki/w/Exchange:Corpse_spider_egg_(unchecked)
Corrupt Morrigan's coif,10,https://runescape.wiki/w/Exchange:Corrupt_Morrigan%27s_coif
Corrupt Morrigan's javelin,1000,https://runescape.wiki/w/Exchange:Corrupt_Morrigan%27s_javelin
Corrupt Morrigan's leather body,10,https://runescape.wiki/w/Exchange:Corrupt_Morrigan%27s_leather_body
Corrupt Morrigan's leather chaps,10,https://runescape.wiki/w/Exchange:Corrupt_Morrigan%27s_leather_chaps
Corrupt Morrigan's throwing axe,1000,https://runescape.wiki/w/Exchange:Corrupt_Morrigan%27s_throwing_axe
Corrupt Statius's full helm,10,https://runescape.wiki/w/Exchange:Corrupt_Statius%27s_full_helm
Corrupt Statius's platebody,10,https://runescape.wiki/w/Exchange:Corrupt_Statius%27s_platebody
Corrupt Statius's platelegs,10,https://runescape.wiki/w/Exchange:Corrupt_Statius%27s_platelegs
Corrupt Statius's warhammer,10,https://runescape.wiki/w/Exchange:Corrupt_Statius%27s_warhammer
Corrupt Vesta's chainbody,10,https://runescape.wiki/w/Exchange:Corrupt_Vesta%27s_chainbody
Corrupt Vesta's longsword,10,https://runescape.wiki/w/Exchange:Corrupt_Vesta%27s_longsword
Corrupt Vesta's plateskirt,10,https://runescape.wiki/w/Exchange:Corrupt_Vesta%27s_plateskirt
Corrupt Vesta's spear,10,https://runescape.wiki/w/Exchange:Corrupt_Vesta%27s_spear
Corrupt Zuriel's hood,10,https://runescape.wiki/w/Exchange:Corrupt_Zuriel%27s_hood
Corrupt Zuriel's robe bottom,10,https://runescape.wiki/w/Exchange:Corrupt_Zuriel%27s_robe_bottom
Corrupt Zuriel's robe top,10,https://runescape.wiki/w/Exchange:Corrupt_Zuriel%27s_robe_top
Corrupt Zuriel's staff,10,https://runescape.wiki/w/Exchange:Corrupt_Zuriel%27s_staff
Corrupt dragon battleaxe,10,https://runescape.wiki/w/Exchange:Corrupt_dragon_battleaxe
Corrupt dragon chainbody,10,https://runescape.wiki/w/Exchange:Corrupt_dragon_chainbody
Corrupt dragon dagger,10,https://runescape.wiki/w/Exchange:Corrupt_dragon_dagger
Corrupt dragon helm,10,https://runescape.wiki/w/Exchange:Corrupt_dragon_helm
Corrupt dragon longsword,10,https://runescape.wiki/w/Exchange:Corrupt_dragon_longsword
Corrupt dragon mace,10,https://runescape.wiki/w/Exchange:Corrupt_dragon_mace
Corrupt dragon platelegs,10,https://runescape.wiki/w/Exchange:Corrupt_dragon_platelegs
Corrupt dragon plateskirt,10,https://runescape.wiki/w/Exchange:Corrupt_dragon_plateskirt
Corrupt dragon scimitar,10,https://runescape.wiki/w/Exchange:Corrupt_dragon_scimitar
Corrupt dragon spear,10,https://runescape.wiki/w/Exchange:Corrupt_dragon_spear
Corrupt dragon sq shield,10,https://runescape.wiki/w/Exchange:Corrupt_dragon_sq_shield
Corrupted Chain scroll,2,https://runescape.wiki/w/Exchange:Corrupted_Chain_scroll
Corrupted Combust cosmetic ability scroll,2,https://runescape.wiki/w/Exchange:Corrupted_Combust_cosmetic_ability_scroll
Corrupted Concentrated Blast scroll,2,https://runescape.wiki/w/Exchange:Corrupted_Concentrated_Blast_scroll
Corrupted Creature Wildcard,500,https://runescape.wiki/w/Exchange:Corrupted_Creature_Wildcard
Corrupted Wild Magic scroll,2,https://runescape.wiki/w/Exchange:Corrupted_Wild_Magic_scroll
Corrupted gem,100,https://runescape.wiki/w/Exchange:Corrupted_gem
Corrupted magic logs,25000,https://runescape.wiki/w/Exchange:Corrupted_magic_logs
Cosmic body,10,https://runescape.wiki/w/Exchange:Cosmic_body
Cosmic boots,10,https://runescape.wiki/w/Exchange:Cosmic_boots
Cosmic gloves,10,https://runescape.wiki/w/Exchange:Cosmic_gloves
Cosmic helmet,10,https://runescape.wiki/w/Exchange:Cosmic_helmet
Cosmic rune,25000,https://runescape.wiki/w/Exchange:Cosmic_rune
Cosmic shield,10,https://runescape.wiki/w/Exchange:Cosmic_shield
Cosmic talisman,500,https://runescape.wiki/w/Exchange:Cosmic_talisman
Cosmic tiara,100,https://runescape.wiki/w/Exchange:Cosmic_tiara
Costume skipping ticket,200,https://runescape.wiki/w/Exchange:Costume_skipping_ticket
Cottontail knight helmet token,25,https://runescape.wiki/w/Exchange:Cottontail_knight_helmet_token
Cottontail knight lower body token,25,https://runescape.wiki/w/Exchange:Cottontail_knight_lower_body_token
Cottontail knight upper body token,25,https://runescape.wiki/w/Exchange:Cottontail_knight_upper_body_token
Cowhide,10000,https://runescape.wiki/w/Exchange:Cowhide
Crab hat (tradeable),2,https://runescape.wiki/w/Exchange:Crab_hat_(tradeable)
Crabbe Bunny appearance token,2,https://runescape.wiki/w/Exchange:Crabbe_Bunny_appearance_token
Cracked cooking urn (no rune),400,https://runescape.wiki/w/Exchange:Cracked_cooking_urn_(no_rune)
Cracked divination urn (no rune),400,https://runescape.wiki/w/Exchange:Cracked_divination_urn_(no_rune)
Cracked farming urn (no rune),400,https://runescape.wiki/w/Exchange:Cracked_farming_urn_(no_rune)
Cracked fishing urn (no rune),400,https://runescape.wiki/w/Exchange:Cracked_fishing_urn_(no_rune)
Cracked hunter urn (no rune),400,https://runescape.wiki/w/Exchange:Cracked_hunter_urn_(no_rune)
Cracked mining urn (no rune),400,https://runescape.wiki/w/Exchange:Cracked_mining_urn_(no_rune)
Cracked runecrafting urn (no rune),400,https://runescape.wiki/w/Exchange:Cracked_runecrafting_urn_(no_rune)
Cracked smithing urn (no rune),400,https://runescape.wiki/w/Exchange:Cracked_smithing_urn_(no_rune)
Cracked woodcutting urn (no rune),400,https://runescape.wiki/w/Exchange:Cracked_woodcutting_urn_(no_rune)
Crafting cleaner (Inactive),100,https://runescape.wiki/w/Exchange:Crafting_cleaner_(Inactive)
Crafting flask (6),1000,https://runescape.wiki/w/Exchange:Crafting_flask_(6)
Crafting potion (1),1000,https://runescape.wiki/w/Exchange:Crafting_potion_(1)
Crafting potion (2),1000,https://runescape.wiki/w/Exchange:Crafting_potion_(2)
Crafting potion (3),1000,https://runescape.wiki/w/Exchange:Crafting_potion_(3)
Crafting potion (4),1000,https://runescape.wiki/w/Exchange:Crafting_potion_(4)
Crayfish,10000,https://runescape.wiki/w/Exchange:Crayfish
Crayfish cage,100,https://runescape.wiki/w/Exchange:Crayfish_cage
Cream boots,100,https://runescape.wiki/w/Exchange:Cream_boots
Cream cheese,10000,https://runescape.wiki/w/Exchange:Cream_cheese
Cream hat,100,https://runescape.wiki/w/Exchange:Cream_hat
Cream robe bottoms,100,https://runescape.wiki/w/Exchange:Cream_robe_bottoms
Cream robe top,100,https://runescape.wiki/w/Exchange:Cream_robe_top
Cream tea,1000,https://runescape.wiki/w/Exchange:Cream_tea
Crest of Seren,10,https://runescape.wiki/w/Exchange:Crest_of_Seren
Crest of Sliske,10,https://runescape.wiki/w/Exchange:Crest_of_Sliske
Crest of Zamorak,10,https://runescape.wiki/w/Exchange:Crest_of_Zamorak
Crest of Zaros,10,https://runescape.wiki/w/Exchange:Crest_of_Zaros
Crest of seren shard,1200,https://runescape.wiki/w/Exchange:Crest_of_seren_shard
Crest of sliske shard,1200,https://runescape.wiki/w/Exchange:Crest_of_sliske_shard
Crest of zamorak shard,1200,https://runescape.wiki/w/Exchange:Crest_of_zamorak_shard
Crest of zaros shard,1200,https://runescape.wiki/w/Exchange:Crest_of_zaros_shard
Crimson chinchompa (unchecked),100,https://runescape.wiki/w/Exchange:Crimson_chinchompa_(unchecked)
Crimson skillchompa,20000,https://runescape.wiki/w/Exchange:Crimson_skillchompa
Croesus flakes,40000,https://runescape.wiki/w/Exchange:Croesus_flakes
Croesus foultorch,10,https://runescape.wiki/w/Exchange:Croesus_foultorch
Croesus spore sack,100,https://runescape.wiki/w/Exchange:Croesus_spore_sack
Croesus sporehammer,10,https://runescape.wiki/w/Exchange:Croesus_sporehammer
Crossbow,100,https://runescape.wiki/w/Exchange:Crossbow
Crossbow string,1000,https://runescape.wiki/w/Exchange:Crossbow_string
Crown of Seasons,2,https://runescape.wiki/w/Exchange:Crown_of_Seasons
Crown of the First Necromancer,2,https://runescape.wiki/w/Exchange:Crown_of_the_First_Necromancer
Crude wooden chair (flatpack),100,https://runescape.wiki/w/Exchange:Crude_wooden_chair_(flatpack)
Crushed dragonstone,100,https://runescape.wiki/w/Exchange:Crushed_dragonstone
Crushed nest,10000,https://runescape.wiki/w/Exchange:Crushed_nest
Crustacea armour token,2,https://runescape.wiki/w/Exchange:Crustacea_armour_token
Crusty companion pet token,2,https://runescape.wiki/w/Exchange:Crusty_companion_pet_token
Crux Eqal hood,10,https://runescape.wiki/w/Exchange:Crux_Eqal_hood
Crypt scythe token,25,https://runescape.wiki/w/Exchange:Crypt_scythe_token
Crypt shieldbow token,25,https://runescape.wiki/w/Exchange:Crypt_shieldbow_token
Crypt staff token,25,https://runescape.wiki/w/Exchange:Crypt_staff_token
Cryptbloom boots,100,https://runescape.wiki/w/Exchange:Cryptbloom_boots
Cryptbloom boots (incomplete),10,https://runescape.wiki/w/Exchange:Cryptbloom_boots_(incomplete)
Cryptbloom bottoms,100,https://runescape.wiki/w/Exchange:Cryptbloom_bottoms
Cryptbloom bottoms (incomplete),10,https://runescape.wiki/w/Exchange:Cryptbloom_bottoms_(incomplete)
Cryptbloom gloves,100,https://runescape.wiki/w/Exchange:Cryptbloom_gloves
Cryptbloom gloves (incomplete),10,https://runescape.wiki/w/Exchange:Cryptbloom_gloves_(incomplete)
Cryptbloom helm,100,https://runescape.wiki/w/Exchange:Cryptbloom_helm
Cryptbloom helm (incomplete),10,https://runescape.wiki/w/Exchange:Cryptbloom_helm_(incomplete)
Cryptbloom top,100,https://runescape.wiki/w/Exchange:Cryptbloom_top
Cryptbloom top (incomplete),10,https://runescape.wiki/w/Exchange:Cryptbloom_top_(incomplete)
Crystal Shapeshifter Wildcard,500,https://runescape.wiki/w/Exchange:Crystal_Shapeshifter_Wildcard
Crystal armour seed,100,https://runescape.wiki/w/Exchange:Crystal_armour_seed
Crystal ball token,2,https://runescape.wiki/w/Exchange:Crystal_ball_token
Crystal body,5,https://runescape.wiki/w/Exchange:Crystal_body
Crystal boots,5,https://runescape.wiki/w/Exchange:Crystal_boots
Crystal bow,2,https://runescape.wiki/w/Exchange:Crystal_bow
Crystal chakram,2,https://runescape.wiki/w/Exchange:Crystal_chakram
Crystal chinchompa (unchecked),100,https://runescape.wiki/w/Exchange:Crystal_chinchompa_(unchecked)
Crystal dagger,2,https://runescape.wiki/w/Exchange:Crystal_dagger
Crystal deflector,2,https://runescape.wiki/w/Exchange:Crystal_deflector
Crystal flask,1000,https://runescape.wiki/w/Exchange:Crystal_flask
Crystal gloves,5,https://runescape.wiki/w/Exchange:Crystal_gloves
Crystal halberd,2,https://runescape.wiki/w/Exchange:Crystal_halberd
Crystal helm,5,https://runescape.wiki/w/Exchange:Crystal_helm
Crystal impling jar,100,https://runescape.wiki/w/Exchange:Crystal_impling_jar
Crystal key,100,https://runescape.wiki/w/Exchange:Crystal_key
Crystal legs,5,https://runescape.wiki/w/Exchange:Crystal_legs
Crystal orb,2,https://runescape.wiki/w/Exchange:Crystal_orb
Crystal shield,2,https://runescape.wiki/w/Exchange:Crystal_shield
Crystal skillchompa,20000,https://runescape.wiki/w/Exchange:Crystal_skillchompa
Crystal staff,2,https://runescape.wiki/w/Exchange:Crystal_staff
Crystal tool seed,100,https://runescape.wiki/w/Exchange:Crystal_tool_seed
Crystal tool siphon,200,https://runescape.wiki/w/Exchange:Crystal_tool_siphon
Crystal wand,2,https://runescape.wiki/w/Exchange:Crystal_wand
Crystal ward,2,https://runescape.wiki/w/Exchange:Crystal_ward
Crystal weapon seed,100,https://runescape.wiki/w/Exchange:Crystal_weapon_seed
Crystalline essence,100,https://runescape.wiki/w/Exchange:Crystalline_essence
Cup of hot water,100,https://runescape.wiki/w/Exchange:Cup_of_hot_water
Cup of tea,1000,https://runescape.wiki/w/Exchange:Cup_of_tea
Cup of water,100,https://runescape.wiki/w/Exchange:Cup_of_water
Cured yak-hide,5000,https://runescape.wiki/w/Exchange:Cured_yak-hide
Curry,200,https://runescape.wiki/w/Exchange:Curry
Curry leaf,5000,https://runescape.wiki/w/Exchange:Curry_leaf
Curry tree seed,100,https://runescape.wiki/w/Exchange:Curry_tree_seed
Cursed Amascut sand,100,https://runescape.wiki/w/Exchange:Cursed_Amascut_sand
Cyan Candy Cane Token,2,https://runescape.wiki/w/Exchange:Cyan_Candy_Cane_Token
Cyclopean helmet,10,https://runescape.wiki/w/Exchange:Cyclopean_helmet
Daemoncap zygomite (unchecked),100,https://runescape.wiki/w/Exchange:Daemoncap_zygomite_(unchecked)
Dagannoth Kings teleport,1000,https://runescape.wiki/w/Exchange:Dagannoth_Kings_teleport
Dagannoth bones,10000,https://runescape.wiki/w/Exchange:Dagannoth_bones
Dagannoth hide,500,https://runescape.wiki/w/Exchange:Dagannoth_hide
Dagon'hai hat,10,https://runescape.wiki/w/Exchange:Dagon%27hai_hat
Dagon'hai robe bottom,10,https://runescape.wiki/w/Exchange:Dagon%27hai_robe_bottom
Dagon'hai robe top,10,https://runescape.wiki/w/Exchange:Dagon%27hai_robe_top
Dagon'hai robes set,10,https://runescape.wiki/w/Exchange:Dagon%27hai_robes_set
Daisy Basket Token,2,https://runescape.wiki/w/Exchange:Daisy_Basket_Token
Dancer outfit token,2,https://runescape.wiki/w/Exchange:Dancer_outfit_token
Dareeyak teleport (item),1000,https://runescape.wiki/w/Exchange:Dareeyak_teleport_(item)
Dark Facet of Grace,2,https://runescape.wiki/w/Exchange:Dark_Facet_of_Grace
Dark Facet of Luck,2,https://runescape.wiki/w/Exchange:Dark_Facet_of_Luck
Dark Facet of Passage,2,https://runescape.wiki/w/Exchange:Dark_Facet_of_Passage
Dark Phoenix Knight Armour token,2,https://runescape.wiki/w/Exchange:Dark_Phoenix_Knight_Armour_token
Dark Shard of Leng,2,https://runescape.wiki/w/Exchange:Dark_Shard_of_Leng
Dark Sliver of Leng,2,https://runescape.wiki/w/Exchange:Dark_Sliver_of_Leng
Dark animica,25000,https://runescape.wiki/w/Exchange:Dark_animica
Dark animica stone spirit,25000,https://runescape.wiki/w/Exchange:Dark_animica_stone_spirit
Dark arrow,10000,https://runescape.wiki/w/Exchange:Dark_arrow
Dark arrowheads,100000,https://runescape.wiki/w/Exchange:Dark_arrowheads
Dark bow,10,https://runescape.wiki/w/Exchange:Dark_bow
Dark cavalier,2,https://runescape.wiki/w/Exchange:Dark_cavalier
Dark ice shard,2,https://runescape.wiki/w/Exchange:Dark_ice_shard
Dark ice sliver,2,https://runescape.wiki/w/Exchange:Dark_ice_sliver
Dark kebbit fur,100,https://runescape.wiki/w/Exchange:Dark_kebbit_fur
Dark mystic boots,100,https://runescape.wiki/w/Exchange:Dark_mystic_boots
Dark mystic gloves,100,https://runescape.wiki/w/Exchange:Dark_mystic_gloves
Dark mystic hat,100,https://runescape.wiki/w/Exchange:Dark_mystic_hat
Dark mystic robe bottom,100,https://runescape.wiki/w/Exchange:Dark_mystic_robe_bottom
Dark mystic robe top,100,https://runescape.wiki/w/Exchange:Dark_mystic_robe_top
Dark mystic robes set,100,https://runescape.wiki/w/Exchange:Dark_mystic_robes_set
Dashing kebbit fur,100,https://runescape.wiki/w/Exchange:Dashing_kebbit_fur
Davy kebbit hat,100,https://runescape.wiki/w/Exchange:Davy_kebbit_hat
Dazzling whirligig shell,100,https://runescape.wiki/w/Exchange:Dazzling_whirligig_shell
Deacon demon pouch,5000,https://runescape.wiki/w/Exchange:Deacon_demon_pouch
Deadly Highwayman's Outfit (Master) token,2,https://runescape.wiki/w/Exchange:Deadly_Highwayman%27s_Outfit_(Master)_token
Death Lotus chaps,2,https://runescape.wiki/w/Exchange:Death_Lotus_chaps
Death Lotus chestplate,2,https://runescape.wiki/w/Exchange:Death_Lotus_chestplate
Death Lotus hood,2,https://runescape.wiki/w/Exchange:Death_Lotus_hood
Death guard (tier 20),100,https://runescape.wiki/w/Exchange:Death_guard_(tier_20)
Death guard (tier 30),100,https://runescape.wiki/w/Exchange:Death_guard_(tier_30)
Death guard (tier 40),100,https://runescape.wiki/w/Exchange:Death_guard_(tier_40)
Death guard (tier 50),100,https://runescape.wiki/w/Exchange:Death_guard_(tier_50)
Death guard (tier 60),100,https://runescape.wiki/w/Exchange:Death_guard_(tier_60)
Death guard (tier 70),100,https://runescape.wiki/w/Exchange:Death_guard_(tier_70)
Death guard (tier 80),100,https://runescape.wiki/w/Exchange:Death_guard_(tier_80)
Death guard (tier 90),100,https://runescape.wiki/w/Exchange:Death_guard_(tier_90)
Death lotus extract,100,https://runescape.wiki/w/Exchange:Death_lotus_extract
Death notes,100,https://runescape.wiki/w/Exchange:Death_notes
Death rune,25000,https://runescape.wiki/w/Exchange:Death_rune
Death talisman,100,https://runescape.wiki/w/Exchange:Death_talisman
Death tiara,100,https://runescape.wiki/w/Exchange:Death_tiara
Deathdealer boots (tier 70),100,https://runescape.wiki/w/Exchange:Deathdealer_boots_(tier_70)
Deathdealer boots (tier 80),100,https://runescape.wiki/w/Exchange:Deathdealer_boots_(tier_80)
Deathdealer boots (tier 90),100,https://runescape.wiki/w/Exchange:Deathdealer_boots_(tier_90)
Deathdealer gloves (tier 70),100,https://runescape.wiki/w/Exchange:Deathdealer_gloves_(tier_70)
Deathdealer gloves (tier 80),100,https://runescape.wiki/w/Exchange:Deathdealer_gloves_(tier_80)
Deathdealer gloves (tier 90),100,https://runescape.wiki/w/Exchange:Deathdealer_gloves_(tier_90)
Deathdealer hood (tier 70),100,https://runescape.wiki/w/Exchange:Deathdealer_hood_(tier_70)
Deathdealer hood (tier 80),100,https://runescape.wiki/w/Exchange:Deathdealer_hood_(tier_80)
Deathdealer hood (tier 90),100,https://runescape.wiki/w/Exchange:Deathdealer_hood_(tier_90)
Deathdealer robe bottom (tier 70),100,https://runescape.wiki/w/Exchange:Deathdealer_robe_bottom_(tier_70)
Deathdealer robe bottom (tier 80),100,https://runescape.wiki/w/Exchange:Deathdealer_robe_bottom_(tier_80)
Deathdealer robe bottom (tier 90),100,https://runescape.wiki/w/Exchange:Deathdealer_robe_bottom_(tier_90)
Deathdealer robe top (tier 70),100,https://runescape.wiki/w/Exchange:Deathdealer_robe_top_(tier_70)
Deathdealer robe top (tier 80),100,https://runescape.wiki/w/Exchange:Deathdealer_robe_top_(tier_80)
Deathdealer robe top (tier 90),100,https://runescape.wiki/w/Exchange:Deathdealer_robe_top_(tier_90)
Deathspore arrow tips,10000,https://runescape.wiki/w/Exchange:Deathspore_arrow_tips
Deathspore arrows,10000,https://runescape.wiki/w/Exchange:Deathspore_arrows
Deathstorm drape,10,https://runescape.wiki/w/Exchange:Deathstorm_drape
Deathtouch bracelet,100,https://runescape.wiki/w/Exchange:Deathtouch_bracelet
Deathwarden boots (tier 20),100,https://runescape.wiki/w/Exchange:Deathwarden_boots_(tier_20)
Deathwarden boots (tier 30),100,https://runescape.wiki/w/Exchange:Deathwarden_boots_(tier_30)
Deathwarden boots (tier 40),100,https://runescape.wiki/w/Exchange:Deathwarden_boots_(tier_40)
Deathwarden boots (tier 50),100,https://runescape.wiki/w/Exchange:Deathwarden_boots_(tier_50)
Deathwarden boots (tier 60),100,https://runescape.wiki/w/Exchange:Deathwarden_boots_(tier_60)
Deathwarden boots (tier 70),100,https://runescape.wiki/w/Exchange:Deathwarden_boots_(tier_70)
Deathwarden boots (tier 80),100,https://runescape.wiki/w/Exchange:Deathwarden_boots_(tier_80)
Deathwarden boots (tier 90),100,https://runescape.wiki/w/Exchange:Deathwarden_boots_(tier_90)
Deathwarden gloves (tier 20),100,https://runescape.wiki/w/Exchange:Deathwarden_gloves_(tier_20)
Deathwarden gloves (tier 30),100,https://runescape.wiki/w/Exchange:Deathwarden_gloves_(tier_30)
Deathwarden gloves (tier 40),100,https://runescape.wiki/w/Exchange:Deathwarden_gloves_(tier_40)
Deathwarden gloves (tier 50),100,https://runescape.wiki/w/Exchange:Deathwarden_gloves_(tier_50)
Deathwarden gloves (tier 60),100,https://runescape.wiki/w/Exchange:Deathwarden_gloves_(tier_60)
Deathwarden gloves (tier 70),100,https://runescape.wiki/w/Exchange:Deathwarden_gloves_(tier_70)
Deathwarden gloves (tier 80),100,https://runescape.wiki/w/Exchange:Deathwarden_gloves_(tier_80)
Deathwarden gloves (tier 90),100,https://runescape.wiki/w/Exchange:Deathwarden_gloves_(tier_90)
Deathwarden hood (tier 20),100,https://runescape.wiki/w/Exchange:Deathwarden_hood_(tier_20)
Deathwarden hood (tier 30),100,https://runescape.wiki/w/Exchange:Deathwarden_hood_(tier_30)
Deathwarden hood (tier 40),100,https://runescape.wiki/w/Exchange:Deathwarden_hood_(tier_40)
Deathwarden hood (tier 50),100,https://runescape.wiki/w/Exchange:Deathwarden_hood_(tier_50)
Deathwarden hood (tier 60),100,https://runescape.wiki/w/Exchange:Deathwarden_hood_(tier_60)
Deathwarden hood (tier 70),100,https://runescape.wiki/w/Exchange:Deathwarden_hood_(tier_70)
Deathwarden hood (tier 80),100,https://runescape.wiki/w/Exchange:Deathwarden_hood_(tier_80)
Deathwarden hood (tier 90),100,https://runescape.wiki/w/Exchange:Deathwarden_hood_(tier_90)
Deathwarden robe bottom (tier 20),100,https://runescape.wiki/w/Exchange:Deathwarden_robe_bottom_(tier_20)
Deathwarden robe bottom (tier 30),100,https://runescape.wiki/w/Exchange:Deathwarden_robe_bottom_(tier_30)
Deathwarden robe bottom (tier 40),100,https://runescape.wiki/w/Exchange:Deathwarden_robe_bottom_(tier_40)
Deathwarden robe bottom (tier 50),100,https://runescape.wiki/w/Exchange:Deathwarden_robe_bottom_(tier_50)
Deathwarden robe bottom (tier 60),100,https://runescape.wiki/w/Exchange:Deathwarden_robe_bottom_(tier_60)
Deathwarden robe bottom (tier 70),100,https://runescape.wiki/w/Exchange:Deathwarden_robe_bottom_(tier_70)
Deathwarden robe bottom (tier 80),100,https://runescape.wiki/w/Exchange:Deathwarden_robe_bottom_(tier_80)
Deathwarden robe bottom (tier 90),100,https://runescape.wiki/w/Exchange:Deathwarden_robe_bottom_(tier_90)
Deathwarden robe top (tier 20),100,https://runescape.wiki/w/Exchange:Deathwarden_robe_top_(tier_20)
Deathwarden robe top (tier 30),100,https://runescape.wiki/w/Exchange:Deathwarden_robe_top_(tier_30)
Deathwarden robe top (tier 40),100,https://runescape.wiki/w/Exchange:Deathwarden_robe_top_(tier_40)
Deathwarden robe top (tier 50),100,https://runescape.wiki/w/Exchange:Deathwarden_robe_top_(tier_50)
Deathwarden robe top (tier 60),100,https://runescape.wiki/w/Exchange:Deathwarden_robe_top_(tier_60)
Deathwarden robe top (tier 70),100,https://runescape.wiki/w/Exchange:Deathwarden_robe_top_(tier_70)
Deathwarden robe top (tier 80),100,https://runescape.wiki/w/Exchange:Deathwarden_robe_top_(tier_80)
Deathwarden robe top (tier 90),100,https://runescape.wiki/w/Exchange:Deathwarden_robe_top_(tier_90)
Decimation,2,https://runescape.wiki/w/Exchange:Decimation
Deck Caster Woodcutting token,2,https://runescape.wiki/w/Exchange:Deck_Caster_Woodcutting_token
Decorated cooking urn (no rune),400,https://runescape.wiki/w/Exchange:Decorated_cooking_urn_(no_rune)
Decorated divination urn (no rune),400,https://runescape.wiki/w/Exchange:Decorated_divination_urn_(no_rune)
Decorated farming urn (no rune),400,https://runescape.wiki/w/Exchange:Decorated_farming_urn_(no_rune)
Decorated fishing urn (no rune),400,https://runescape.wiki/w/Exchange:Decorated_fishing_urn_(no_rune)
Decorated hunter urn (no rune),400,https://runescape.wiki/w/Exchange:Decorated_hunter_urn_(no_rune)
Decorated mining urn (no rune),400,https://runescape.wiki/w/Exchange:Decorated_mining_urn_(no_rune)
Decorated runecrafting urn (no rune),400,https://runescape.wiki/w/Exchange:Decorated_runecrafting_urn_(no_rune)
Decorated smithing urn (no rune),400,https://runescape.wiki/w/Exchange:Decorated_smithing_urn_(no_rune)
Decorated woodcutting urn (no rune),400,https://runescape.wiki/w/Exchange:Decorated_woodcutting_urn_(no_rune)
Defence flask (6),1000,https://runescape.wiki/w/Exchange:Defence_flask_(6)
Defence mix (1),1000,https://runescape.wiki/w/Exchange:Defence_mix_(1)
Defence mix (2),1000,https://runescape.wiki/w/Exchange:Defence_mix_(2)
Defence potion (1),1000,https://runescape.wiki/w/Exchange:Defence_potion_(1)
Defence potion (2),1000,https://runescape.wiki/w/Exchange:Defence_potion_(2)
Defence potion (3),1000,https://runescape.wiki/w/Exchange:Defence_potion_(3)
Defence potion (4),1000,https://runescape.wiki/w/Exchange:Defence_potion_(4)
Delicious honeycomb,5000,https://runescape.wiki/w/Exchange:Delicious_honeycomb
Delver's anklet (new),500,https://runescape.wiki/w/Exchange:Delver%27s_anklet_(new)
Demon Slayer ability codex,100,https://runescape.wiki/w/Exchange:Demon_Slayer_ability_codex
Demon claw,100,https://runescape.wiki/w/Exchange:Demon_claw
Demon slayer boots,1,https://runescape.wiki/w/Exchange:Demon_slayer_boots
Demon slayer circlet,1,https://runescape.wiki/w/Exchange:Demon_slayer_circlet
Demon slayer crossbow,1,https://runescape.wiki/w/Exchange:Demon_slayer_crossbow
Demon slayer gloves,1,https://runescape.wiki/w/Exchange:Demon_slayer_gloves
Demon slayer skirt,1,https://runescape.wiki/w/Exchange:Demon_slayer_skirt
Demon slayer torso,1,https://runescape.wiki/w/Exchange:Demon_slayer_torso
Demonhide,5000,https://runescape.wiki/w/Exchange:Demonhide
Demonic essence,100,https://runescape.wiki/w/Exchange:Demonic_essence
Demonic title scroll (blazing),2,https://runescape.wiki/w/Exchange:Demonic_title_scroll_(blazing)
Demonic title scroll (castellan),2,https://runescape.wiki/w/Exchange:Demonic_title_scroll_(castellan)
Demonic title scroll (corrupting),2,https://runescape.wiki/w/Exchange:Demonic_title_scroll_(corrupting)
Demonic title scroll (deacon),2,https://runescape.wiki/w/Exchange:Demonic_title_scroll_(deacon)
Demonic title scroll (executioner),2,https://runescape.wiki/w/Exchange:Demonic_title_scroll_(executioner)
Demonic title scroll (frostborn),2,https://runescape.wiki/w/Exchange:Demonic_title_scroll_(frostborn)
Demonic title scroll (general),2,https://runescape.wiki/w/Exchange:Demonic_title_scroll_(general)
Demonic title scroll (glorious),2,https://runescape.wiki/w/Exchange:Demonic_title_scroll_(glorious)
Demonic title scroll (infernal),2,https://runescape.wiki/w/Exchange:Demonic_title_scroll_(infernal)
Demonic title scroll (obscured),2,https://runescape.wiki/w/Exchange:Demonic_title_scroll_(obscured)
Demonic title scroll (pestilent),2,https://runescape.wiki/w/Exchange:Demonic_title_scroll_(pestilent)
Demonic title scroll (rending),2,https://runescape.wiki/w/Exchange:Demonic_title_scroll_(rending)
Demonic title scroll (shattering),2,https://runescape.wiki/w/Exchange:Demonic_title_scroll_(shattering)
Demonic title scroll (terrifying),2,https://runescape.wiki/w/Exchange:Demonic_title_scroll_(terrifying)
Demonic title scroll (the deceiver),2,https://runescape.wiki/w/Exchange:Demonic_title_scroll_(the_deceiver)
Dense honeycomb,5000,https://runescape.wiki/w/Exchange:Dense_honeycomb
Desert Wyrm scroll (Electric Lash),5000,https://runescape.wiki/w/Exchange:Desert_Wyrm_scroll_(Electric_Lash)
Desert boots,100,https://runescape.wiki/w/Exchange:Desert_boots
Desert camo legs,100,https://runescape.wiki/w/Exchange:Desert_camo_legs
Desert camo top,100,https://runescape.wiki/w/Exchange:Desert_camo_top
Desert devil fur,100,https://runescape.wiki/w/Exchange:Desert_devil_fur
Desert goat horn,10000,https://runescape.wiki/w/Exchange:Desert_goat_horn
Desert legs,100,https://runescape.wiki/w/Exchange:Desert_legs
Desert robe,100,https://runescape.wiki/w/Exchange:Desert_robe
Desert robes,100,https://runescape.wiki/w/Exchange:Desert_robes
Desert shirt,100,https://runescape.wiki/w/Exchange:Desert_shirt
Desert sole,10000,https://runescape.wiki/w/Exchange:Desert_sole
Desert top,100,https://runescape.wiki/w/Exchange:Desert_top
Desert top (overcoat),100,https://runescape.wiki/w/Exchange:Desert_top_(overcoat)
Desert wyrm pouch,5000,https://runescape.wiki/w/Exchange:Desert_wyrm_pouch
Devil's snare seed,100,https://runescape.wiki/w/Exchange:Devil%27s_snare_seed
Devourer's Guard,2,https://runescape.wiki/w/Exchange:Devourer%27s_Guard
Dharok's greataxe,10,https://runescape.wiki/w/Exchange:Dharok%27s_greataxe
Dharok's greataxe (broken),10,https://runescape.wiki/w/Exchange:Dharok%27s_greataxe_(broken)
Dharok's helm,10,https://runescape.wiki/w/Exchange:Dharok%27s_helm
Dharok's helm (broken),10,https://runescape.wiki/w/Exchange:Dharok%27s_helm_(broken)
Dharok's platebody,10,https://runescape.wiki/w/Exchange:Dharok%27s_platebody
Dharok's platebody (broken),10,https://runescape.wiki/w/Exchange:Dharok%27s_platebody_(broken)
Dharok's platelegs,10,https://runescape.wiki/w/Exchange:Dharok%27s_platelegs
Dharok's platelegs (broken),10,https://runescape.wiki/w/Exchange:Dharok%27s_platelegs_(broken)
Diamond,5000,https://runescape.wiki/w/Exchange:Diamond
Diamond Cane,2,https://runescape.wiki/w/Exchange:Diamond_Cane
Diamond Gauntlets Token,2,https://runescape.wiki/w/Exchange:Diamond_Gauntlets_Token
Diamond Suit token,2,https://runescape.wiki/w/Exchange:Diamond_Suit_token
Diamond amulet,5000,https://runescape.wiki/w/Exchange:Diamond_amulet
Diamond amulet (unstrung),5000,https://runescape.wiki/w/Exchange:Diamond_amulet_(unstrung)
Diamond bakriminel bolts,1000,https://runescape.wiki/w/Exchange:Diamond_bakriminel_bolts
Diamond bakriminel bolts (e),1000,https://runescape.wiki/w/Exchange:Diamond_bakriminel_bolts_(e)
Diamond bolt tips,10000,https://runescape.wiki/w/Exchange:Diamond_bolt_tips
Diamond bolts,10000,https://runescape.wiki/w/Exchange:Diamond_bolts
Diamond bolts (e),25000,https://runescape.wiki/w/Exchange:Diamond_bolts_(e)
Diamond bracelet,5000,https://runescape.wiki/w/Exchange:Diamond_bracelet
Diamond necklace,5000,https://runescape.wiki/w/Exchange:Diamond_necklace
Diamond ring,5000,https://runescape.wiki/w/Exchange:Diamond_ring
Dinarrow,10000,https://runescape.wiki/w/Exchange:Dinarrow
Dinosaur 'propellant',30000,https://runescape.wiki/w/Exchange:Dinosaur_%27propellant%27
Dinosaur bones,5000,https://runescape.wiki/w/Exchange:Dinosaur_bones
Dinosaur claws,1000,https://runescape.wiki/w/Exchange:Dinosaur_claws
Dinosaur hide,500,https://runescape.wiki/w/Exchange:Dinosaur_hide
Dinosaur leather,500,https://runescape.wiki/w/Exchange:Dinosaur_leather
Dinosaur scale,100000,https://runescape.wiki/w/Exchange:Dinosaur_scale
Dinosaurhide body,1000,https://runescape.wiki/w/Exchange:Dinosaurhide_body
Dinosaurhide boots,100,https://runescape.wiki/w/Exchange:Dinosaurhide_boots
Dinosaurhide chaps,1000,https://runescape.wiki/w/Exchange:Dinosaurhide_chaps
Dinosaurhide cowl,10,https://runescape.wiki/w/Exchange:Dinosaurhide_cowl
Dinosaurhide gloves,100,https://runescape.wiki/w/Exchange:Dinosaurhide_gloves
Diseased jadinko (unchecked),100,https://runescape.wiki/w/Exchange:Diseased_jadinko_(unchecked)
Diseased kebbit fur,100,https://runescape.wiki/w/Exchange:Diseased_kebbit_fur
Disk of returning,2,https://runescape.wiki/w/Exchange:Disk_of_returning
Divert ability codex,2,https://runescape.wiki/w/Exchange:Divert_ability_codex
Divination flask (6),1000,https://runescape.wiki/w/Exchange:Divination_flask_(6)
Divination potion (1),1000,https://runescape.wiki/w/Exchange:Divination_potion_(1)
Divination potion (2),1000,https://runescape.wiki/w/Exchange:Divination_potion_(2)
Divination potion (3),1000,https://runescape.wiki/w/Exchange:Divination_potion_(3)
Divination potion (4),1000,https://runescape.wiki/w/Exchange:Divination_potion_(4)
Divine Moon Guard and Lantern override token,2,https://runescape.wiki/w/Exchange:Divine_Moon_Guard_and_Lantern_override_token
Divine Rage prayer codex,2,https://runescape.wiki/w/Exchange:Divine_Rage_prayer_codex
Divine bowstring,10,https://runescape.wiki/w/Exchange:Divine_bowstring
Divine charge,1000,https://runescape.wiki/w/Exchange:Divine_charge
Divine charge (empty),1000,https://runescape.wiki/w/Exchange:Divine_charge_(empty)
Divine impling jar,100,https://runescape.wiki/w/Exchange:Divine_impling_jar
Divine sigil,1,https://runescape.wiki/w/Exchange:Divine_sigil
Divine sigil shard,120,https://runescape.wiki/w/Exchange:Divine_sigil_shard
Divine spirit shield,1,https://runescape.wiki/w/Exchange:Divine_spirit_shield
Dizzy stick teleport token,2,https://runescape.wiki/w/Exchange:Dizzy_stick_teleport_token
Dizzy stick token,2,https://runescape.wiki/w/Exchange:Dizzy_stick_token
Dojo Mojo Bunny appearance token,2,https://runescape.wiki/w/Exchange:Dojo_Mojo_Bunny_appearance_token
Dolorous Witch Outfit token,2,https://runescape.wiki/w/Exchange:Dolorous_Witch_Outfit_token
Dolorous Witch hairstyle token,2,https://runescape.wiki/w/Exchange:Dolorous_Witch_hairstyle_token
Dorgeshuun crossbow,100,https://runescape.wiki/w/Exchange:Dorgeshuun_crossbow
Dormant Seren godbow,2,https://runescape.wiki/w/Exchange:Dormant_Seren_godbow
Dormant Zaros godsword,2,https://runescape.wiki/w/Exchange:Dormant_Zaros_godsword
Dormant anima core body,10,https://runescape.wiki/w/Exchange:Dormant_anima_core_body
Dormant anima core body shard,1200,https://runescape.wiki/w/Exchange:Dormant_anima_core_body_shard
Dormant anima core helm,10,https://runescape.wiki/w/Exchange:Dormant_anima_core_helm
Dormant anima core helm shard,1200,https://runescape.wiki/w/Exchange:Dormant_anima_core_helm_shard
Dormant anima core legs,10,https://runescape.wiki/w/Exchange:Dormant_anima_core_legs
Dormant anima core legs shard,1200,https://runescape.wiki/w/Exchange:Dormant_anima_core_legs_shard
Dormant staff of Sliske,2,https://runescape.wiki/w/Exchange:Dormant_staff_of_Sliske
Double Escape codex,2,https://runescape.wiki/w/Exchange:Double_Escape_codex
Double Surge codex,2,https://runescape.wiki/w/Exchange:Double_Surge_codex
Double pirate hooks,10,https://runescape.wiki/w/Exchange:Double_pirate_hooks
Doughnut,1000,https://runescape.wiki/w/Exchange:Doughnut
Dracolich boots,100,https://runescape.wiki/w/Exchange:Dracolich_boots
Dracolich chaps,100,https://runescape.wiki/w/Exchange:Dracolich_chaps
Dracolich coif,100,https://runescape.wiki/w/Exchange:Dracolich_coif
Dracolich hauberk,100,https://runescape.wiki/w/Exchange:Dracolich_hauberk
Dracolich vambraces,100,https://runescape.wiki/w/Exchange:Dracolich_vambraces
Draconic energy,1000,https://runescape.wiki/w/Exchange:Draconic_energy
Draconic jadinko (unchecked),100,https://runescape.wiki/w/Exchange:Draconic_jadinko_(unchecked)
Draconic shards,1200,https://runescape.wiki/w/Exchange:Draconic_shards
Draconic visage,10,https://runescape.wiki/w/Exchange:Draconic_visage
Dragon 2h crossbow,10,https://runescape.wiki/w/Exchange:Dragon_2h_crossbow
Dragon 2h sword,10,https://runescape.wiki/w/Exchange:Dragon_2h_sword
Dragon Rider body,5000,https://runescape.wiki/w/Exchange:Dragon_Rider_body
Dragon Rider boots,100,https://runescape.wiki/w/Exchange:Dragon_Rider_boots
Dragon Rider cape,5000,https://runescape.wiki/w/Exchange:Dragon_Rider_cape
Dragon Rider chaps,5000,https://runescape.wiki/w/Exchange:Dragon_Rider_chaps
Dragon Rider gloves,100,https://runescape.wiki/w/Exchange:Dragon_Rider_gloves
Dragon Rider helm,5000,https://runescape.wiki/w/Exchange:Dragon_Rider_helm
Dragon Rider kit,5000,https://runescape.wiki/w/Exchange:Dragon_Rider_kit
Dragon Rider lance,2,https://runescape.wiki/w/Exchange:Dragon_Rider_lance
Dragon Slayer ability codex,100,https://runescape.wiki/w/Exchange:Dragon_Slayer_ability_codex
Dragon arrow,10000,https://runescape.wiki/w/Exchange:Dragon_arrow
Dragon arrowheads,100000,https://runescape.wiki/w/Exchange:Dragon_arrowheads
Dragon bane 2h sword,1000,https://runescape.wiki/w/Exchange:Dragon_bane_2h_sword
Dragon bane longsword,1000,https://runescape.wiki/w/Exchange:Dragon_bane_longsword
Dragon bane off-hand longsword,1000,https://runescape.wiki/w/Exchange:Dragon_bane_off-hand_longsword
Dragon bane square shield,1000,https://runescape.wiki/w/Exchange:Dragon_bane_square_shield
Dragon battleaxe,10,https://runescape.wiki/w/Exchange:Dragon_battleaxe
Dragon battlestaff,100,https://runescape.wiki/w/Exchange:Dragon_battlestaff
Dragon bitter,100,https://runescape.wiki/w/Exchange:Dragon_bitter
Dragon bitter (1),100,https://runescape.wiki/w/Exchange:Dragon_bitter_(1)
Dragon bitter (2),100,https://runescape.wiki/w/Exchange:Dragon_bitter_(2)
Dragon bitter (3),100,https://runescape.wiki/w/Exchange:Dragon_bitter_(3)
Dragon bitter (4),100,https://runescape.wiki/w/Exchange:Dragon_bitter_(4)
Dragon bitter (barrel) (flatpack),100,https://runescape.wiki/w/Exchange:Dragon_bitter_(barrel)_(flatpack)
Dragon bitter (m),100,https://runescape.wiki/w/Exchange:Dragon_bitter_(m)
Dragon bitter (m1),100,https://runescape.wiki/w/Exchange:Dragon_bitter_(m1)
Dragon bitter (m2),100,https://runescape.wiki/w/Exchange:Dragon_bitter_(m2)
Dragon bitter (m3),100,https://runescape.wiki/w/Exchange:Dragon_bitter_(m3)
Dragon bitter (m4),100,https://runescape.wiki/w/Exchange:Dragon_bitter_(m4)
Dragon bolt tips,10000,https://runescape.wiki/w/Exchange:Dragon_bolt_tips
Dragon bolts,10000,https://runescape.wiki/w/Exchange:Dragon_bolts
Dragon bolts (e),25000,https://runescape.wiki/w/Exchange:Dragon_bolts_(e)
Dragon bones,10000,https://runescape.wiki/w/Exchange:Dragon_bones
Dragon boots,10,https://runescape.wiki/w/Exchange:Dragon_boots
Dragon cane,2,https://runescape.wiki/w/Exchange:Dragon_cane
Dragon chain armour set (lg),10,https://runescape.wiki/w/Exchange:Dragon_chain_armour_set_(lg)
Dragon chain armour set (sk),10,https://runescape.wiki/w/Exchange:Dragon_chain_armour_set_(sk)
Dragon chainbody,10,https://runescape.wiki/w/Exchange:Dragon_chainbody
Dragon claw,10,https://runescape.wiki/w/Exchange:Dragon_claw
Dragon crested shoulder cape,5,https://runescape.wiki/w/Exchange:Dragon_crested_shoulder_cape
Dragon crossbow,10,https://runescape.wiki/w/Exchange:Dragon_crossbow
Dragon crossbow (unstrung),1000,https://runescape.wiki/w/Exchange:Dragon_crossbow_(unstrung)
Dragon dagger,10,https://runescape.wiki/w/Exchange:Dragon_dagger
Dragon dart,1500,https://runescape.wiki/w/Exchange:Dragon_dart
Dragon dart tip,100000,https://runescape.wiki/w/Exchange:Dragon_dart_tip
Dragon fire arrows (lit),1000,https://runescape.wiki/w/Exchange:Dragon_fire_arrows_(lit)
Dragon fire arrows (unlit),1000,https://runescape.wiki/w/Exchange:Dragon_fire_arrows_(unlit)
Dragon full helm,10,https://runescape.wiki/w/Exchange:Dragon_full_helm
Dragon full helm ornament kit (or),2,https://runescape.wiki/w/Exchange:Dragon_full_helm_ornament_kit_(or)
Dragon full helm ornament kit (sp),2,https://runescape.wiki/w/Exchange:Dragon_full_helm_ornament_kit_(sp)
Dragon gauntlets,10,https://runescape.wiki/w/Exchange:Dragon_gauntlets
Dragon halberd,10,https://runescape.wiki/w/Exchange:Dragon_halberd
Dragon harpoon,100,https://runescape.wiki/w/Exchange:Dragon_harpoon
Dragon hasta,10,https://runescape.wiki/w/Exchange:Dragon_hasta
Dragon hatchet,10,https://runescape.wiki/w/Exchange:Dragon_hatchet
Dragon hatchet shard,1200,https://runescape.wiki/w/Exchange:Dragon_hatchet_shard
Dragon helm,100,https://runescape.wiki/w/Exchange:Dragon_helm
Dragon impling jar,100,https://runescape.wiki/w/Exchange:Dragon_impling_jar
Dragon javelin,1000,https://runescape.wiki/w/Exchange:Dragon_javelin
Dragon kite ornament kit (or),2,https://runescape.wiki/w/Exchange:Dragon_kite_ornament_kit_(or)
Dragon kite ornament kit (sp),2,https://runescape.wiki/w/Exchange:Dragon_kite_ornament_kit_(sp)
Dragon kiteshield,100,https://runescape.wiki/w/Exchange:Dragon_kiteshield
Dragon knife,1500,https://runescape.wiki/w/Exchange:Dragon_knife
Dragon limbs,5000,https://runescape.wiki/w/Exchange:Dragon_limbs
Dragon limbs shard,600000,https://runescape.wiki/w/Exchange:Dragon_limbs_shard
Dragon longsword,10,https://runescape.wiki/w/Exchange:Dragon_longsword
Dragon mace,10,https://runescape.wiki/w/Exchange:Dragon_mace
Dragon mattock,10,https://runescape.wiki/w/Exchange:Dragon_mattock
Dragon metal,5000,https://runescape.wiki/w/Exchange:Dragon_metal
Dragon pickaxe,10,https://runescape.wiki/w/Exchange:Dragon_pickaxe
Dragon plate armour set (lg),10,https://runescape.wiki/w/Exchange:Dragon_plate_armour_set_(lg)
Dragon plate armour set (sk),10,https://runescape.wiki/w/Exchange:Dragon_plate_armour_set_(sk)
Dragon platebody,10,https://runescape.wiki/w/Exchange:Dragon_platebody
Dragon platebody ornament kit (or),2,https://runescape.wiki/w/Exchange:Dragon_platebody_ornament_kit_(or)
Dragon platebody ornament kit (sp),2,https://runescape.wiki/w/Exchange:Dragon_platebody_ornament_kit_(sp)
Dragon platelegs,10,https://runescape.wiki/w/Exchange:Dragon_platelegs
Dragon platelegs/skirt ornament kit (or),2,https://runescape.wiki/w/Exchange:Dragon_platelegs/skirt_ornament_kit_(or)
Dragon platelegs/skirt ornament kit (sp),2,https://runescape.wiki/w/Exchange:Dragon_platelegs/skirt_ornament_kit_(sp)
Dragon plateskirt,100,https://runescape.wiki/w/Exchange:Dragon_plateskirt
Dragon rider lance shard,240,https://runescape.wiki/w/Exchange:Dragon_rider_lance_shard
Dragon ring token,2,https://runescape.wiki/w/Exchange:Dragon_ring_token
Dragon scale dust,10000,https://runescape.wiki/w/Exchange:Dragon_scale_dust
Dragon scimitar,10,https://runescape.wiki/w/Exchange:Dragon_scimitar
Dragon spear,10,https://runescape.wiki/w/Exchange:Dragon_spear
Dragon sq shield,100,https://runescape.wiki/w/Exchange:Dragon_sq_shield
Dragon sq shield ornament kit (or),2,https://runescape.wiki/w/Exchange:Dragon_sq_shield_ornament_kit_(or)
Dragon sq shield ornament kit (sp),2,https://runescape.wiki/w/Exchange:Dragon_sq_shield_ornament_kit_(sp)
Dragon staff,2,https://runescape.wiki/w/Exchange:Dragon_staff
Dragon throwing axe,1000,https://runescape.wiki/w/Exchange:Dragon_throwing_axe
Dragon ward,100,https://runescape.wiki/w/Exchange:Dragon_ward
Dragon warhammer,100,https://runescape.wiki/w/Exchange:Dragon_warhammer
Dragonbone upgrade kit,2,https://runescape.wiki/w/Exchange:Dragonbone_upgrade_kit
Dragonfire deflector,10,https://runescape.wiki/w/Exchange:Dragonfire_deflector
Dragonfire shield,10,https://runescape.wiki/w/Exchange:Dragonfire_shield
Dragonfire shroud,10,https://runescape.wiki/w/Exchange:Dragonfire_shroud
Dragonfire ward,10,https://runescape.wiki/w/Exchange:Dragonfire_ward
Dragonfruit,10000,https://runescape.wiki/w/Exchange:Dragonfruit
Dragonfruit seed,100,https://runescape.wiki/w/Exchange:Dragonfruit_seed
Dragonkin bones,10000,https://runescape.wiki/w/Exchange:Dragonkin_bones
Dragonstone,5000,https://runescape.wiki/w/Exchange:Dragonstone
Dragonstone Circlet token,2,https://runescape.wiki/w/Exchange:Dragonstone_Circlet_token
Dragonstone Gala Attire token,2,https://runescape.wiki/w/Exchange:Dragonstone_Gala_Attire_token
Dragonstone amulet,100,https://runescape.wiki/w/Exchange:Dragonstone_amulet
Dragonstone amulet (unstrung),500,https://runescape.wiki/w/Exchange:Dragonstone_amulet_(unstrung)
Dragonstone bakriminel bolts,1000,https://runescape.wiki/w/Exchange:Dragonstone_bakriminel_bolts
Dragonstone bakriminel bolts (e),1000,https://runescape.wiki/w/Exchange:Dragonstone_bakriminel_bolts_(e)
Dragonstone boots,100,https://runescape.wiki/w/Exchange:Dragonstone_boots
Dragonstone bracelet,500,https://runescape.wiki/w/Exchange:Dragonstone_bracelet
Dragonstone dragon mask,2,https://runescape.wiki/w/Exchange:Dragonstone_dragon_mask
Dragonstone gauntlets,100,https://runescape.wiki/w/Exchange:Dragonstone_gauntlets
Dragonstone greaves,100,https://runescape.wiki/w/Exchange:Dragonstone_greaves
Dragonstone hauberk,100,https://runescape.wiki/w/Exchange:Dragonstone_hauberk
Dragonstone helm,100,https://runescape.wiki/w/Exchange:Dragonstone_helm
Dragonstone necklace,500,https://runescape.wiki/w/Exchange:Dragonstone_necklace
Dragonstone ring,500,https://runescape.wiki/w/Exchange:Dragonstone_ring
Drakolith,25000,https://runescape.wiki/w/Exchange:Drakolith
Drakolith stone spirit,25000,https://runescape.wiki/w/Exchange:Drakolith_stone_spirit
Dreadfowl pouch,5000,https://runescape.wiki/w/Exchange:Dreadfowl_pouch
Dreadfowl scroll (Dreadfowl Strike),5000,https://runescape.wiki/w/Exchange:Dreadfowl_scroll_(Dreadfowl_Strike)
Druid's robe (bottom),100,https://runescape.wiki/w/Exchange:Druid%27s_robe_(bottom)
Druid's robe (top),100,https://runescape.wiki/w/Exchange:Druid%27s_robe_(top)
Druidic mage bottom 0,100,https://runescape.wiki/w/Exchange:Druidic_mage_bottom_0
Druidic mage hood 0,100,https://runescape.wiki/w/Exchange:Druidic_mage_hood_0
Druidic mage top 0,100,https://runescape.wiki/w/Exchange:Druidic_mage_top_0
Drunk Dragon,500,https://runescape.wiki/w/Exchange:Drunk_Dragon
Drygore longsword,1,https://runescape.wiki/w/Exchange:Drygore_longsword
Drygore longsword shard,120,https://runescape.wiki/w/Exchange:Drygore_longsword_shard
Drygore mace,1,https://runescape.wiki/w/Exchange:Drygore_mace
Drygore mace shard,120,https://runescape.wiki/w/Exchange:Drygore_mace_shard
Drygore rapier,1,https://runescape.wiki/w/Exchange:Drygore_rapier
Drygore rapier shard,120,https://runescape.wiki/w/Exchange:Drygore_rapier_shard
Duck ring token,2,https://runescape.wiki/w/Exchange:Duck_ring_token
Dummy wand dark,100,https://runescape.wiki/w/Exchange:Dummy_wand_dark
Duskrunner's Hairstyle token,2,https://runescape.wiki/w/Exchange:Duskrunner%27s_Hairstyle_token
Duskrunner's Outfit token,2,https://runescape.wiki/w/Exchange:Duskrunner%27s_Outfit_token
Dust of Armadyl,1000,https://runescape.wiki/w/Exchange:Dust_of_Armadyl
Dust rune,25000,https://runescape.wiki/w/Exchange:Dust_rune
Dwarf multicannon,10,https://runescape.wiki/w/Exchange:Dwarf_multicannon
Dwarf multicannon upgrade kit,10,https://runescape.wiki/w/Exchange:Dwarf_multicannon_upgrade_kit
Dwarf weed incense sticks,1000,https://runescape.wiki/w/Exchange:Dwarf_weed_incense_sticks
Dwarf weed potion (unfinished),10000,https://runescape.wiki/w/Exchange:Dwarf_weed_potion_(unfinished)
Dwarf weed seed,1000,https://runescape.wiki/w/Exchange:Dwarf_weed_seed
Dwarven helmet,100,https://runescape.wiki/w/Exchange:Dwarven_helmet
Dwarven stout,100,https://runescape.wiki/w/Exchange:Dwarven_stout
Dwarven stout (1),100,https://runescape.wiki/w/Exchange:Dwarven_stout_(1)
Dwarven stout (2),100,https://runescape.wiki/w/Exchange:Dwarven_stout_(2)
Dwarven stout (3),100,https://runescape.wiki/w/Exchange:Dwarven_stout_(3)
Dwarven stout (4),100,https://runescape.wiki/w/Exchange:Dwarven_stout_(4)
Dwarven stout (m),100,https://runescape.wiki/w/Exchange:Dwarven_stout_(m)
Dwarven stout (m1),100,https://runescape.wiki/w/Exchange:Dwarven_stout_(m1)
Dwarven stout (m2),100,https://runescape.wiki/w/Exchange:Dwarven_stout_(m2)
Dwarven stout (m3),100,https://runescape.wiki/w/Exchange:Dwarven_stout_(m3)
Dwarven stout (m4),100,https://runescape.wiki/w/Exchange:Dwarven_stout_(m4)
Dwellberries,1000,https://runescape.wiki/w/Exchange:Dwellberries
Dwellberry parasol,2,https://runescape.wiki/w/Exchange:Dwellberry_parasol
Dwellberry seed,100,https://runescape.wiki/w/Exchange:Dwellberry_seed
Earhart the penguin token,2,https://runescape.wiki/w/Exchange:Earhart_the_penguin_token
Earmuffs,100,https://runescape.wiki/w/Exchange:Earmuffs
Earth battlestaff,1000,https://runescape.wiki/w/Exchange:Earth_battlestaff
Earth impling jar,1000,https://runescape.wiki/w/Exchange:Earth_impling_jar
Earth orb,5000,https://runescape.wiki/w/Exchange:Earth_orb
Earth rune,25000,https://runescape.wiki/w/Exchange:Earth_rune
Earth talisman,5000,https://runescape.wiki/w/Exchange:Earth_talisman
Earth tiara,100,https://runescape.wiki/w/Exchange:Earth_tiara
Earthen clay,5000,https://runescape.wiki/w/Exchange:Earthen_clay
Easter egg,2,https://runescape.wiki/w/Exchange:Easter_egg
Easter egg follower pet token,2,https://runescape.wiki/w/Exchange:Easter_egg_follower_pet_token
Easter egg hat token,2,https://runescape.wiki/w/Exchange:Easter_egg_hat_token
Eastern anachronia teleport (item),1000,https://runescape.wiki/w/Exchange:Eastern_anachronia_teleport_(item)
Eclectic impling jar,1000,https://runescape.wiki/w/Exchange:Eclectic_impling_jar
Eclipse Enchanter Robes token,2,https://runescape.wiki/w/Exchange:Eclipse_Enchanter_Robes_token
Eclipsed Soul prayer codex,2,https://runescape.wiki/w/Exchange:Eclipsed_Soul_prayer_codex
Ectoplasm,25000,https://runescape.wiki/w/Exchange:Ectoplasm
Edible seaweed,10000,https://runescape.wiki/w/Exchange:Edible_seaweed
Edimmu Wildcard,500,https://runescape.wiki/w/Exchange:Edimmu_Wildcard
Egg,1000,https://runescape.wiki/w/Exchange:Egg
Egg and tomato,1000,https://runescape.wiki/w/Exchange:Egg_and_tomato
Egg potato,1000,https://runescape.wiki/w/Exchange:Egg_potato
Egg whisk,100,https://runescape.wiki/w/Exchange:Egg_whisk
Ek-ZekKil,2,https://runescape.wiki/w/Exchange:Ek-ZekKil
Elder arrow shaft,25000,https://runescape.wiki/w/Exchange:Elder_arrow_shaft
Elder birdhouse,10,https://runescape.wiki/w/Exchange:Elder_birdhouse
Elder energy,25000,https://runescape.wiki/w/Exchange:Elder_energy
Elder frame,10000,https://runescape.wiki/w/Exchange:Elder_frame
Elder headless arrow,25000,https://runescape.wiki/w/Exchange:Elder_headless_arrow
Elder logs,25000,https://runescape.wiki/w/Exchange:Elder_logs
Elder plank,10000,https://runescape.wiki/w/Exchange:Elder_plank
Elder pyre logs,1000,https://runescape.wiki/w/Exchange:Elder_pyre_logs
Elder rune 2h sword,100,https://runescape.wiki/w/Exchange:Elder_rune_2h_sword
Elder rune 2h sword + 1,100,https://runescape.wiki/w/Exchange:Elder_rune_2h_sword_%2B_1
Elder rune 2h sword + 2,100,https://runescape.wiki/w/Exchange:Elder_rune_2h_sword_%2B_2
Elder rune 2h sword + 3,100,https://runescape.wiki/w/Exchange:Elder_rune_2h_sword_%2B_3
Elder rune 2h sword + 4,100,https://runescape.wiki/w/Exchange:Elder_rune_2h_sword_%2B_4
Elder rune 2h sword + 5,100,https://runescape.wiki/w/Exchange:Elder_rune_2h_sword_%2B_5
Elder rune armour set,100,https://runescape.wiki/w/Exchange:Elder_rune_armour_set
Elder rune armour set + 1,100,https://runescape.wiki/w/Exchange:Elder_rune_armour_set_%2B_1
Elder rune armour set + 2,100,https://runescape.wiki/w/Exchange:Elder_rune_armour_set_%2B_2
Elder rune armour set + 3,100,https://runescape.wiki/w/Exchange:Elder_rune_armour_set_%2B_3
Elder rune armour set + 4,100,https://runescape.wiki/w/Exchange:Elder_rune_armour_set_%2B_4
Elder rune armour set + 5,100,https://runescape.wiki/w/Exchange:Elder_rune_armour_set_%2B_5
Elder rune armoured boots,100,https://runescape.wiki/w/Exchange:Elder_rune_armoured_boots
Elder rune armoured boots + 1,100,https://runescape.wiki/w/Exchange:Elder_rune_armoured_boots_%2B_1
Elder rune armoured boots + 2,100,https://runescape.wiki/w/Exchange:Elder_rune_armoured_boots_%2B_2
Elder rune armoured boots + 3,100,https://runescape.wiki/w/Exchange:Elder_rune_armoured_boots_%2B_3
Elder rune armoured boots + 4,100,https://runescape.wiki/w/Exchange:Elder_rune_armoured_boots_%2B_4
Elder rune armoured boots + 5,100,https://runescape.wiki/w/Exchange:Elder_rune_armoured_boots_%2B_5
Elder rune bar,10000,https://runescape.wiki/w/Exchange:Elder_rune_bar
Elder rune full helm,100,https://runescape.wiki/w/Exchange:Elder_rune_full_helm
Elder rune full helm + 1,100,https://runescape.wiki/w/Exchange:Elder_rune_full_helm_%2B_1
Elder rune full helm + 2,100,https://runescape.wiki/w/Exchange:Elder_rune_full_helm_%2B_2
Elder rune full helm + 3,100,https://runescape.wiki/w/Exchange:Elder_rune_full_helm_%2B_3
Elder rune full helm + 4,100,https://runescape.wiki/w/Exchange:Elder_rune_full_helm_%2B_4
Elder rune full helm + 5,100,https://runescape.wiki/w/Exchange:Elder_rune_full_helm_%2B_5
Elder rune gauntlets,100,https://runescape.wiki/w/Exchange:Elder_rune_gauntlets
Elder rune gauntlets + 1,100,https://runescape.wiki/w/Exchange:Elder_rune_gauntlets_%2B_1
Elder rune gauntlets + 2,100,https://runescape.wiki/w/Exchange:Elder_rune_gauntlets_%2B_2
Elder rune gauntlets + 3,100,https://runescape.wiki/w/Exchange:Elder_rune_gauntlets_%2B_3
Elder rune gauntlets + 4,100,https://runescape.wiki/w/Exchange:Elder_rune_gauntlets_%2B_4
Elder rune gauntlets + 5,100,https://runescape.wiki/w/Exchange:Elder_rune_gauntlets_%2B_5
Elder rune hatchet,1000,https://runescape.wiki/w/Exchange:Elder_rune_hatchet
Elder rune longsword,100,https://runescape.wiki/w/Exchange:Elder_rune_longsword
Elder rune longsword + 1,100,https://runescape.wiki/w/Exchange:Elder_rune_longsword_%2B_1
Elder rune longsword + 2,100,https://runescape.wiki/w/Exchange:Elder_rune_longsword_%2B_2
Elder rune longsword + 3,100,https://runescape.wiki/w/Exchange:Elder_rune_longsword_%2B_3
Elder rune longsword + 4,100,https://runescape.wiki/w/Exchange:Elder_rune_longsword_%2B_4
Elder rune longsword + 5,100,https://runescape.wiki/w/Exchange:Elder_rune_longsword_%2B_5
Elder rune mattock,100,https://runescape.wiki/w/Exchange:Elder_rune_mattock
Elder rune off hand longsword,100,https://runescape.wiki/w/Exchange:Elder_rune_off_hand_longsword
Elder rune off hand longsword + 1,100,https://runescape.wiki/w/Exchange:Elder_rune_off_hand_longsword_%2B_1
Elder rune off hand longsword + 2,100,https://runescape.wiki/w/Exchange:Elder_rune_off_hand_longsword_%2B_2
Elder rune off hand longsword + 3,100,https://runescape.wiki/w/Exchange:Elder_rune_off_hand_longsword_%2B_3
Elder rune off hand longsword + 4,100,https://runescape.wiki/w/Exchange:Elder_rune_off_hand_longsword_%2B_4
Elder rune off hand longsword + 5,100,https://runescape.wiki/w/Exchange:Elder_rune_off_hand_longsword_%2B_5
Elder rune ore box,100,https://runescape.wiki/w/Exchange:Elder_rune_ore_box
Elder rune pickaxe,100,https://runescape.wiki/w/Exchange:Elder_rune_pickaxe
Elder rune pickaxe + 1,100,https://runescape.wiki/w/Exchange:Elder_rune_pickaxe_%2B_1
Elder rune pickaxe + 2,100,https://runescape.wiki/w/Exchange:Elder_rune_pickaxe_%2B_2
Elder rune pickaxe + 3,100,https://runescape.wiki/w/Exchange:Elder_rune_pickaxe_%2B_3
Elder rune pickaxe + 4,100,https://runescape.wiki/w/Exchange:Elder_rune_pickaxe_%2B_4
Elder rune pickaxe + 5,100,https://runescape.wiki/w/Exchange:Elder_rune_pickaxe_%2B_5
Elder rune platebody,100,https://runescape.wiki/w/Exchange:Elder_rune_platebody
Elder rune platebody + 1,100,https://runescape.wiki/w/Exchange:Elder_rune_platebody_%2B_1
Elder rune platebody + 2,100,https://runescape.wiki/w/Exchange:Elder_rune_platebody_%2B_2
Elder rune platebody + 3,100,https://runescape.wiki/w/Exchange:Elder_rune_platebody_%2B_3
Elder rune platebody + 4,100,https://runescape.wiki/w/Exchange:Elder_rune_platebody_%2B_4
Elder rune platebody + 5,100,https://runescape.wiki/w/Exchange:Elder_rune_platebody_%2B_5
Elder rune platelegs,100,https://runescape.wiki/w/Exchange:Elder_rune_platelegs
Elder rune platelegs + 1,100,https://runescape.wiki/w/Exchange:Elder_rune_platelegs_%2B_1
Elder rune platelegs + 2,100,https://runescape.wiki/w/Exchange:Elder_rune_platelegs_%2B_2
Elder rune platelegs + 3,100,https://runescape.wiki/w/Exchange:Elder_rune_platelegs_%2B_3
Elder rune platelegs + 4,100,https://runescape.wiki/w/Exchange:Elder_rune_platelegs_%2B_4
Elder rune platelegs + 5,100,https://runescape.wiki/w/Exchange:Elder_rune_platelegs_%2B_5
Elder rune round shield,100,https://runescape.wiki/w/Exchange:Elder_rune_round_shield
Elder rune round shield + 1,100,https://runescape.wiki/w/Exchange:Elder_rune_round_shield_%2B_1
Elder rune round shield + 2,100,https://runescape.wiki/w/Exchange:Elder_rune_round_shield_%2B_2
Elder rune round shield + 3,100,https://runescape.wiki/w/Exchange:Elder_rune_round_shield_%2B_3
Elder rune round shield + 4,100,https://runescape.wiki/w/Exchange:Elder_rune_round_shield_%2B_4
Elder rune round shield + 5,100,https://runescape.wiki/w/Exchange:Elder_rune_round_shield_%2B_5
Elder seed,100,https://runescape.wiki/w/Exchange:Elder_seed
Elder shieldbow,5000,https://runescape.wiki/w/Exchange:Elder_shieldbow
Elder shieldbow (unstrung),10000,https://runescape.wiki/w/Exchange:Elder_shieldbow_(unstrung)
Elder shortbow,5000,https://runescape.wiki/w/Exchange:Elder_shortbow
Elder shortbow (unstrung),10000,https://runescape.wiki/w/Exchange:Elder_shortbow_(unstrung)
Elder wood box,100,https://runescape.wiki/w/Exchange:Elder_wood_box
Elder wood spirit,25000,https://runescape.wiki/w/Exchange:Elder_wood_spirit
Eldritch crossbow,2,https://runescape.wiki/w/Exchange:Eldritch_crossbow
Eldritch crossbow limb,10,https://runescape.wiki/w/Exchange:Eldritch_crossbow_limb
Eldritch crossbow mechanism,10,https://runescape.wiki/w/Exchange:Eldritch_crossbow_mechanism
Eldritch crossbow stock,10,https://runescape.wiki/w/Exchange:Eldritch_crossbow_stock
Elegant Sandals token,2,https://runescape.wiki/w/Exchange:Elegant_Sandals_token
Elegant Sun Hat token,2,https://runescape.wiki/w/Exchange:Elegant_Sun_Hat_token
Elemental Titan scroll (Titan's Constitution),5000,https://runescape.wiki/w/Exchange:Elemental_Titan_scroll_(Titan%27s_Constitution)
Elemental anima stone,25000,https://runescape.wiki/w/Exchange:Elemental_anima_stone
Elemental battlestaff,2,https://runescape.wiki/w/Exchange:Elemental_battlestaff
Elemental body,100,https://runescape.wiki/w/Exchange:Elemental_body
Elemental boots,10,https://runescape.wiki/w/Exchange:Elemental_boots
Elemental gloves,10,https://runescape.wiki/w/Exchange:Elemental_gloves
Elemental helmet,100,https://runescape.wiki/w/Exchange:Elemental_helmet
Elemental impetus,2,https://runescape.wiki/w/Exchange:Elemental_impetus
Elemental shield,100,https://runescape.wiki/w/Exchange:Elemental_shield
Elemental talisman,100,https://runescape.wiki/w/Exchange:Elemental_talisman
Elf Wildcard,500,https://runescape.wiki/w/Exchange:Elf_Wildcard
Elf shoes token,2,https://runescape.wiki/w/Exchange:Elf_shoes_token
Elite Dracolich boots,100,https://runescape.wiki/w/Exchange:Elite_Dracolich_boots
Elite Dracolich chaps,100,https://runescape.wiki/w/Exchange:Elite_Dracolich_chaps
Elite Dracolich coif,100,https://runescape.wiki/w/Exchange:Elite_Dracolich_coif
Elite Dracolich hauberk,100,https://runescape.wiki/w/Exchange:Elite_Dracolich_hauberk
Elite Dracolich vambraces,100,https://runescape.wiki/w/Exchange:Elite_Dracolich_vambraces
Elite black armour set,10,https://runescape.wiki/w/Exchange:Elite_black_armour_set
Elite black full helm,10,https://runescape.wiki/w/Exchange:Elite_black_full_helm
Elite black platebody,10,https://runescape.wiki/w/Exchange:Elite_black_platebody
Elite black platelegs,10,https://runescape.wiki/w/Exchange:Elite_black_platelegs
Elite sirenic chaps,2,https://runescape.wiki/w/Exchange:Elite_sirenic_chaps
Elite sirenic hauberk,2,https://runescape.wiki/w/Exchange:Elite_sirenic_hauberk
Elite sirenic mask,2,https://runescape.wiki/w/Exchange:Elite_sirenic_mask
Elite sirenic repair patch,100,https://runescape.wiki/w/Exchange:Elite_sirenic_repair_patch
Elite tectonic mask,2,https://runescape.wiki/w/Exchange:Elite_tectonic_mask
Elite tectonic repair patch,100,https://runescape.wiki/w/Exchange:Elite_tectonic_repair_patch
Elite tectonic robe bottom,2,https://runescape.wiki/w/Exchange:Elite_tectonic_robe_bottom
Elite tectonic robe top,2,https://runescape.wiki/w/Exchange:Elite_tectonic_robe_top
Elysian sigil,1,https://runescape.wiki/w/Exchange:Elysian_sigil
Elysian sigil shard,120,https://runescape.wiki/w/Exchange:Elysian_sigil_shard
Elysian spirit shield,1,https://runescape.wiki/w/Exchange:Elysian_spirit_shield
Emberkeen boots,5,https://runescape.wiki/w/Exchange:Emberkeen_boots
Emerald,5000,https://runescape.wiki/w/Exchange:Emerald
Emerald Cane,2,https://runescape.wiki/w/Exchange:Emerald_Cane
Emerald Gauntlets Token,2,https://runescape.wiki/w/Exchange:Emerald_Gauntlets_Token
Emerald Suit token,2,https://runescape.wiki/w/Exchange:Emerald_Suit_token
Emerald amulet,5000,https://runescape.wiki/w/Exchange:Emerald_amulet
Emerald amulet (unstrung),5000,https://runescape.wiki/w/Exchange:Emerald_amulet_(unstrung)
Emerald bakriminel bolts,1000,https://runescape.wiki/w/Exchange:Emerald_bakriminel_bolts
Emerald bakriminel bolts (e),1000,https://runescape.wiki/w/Exchange:Emerald_bakriminel_bolts_(e)
Emerald bolt tips,10000,https://runescape.wiki/w/Exchange:Emerald_bolt_tips
Emerald bolts,10000,https://runescape.wiki/w/Exchange:Emerald_bolts
Emerald bolts (e),25000,https://runescape.wiki/w/Exchange:Emerald_bolts_(e)
Emerald bracelet,5000,https://runescape.wiki/w/Exchange:Emerald_bracelet
Emerald necklace,5000,https://runescape.wiki/w/Exchange:Emerald_necklace
Emerald ring,10000,https://runescape.wiki/w/Exchange:Emerald_ring
Empty Easter basket,100,https://runescape.wiki/w/Exchange:Empty_Easter_basket
Empty cup,100,https://runescape.wiki/w/Exchange:Empty_cup
Empty pot,100,https://runescape.wiki/w/Exchange:Empty_pot
Empty sack,1000,https://runescape.wiki/w/Exchange:Empty_sack
Empty seaweed net,100,https://runescape.wiki/w/Exchange:Empty_seaweed_net
Enchanted hat,2,https://runescape.wiki/w/Exchange:Enchanted_hat
Enchanted robe,2,https://runescape.wiki/w/Exchange:Enchanted_robe
Enchanted top,2,https://runescape.wiki/w/Exchange:Enchanted_top
Enchantment of affliction,2,https://runescape.wiki/w/Exchange:Enchantment_of_affliction
Enchantment of agony,2,https://runescape.wiki/w/Exchange:Enchantment_of_agony
Enchantment of dispelling,2,https://runescape.wiki/w/Exchange:Enchantment_of_dispelling
Enchantment of dread,2,https://runescape.wiki/w/Exchange:Enchantment_of_dread
Enchantment of flames,2,https://runescape.wiki/w/Exchange:Enchantment_of_flames
Enchantment of heroism,2,https://runescape.wiki/w/Exchange:Enchantment_of_heroism
Enchantment of metaphysics,2,https://runescape.wiki/w/Exchange:Enchantment_of_metaphysics
Enchantment of savagery,2,https://runescape.wiki/w/Exchange:Enchantment_of_savagery
Enchantment of shadows,2,https://runescape.wiki/w/Exchange:Enchantment_of_shadows
Energy flask (6),1000,https://runescape.wiki/w/Exchange:Energy_flask_(6)
Energy mix (1),1000,https://runescape.wiki/w/Exchange:Energy_mix_(1)
Energy mix (2),1000,https://runescape.wiki/w/Exchange:Energy_mix_(2)
Energy potion (1),1000,https://runescape.wiki/w/Exchange:Energy_potion_(1)
Energy potion (2),1000,https://runescape.wiki/w/Exchange:Energy_potion_(2)
Energy potion (3),1000,https://runescape.wiki/w/Exchange:Energy_potion_(3)
Energy potion (4),1000,https://runescape.wiki/w/Exchange:Energy_potion_(4)
Energy-gathering scrimshaw,5,https://runescape.wiki/w/Exchange:Energy-gathering_scrimshaw
Enforcer walk override token,2,https://runescape.wiki/w/Exchange:Enforcer_walk_override_token
Enhanced Kerapac's wrist wraps,1,https://runescape.wiki/w/Exchange:Enhanced_Kerapac%27s_wrist_wraps
Enhanced gloves of passage,1,https://runescape.wiki/w/Exchange:Enhanced_gloves_of_passage
Enhanced kerapac's wristwraps shard,120,https://runescape.wiki/w/Exchange:Enhanced_kerapac%27s_wristwraps_shard
Enhanced luck potion,1000,https://runescape.wiki/w/Exchange:Enhanced_luck_potion
Enhanced nightmare gauntlets,1,https://runescape.wiki/w/Exchange:Enhanced_nightmare_gauntlets
Enlightened amulet (new),5000,https://runescape.wiki/w/Exchange:Enlightened_amulet_(new)
Enriched alloy bar,10000,https://runescape.wiki/w/Exchange:Enriched_alloy_bar
Enriched calcified fungus,5000,https://runescape.wiki/w/Exchange:Enriched_calcified_fungus
Enriched fungal algae,5000,https://runescape.wiki/w/Exchange:Enriched_fungal_algae
Enriched fungal spore,5000,https://runescape.wiki/w/Exchange:Enriched_fungal_spore
Enriched timber fungus,5000,https://runescape.wiki/w/Exchange:Enriched_timber_fungus
Ensouled pumpkin mask,2,https://runescape.wiki/w/Exchange:Ensouled_pumpkin_mask
Ensouled pumpkin mask (black),2,https://runescape.wiki/w/Exchange:Ensouled_pumpkin_mask_(black)
Ensouled pumpkin mask (red),2,https://runescape.wiki/w/Exchange:Ensouled_pumpkin_mask_(red)
Equa leaves,1000,https://runescape.wiki/w/Exchange:Equa_leaves
Equipment dissolver,200,https://runescape.wiki/w/Exchange:Equipment_dissolver
Equipment siphon,200,https://runescape.wiki/w/Exchange:Equipment_siphon
Erethdor's grimoire,10,https://runescape.wiki/w/Exchange:Erethdor%27s_grimoire
Erzille potion (unfinished),1000,https://runescape.wiki/w/Exchange:Erzille_potion_(unfinished)
Essence impling jar,1000,https://runescape.wiki/w/Exchange:Essence_impling_jar
Essence of Finality amulet,2,https://runescape.wiki/w/Exchange:Essence_of_Finality_amulet
Essence of finality ornament kit,2,https://runescape.wiki/w/Exchange:Essence_of_finality_ornament_kit
Eternal birdhouse,10,https://runescape.wiki/w/Exchange:Eternal_birdhouse
Eternal magic headless shaft,100000,https://runescape.wiki/w/Exchange:Eternal_magic_headless_shaft
Eternal magic logs,25000,https://runescape.wiki/w/Exchange:Eternal_magic_logs
Eternal magic orb (inert),1000,https://runescape.wiki/w/Exchange:Eternal_magic_orb_(inert)
Eternal magic orb (meagre),100,https://runescape.wiki/w/Exchange:Eternal_magic_orb_(meagre)
Eternal magic orb (saturated),100,https://runescape.wiki/w/Exchange:Eternal_magic_orb_(saturated)
Eternal magic shaft,100000,https://runescape.wiki/w/Exchange:Eternal_magic_shaft
Eternal magic shortbow,5000,https://runescape.wiki/w/Exchange:Eternal_magic_shortbow
Eternal magic shortbow (unstrung),10000,https://runescape.wiki/w/Exchange:Eternal_magic_shortbow_(unstrung)
Eternal magic shortbow Mk. 5,5000,https://runescape.wiki/w/Exchange:Eternal_magic_shortbow_Mk._5
Eternal magic staff (inert),1000,https://runescape.wiki/w/Exchange:Eternal_magic_staff_(inert)
Eternal magic staff (meagre),100,https://runescape.wiki/w/Exchange:Eternal_magic_staff_(meagre)
Eternal magic staff (saturated),100,https://runescape.wiki/w/Exchange:Eternal_magic_staff_(saturated)
Eternal magic stock,1000,https://runescape.wiki/w/Exchange:Eternal_magic_stock
Eternal magic wand (inert),1000,https://runescape.wiki/w/Exchange:Eternal_magic_wand_(inert)
Eternal magic wand (meagre),100,https://runescape.wiki/w/Exchange:Eternal_magic_wand_(meagre)
Eternal magic wand (saturated),100,https://runescape.wiki/w/Exchange:Eternal_magic_wand_(saturated)
Eternal magic wood box,100,https://runescape.wiki/w/Exchange:Eternal_magic_wood_box
Eternal magic wood spirit,25000,https://runescape.wiki/w/Exchange:Eternal_magic_wood_spirit
Eucalyptus logs,1000,https://runescape.wiki/w/Exchange:Eucalyptus_logs
Eucalyptus pyre logs,100,https://runescape.wiki/w/Exchange:Eucalyptus_pyre_logs
Evening bolero,2,https://runescape.wiki/w/Exchange:Evening_bolero
Evening dipped skirt,2,https://runescape.wiki/w/Exchange:Evening_dipped_skirt
Evening gloves,2,https://runescape.wiki/w/Exchange:Evening_gloves
Evening masquerade mask,2,https://runescape.wiki/w/Exchange:Evening_masquerade_mask
Evening shoes,2,https://runescape.wiki/w/Exchange:Evening_shoes
Everlight silvthril,5000,https://runescape.wiki/w/Exchange:Everlight_silvthril
Evil Turnip scroll (Evil Flames),5000,https://runescape.wiki/w/Exchange:Evil_Turnip_scroll_(Evil_Flames)
Evil turnip,5000,https://runescape.wiki/w/Exchange:Evil_turnip
Evil turnip pouch,5000,https://runescape.wiki/w/Exchange:Evil_turnip_pouch
Evil turnip seed,100,https://runescape.wiki/w/Exchange:Evil_turnip_seed
Executioner demon pouch,5000,https://runescape.wiki/w/Exchange:Executioner_demon_pouch
Explosive barrel,5,https://runescape.wiki/w/Exchange:Explosive_barrel
Exquisite cooking urn (no gem),400,https://runescape.wiki/w/Exchange:Exquisite_cooking_urn_(no_gem)
Exquisite cooking urn (no rune),400,https://runescape.wiki/w/Exchange:Exquisite_cooking_urn_(no_rune)
Exquisite divination urn (no gem),400,https://runescape.wiki/w/Exchange:Exquisite_divination_urn_(no_gem)
Exquisite divination urn (no rune),400,https://runescape.wiki/w/Exchange:Exquisite_divination_urn_(no_rune)
Exquisite farming urn (no gem),400,https://runescape.wiki/w/Exchange:Exquisite_farming_urn_(no_gem)
Exquisite farming urn (no rune),400,https://runescape.wiki/w/Exchange:Exquisite_farming_urn_(no_rune)
Exquisite fishing urn (no gem),400,https://runescape.wiki/w/Exchange:Exquisite_fishing_urn_(no_gem)
Exquisite fishing urn (no rune),400,https://runescape.wiki/w/Exchange:Exquisite_fishing_urn_(no_rune)
Exquisite hunter urn (no gem),400,https://runescape.wiki/w/Exchange:Exquisite_hunter_urn_(no_gem)
Exquisite hunter urn (no rune),400,https://runescape.wiki/w/Exchange:Exquisite_hunter_urn_(no_rune)
Exquisite mining urn (no gem),400,https://runescape.wiki/w/Exchange:Exquisite_mining_urn_(no_gem)
Exquisite mining urn (no rune),400,https://runescape.wiki/w/Exchange:Exquisite_mining_urn_(no_rune)
Exquisite runecrafting urn (no gem),400,https://runescape.wiki/w/Exchange:Exquisite_runecrafting_urn_(no_gem)
Exquisite runecrafting urn (no rune),400,https://runescape.wiki/w/Exchange:Exquisite_runecrafting_urn_(no_rune)
Exquisite smithing urn (no gem),400,https://runescape.wiki/w/Exchange:Exquisite_smithing_urn_(no_gem)
Exquisite smithing urn (no rune),400,https://runescape.wiki/w/Exchange:Exquisite_smithing_urn_(no_rune)
Exquisite woodcutting urn (no gem),400,https://runescape.wiki/w/Exchange:Exquisite_woodcutting_urn_(no_gem)
Exquisite woodcutting urn (no rune),400,https://runescape.wiki/w/Exchange:Exquisite_woodcutting_urn_(no_rune)
Extra fine sand,10000,https://runescape.wiki/w/Exchange:Extra_fine_sand
Extreme attack (1),1000,https://runescape.wiki/w/Exchange:Extreme_attack_(1)
Extreme attack (2),1000,https://runescape.wiki/w/Exchange:Extreme_attack_(2)
Extreme attack (3),1000,https://runescape.wiki/w/Exchange:Extreme_attack_(3)
Extreme attack (4),1000,https://runescape.wiki/w/Exchange:Extreme_attack_(4)
Extreme defence (1),1000,https://runescape.wiki/w/Exchange:Extreme_defence_(1)
Extreme defence (2),1000,https://runescape.wiki/w/Exchange:Extreme_defence_(2)
Extreme defence (3),1000,https://runescape.wiki/w/Exchange:Extreme_defence_(3)
Extreme defence (4),1000,https://runescape.wiki/w/Exchange:Extreme_defence_(4)
Extreme magic (1),1000,https://runescape.wiki/w/Exchange:Extreme_magic_(1)
Extreme magic (2),1000,https://runescape.wiki/w/Exchange:Extreme_magic_(2)
Extreme magic (3),1000,https://runescape.wiki/w/Exchange:Extreme_magic_(3)
Extreme magic (4),1000,https://runescape.wiki/w/Exchange:Extreme_magic_(4)
Extreme necromancy (1),1000,https://runescape.wiki/w/Exchange:Extreme_necromancy_(1)
Extreme necromancy (2),1000,https://runescape.wiki/w/Exchange:Extreme_necromancy_(2)
Extreme necromancy (3),1000,https://runescape.wiki/w/Exchange:Extreme_necromancy_(3)
Extreme necromancy (4),1000,https://runescape.wiki/w/Exchange:Extreme_necromancy_(4)
Extreme ranging (1),1000,https://runescape.wiki/w/Exchange:Extreme_ranging_(1)
Extreme ranging (2),1000,https://runescape.wiki/w/Exchange:Extreme_ranging_(2)
Extreme ranging (3),1000,https://runescape.wiki/w/Exchange:Extreme_ranging_(3)
Extreme ranging (4),1000,https://runescape.wiki/w/Exchange:Extreme_ranging_(4)
Extreme strength (1),1000,https://runescape.wiki/w/Exchange:Extreme_strength_(1)
Extreme strength (2),1000,https://runescape.wiki/w/Exchange:Extreme_strength_(2)
Extreme strength (3),1000,https://runescape.wiki/w/Exchange:Extreme_strength_(3)
Extreme strength (4),1000,https://runescape.wiki/w/Exchange:Extreme_strength_(4)
Eye of Dagon,5000,https://runescape.wiki/w/Exchange:Eye_of_Dagon
Eye of newt,10000,https://runescape.wiki/w/Exchange:Eye_of_newt
Eye patch,1000,https://runescape.wiki/w/Exchange:Eye_patch
Face mask,100,https://runescape.wiki/w/Exchange:Face_mask
Face paint token,2,https://runescape.wiki/w/Exchange:Face_paint_token
Faded Veil token,100,https://runescape.wiki/w/Exchange:Faded_Veil_token
Fairy Light Fishing Rod token,2,https://runescape.wiki/w/Exchange:Fairy_Light_Fishing_Rod_token
Falador teleport (item),1000,https://runescape.wiki/w/Exchange:Falador_teleport_(item)
Fallfaced ewe (unchecked),100,https://runescape.wiki/w/Exchange:Fallfaced_ewe_(unchecked)
Fallfaced ram (unchecked),100,https://runescape.wiki/w/Exchange:Fallfaced_ram_(unchecked)
Fallfaced wool,5000,https://runescape.wiki/w/Exchange:Fallfaced_wool
Fancy teak dresser (flatpack),100,https://runescape.wiki/w/Exchange:Fancy_teak_dresser_(flatpack)
Farseer helm,100,https://runescape.wiki/w/Exchange:Farseer_helm
Fat snail,1000,https://runescape.wiki/w/Exchange:Fat_snail
Fat snail meat,1000,https://runescape.wiki/w/Exchange:Fat_snail_meat
Fayre dancer emote pack 1 token,2,https://runescape.wiki/w/Exchange:Fayre_dancer_emote_pack_1_token
Fayre dancer emote pack 2 token,2,https://runescape.wiki/w/Exchange:Fayre_dancer_emote_pack_2_token
Fayrg bones,10000,https://runescape.wiki/w/Exchange:Fayrg_bones
Feather,100000,https://runescape.wiki/w/Exchange:Feather
Feather headdress (blue),100,https://runescape.wiki/w/Exchange:Feather_headdress_(blue)
Feather headdress (orange),100,https://runescape.wiki/w/Exchange:Feather_headdress_(orange)
Feather headdress (red),100,https://runescape.wiki/w/Exchange:Feather_headdress_(red)
Feather headdress (stripy),100,https://runescape.wiki/w/Exchange:Feather_headdress_(stripy)
Feather headdress (yellow),100,https://runescape.wiki/w/Exchange:Feather_headdress_(yellow)
Feather of Ma'at,10000,https://runescape.wiki/w/Exchange:Feather_of_Ma%27at
Featherfingered necklace (new),5000,https://runescape.wiki/w/Exchange:Featherfingered_necklace_(new)
Feldip weasel fur,100,https://runescape.wiki/w/Exchange:Feldip_weasel_fur
Fellstalk incense sticks,1000,https://runescape.wiki/w/Exchange:Fellstalk_incense_sticks
Fellstalk potion (unfinished),10000,https://runescape.wiki/w/Exchange:Fellstalk_potion_(unfinished)
Fellstalk seed,1000,https://runescape.wiki/w/Exchange:Fellstalk_seed
Felt,5000,https://runescape.wiki/w/Exchange:Felt
Feral dinosaur (unchecked),100,https://runescape.wiki/w/Exchange:Feral_dinosaur_(unchecked)
Fertile honeycomb,5000,https://runescape.wiki/w/Exchange:Fertile_honeycomb
Festive Warrior (Skeleton Warrior) (Set 2) Scroll,2,https://runescape.wiki/w/Exchange:Festive_Warrior_(Skeleton_Warrior)_(Set_2)_Scroll
Festive Warrior (Skeleton Warrior) Scroll,2,https://runescape.wiki/w/Exchange:Festive_Warrior_(Skeleton_Warrior)_Scroll
Festive aurora Santa hat,2,https://runescape.wiki/w/Exchange:Festive_aurora_Santa_hat
Fever grass,100,https://runescape.wiki/w/Exchange:Fever_grass
Fever spider egg (unchecked),100,https://runescape.wiki/w/Exchange:Fever_spider_egg_(unchecked)
Fez,100,https://runescape.wiki/w/Exchange:Fez
Fibula piece,100,https://runescape.wiki/w/Exchange:Fibula_piece
Field ration,100,https://runescape.wiki/w/Exchange:Field_ration
Fiery brimstone,5000,https://runescape.wiki/w/Exchange:Fiery_brimstone
Fine cloth,1000,https://runescape.wiki/w/Exchange:Fine_cloth
Fire battlestaff,1000,https://runescape.wiki/w/Exchange:Fire_battlestaff
Fire orb,5000,https://runescape.wiki/w/Exchange:Fire_orb
Fire rune,25000,https://runescape.wiki/w/Exchange:Fire_rune
Fire talisman,5000,https://runescape.wiki/w/Exchange:Fire_talisman
Fire tiara,100,https://runescape.wiki/w/Exchange:Fire_tiara
Fire titan pouch,5000,https://runescape.wiki/w/Exchange:Fire_titan_pouch
Fish and chips,1000,https://runescape.wiki/w/Exchange:Fish_and_chips
Fish in a bag token,2,https://runescape.wiki/w/Exchange:Fish_in_a_bag_token
Fish mask,2,https://runescape.wiki/w/Exchange:Fish_mask
Fish offcuts,100,https://runescape.wiki/w/Exchange:Fish_offcuts
Fish pie,1000,https://runescape.wiki/w/Exchange:Fish_pie
Fishbowl,10000,https://runescape.wiki/w/Exchange:Fishbowl
Fishing accumulator,200,https://runescape.wiki/w/Exchange:Fishing_accumulator
Fishing bait,10000,https://runescape.wiki/w/Exchange:Fishing_bait
Fishing flask (6),1000,https://runescape.wiki/w/Exchange:Fishing_flask_(6)
Fishing guild teleport (item),1000,https://runescape.wiki/w/Exchange:Fishing_guild_teleport_(item)
Fishing mix (1),1000,https://runescape.wiki/w/Exchange:Fishing_mix_(1)
Fishing mix (2),1000,https://runescape.wiki/w/Exchange:Fishing_mix_(2)
Fishing potion (1),1000,https://runescape.wiki/w/Exchange:Fishing_potion_(1)
Fishing potion (2),1000,https://runescape.wiki/w/Exchange:Fishing_potion_(2)
Fishing potion (3),1000,https://runescape.wiki/w/Exchange:Fishing_potion_(3)
Fishing potion (4),1000,https://runescape.wiki/w/Exchange:Fishing_potion_(4)
Fishing rod,100,https://runescape.wiki/w/Exchange:Fishing_rod
Fishy treat,100,https://runescape.wiki/w/Exchange:Fishy_treat
Fiyr remains,1000,https://runescape.wiki/w/Exchange:Fiyr_remains
Flaming sword enchantment,100,https://runescape.wiki/w/Exchange:Flaming_sword_enchantment
Flamtaer bracelet (new),10000,https://runescape.wiki/w/Exchange:Flamtaer_bracelet_(new)
Flared trousers,2,https://runescape.wiki/w/Exchange:Flared_trousers
Flarefrost boots,5,https://runescape.wiki/w/Exchange:Flarefrost_boots
Flattened hide,100,https://runescape.wiki/w/Exchange:Flattened_hide
Flax,25000,https://runescape.wiki/w/Exchange:Flax
Fleeting boots,2,https://runescape.wiki/w/Exchange:Fleeting_boots
Flesh rune,25000,https://runescape.wiki/w/Exchange:Flesh_rune
Fletching cleaner (Inactive),100,https://runescape.wiki/w/Exchange:Fletching_cleaner_(Inactive)
Fletching flask (6),1000,https://runescape.wiki/w/Exchange:Fletching_flask_(6)
Fletching potion (1),1000,https://runescape.wiki/w/Exchange:Fletching_potion_(1)
Fletching potion (2),1000,https://runescape.wiki/w/Exchange:Fletching_potion_(2)
Fletching potion (3),1000,https://runescape.wiki/w/Exchange:Fletching_potion_(3)
Fletching potion (4),1000,https://runescape.wiki/w/Exchange:Fletching_potion_(4)
Flickering energy,25000,https://runescape.wiki/w/Exchange:Flickering_energy
Flies,1000,https://runescape.wiki/w/Exchange:Flies
Flighted ogre arrow,1000,https://runescape.wiki/w/Exchange:Flighted_ogre_arrow
Flo Bunny appearance token,2,https://runescape.wiki/w/Exchange:Flo_Bunny_appearance_token
Flower Basket Token,2,https://runescape.wiki/w/Exchange:Flower_Basket_Token
Flower hairpin token,2,https://runescape.wiki/w/Exchange:Flower_hairpin_token
Flowers (mixed),1000,https://runescape.wiki/w/Exchange:Flowers_(mixed)
Flowers (pastel),1000,https://runescape.wiki/w/Exchange:Flowers_(pastel)
Fly fishing rod,100,https://runescape.wiki/w/Exchange:Fly_fishing_rod
Fly trap seed,1000,https://runescape.wiki/w/Exchange:Fly_trap_seed
Focus sight,10,https://runescape.wiki/w/Exchange:Focus_sight
Foot wraps of the First Necromancer,2,https://runescape.wiki/w/Exchange:Foot_wraps_of_the_First_Necromancer
Forest dinosaur (unchecked),100,https://runescape.wiki/w/Exchange:Forest_dinosaur_(unchecked)
Forge Regent scroll (Inferno),5000,https://runescape.wiki/w/Exchange:Forge_Regent_scroll_(Inferno)
Forge regent pouch,5000,https://runescape.wiki/w/Exchange:Forge_regent_pouch
Forinthry bracelet (1),5000,https://runescape.wiki/w/Exchange:Forinthry_bracelet_(1)
Forinthry bracelet (5),5000,https://runescape.wiki/w/Exchange:Forinthry_bracelet_(5)
Forsaken graahk pet token,25,https://runescape.wiki/w/Exchange:Forsaken_graahk_pet_token
Fort Forinthry Teleport,300,https://runescape.wiki/w/Exchange:Fort_Forinthry_Teleport
Fortune cape token,2,https://runescape.wiki/w/Exchange:Fortune_cape_token
Fortune teller outfit token,2,https://runescape.wiki/w/Exchange:Fortune_teller_outfit_token
Fossilised bone,5000,https://runescape.wiki/w/Exchange:Fossilised_bone
Fox mask,2,https://runescape.wiki/w/Exchange:Fox_mask
Fractite ore,25000,https://runescape.wiki/w/Exchange:Fractite_ore
Fractured Armadyl symbol,10,https://runescape.wiki/w/Exchange:Fractured_Armadyl_symbol
Fractured Staff of Armadyl,2,https://runescape.wiki/w/Exchange:Fractured_Staff_of_Armadyl
Fractured armadyl symbol shard,1200,https://runescape.wiki/w/Exchange:Fractured_armadyl_symbol_shard
Fractured stabilisation gem,10,https://runescape.wiki/w/Exchange:Fractured_stabilisation_gem
Fractured stabilisation gem shard,1200,https://runescape.wiki/w/Exchange:Fractured_stabilisation_gem_shard
Fragile cooking urn (no rune),400,https://runescape.wiki/w/Exchange:Fragile_cooking_urn_(no_rune)
Fragile divination urn (no rune),400,https://runescape.wiki/w/Exchange:Fragile_divination_urn_(no_rune)
Fragile farming urn (no rune),400,https://runescape.wiki/w/Exchange:Fragile_farming_urn_(no_rune)
Fragile fishing urn (no rune),400,https://runescape.wiki/w/Exchange:Fragile_fishing_urn_(no_rune)
Fragile hunter urn (no rune),400,https://runescape.wiki/w/Exchange:Fragile_hunter_urn_(no_rune)
Fragile memento,1000,https://runescape.wiki/w/Exchange:Fragile_memento
Fragile mining urn (no rune),400,https://runescape.wiki/w/Exchange:Fragile_mining_urn_(no_rune)
Fragile runecrafting urn (no rune),400,https://runescape.wiki/w/Exchange:Fragile_runecrafting_urn_(no_rune)
Fragile smithing urn (no rune),400,https://runescape.wiki/w/Exchange:Fragile_smithing_urn_(no_rune)
Fragile woodcutting urn (no rune),400,https://runescape.wiki/w/Exchange:Fragile_woodcutting_urn_(no_rune)
Fragments of Pernix's quiver,100,https://runescape.wiki/w/Exchange:Fragments_of_Pernix%27s_quiver
Fremennik boots,100,https://runescape.wiki/w/Exchange:Fremennik_boots
Fremennik cloak (black),100,https://runescape.wiki/w/Exchange:Fremennik_cloak_(black)
Fremennik cloak (brown),100,https://runescape.wiki/w/Exchange:Fremennik_cloak_(brown)
Fremennik cloak (cyan),100,https://runescape.wiki/w/Exchange:Fremennik_cloak_(cyan)
Fremennik cloak (gold),100,https://runescape.wiki/w/Exchange:Fremennik_cloak_(gold)
Fremennik cloak (green),100,https://runescape.wiki/w/Exchange:Fremennik_cloak_(green)
Fremennik cloak (grey),100,https://runescape.wiki/w/Exchange:Fremennik_cloak_(grey)
Fremennik cloak (lavender),100,https://runescape.wiki/w/Exchange:Fremennik_cloak_(lavender)
Fremennik cloak (pink),100,https://runescape.wiki/w/Exchange:Fremennik_cloak_(pink)
Fremennik cloak (purple),100,https://runescape.wiki/w/Exchange:Fremennik_cloak_(purple)
Fremennik cloak (red),100,https://runescape.wiki/w/Exchange:Fremennik_cloak_(red)
Fremennik cloak (teal),100,https://runescape.wiki/w/Exchange:Fremennik_cloak_(teal)
Fremennik equipment patch,10,https://runescape.wiki/w/Exchange:Fremennik_equipment_patch
Fremennik hat,100,https://runescape.wiki/w/Exchange:Fremennik_hat
Fremennik robe,100,https://runescape.wiki/w/Exchange:Fremennik_robe
Fremennik round shield,100,https://runescape.wiki/w/Exchange:Fremennik_round_shield
Fremennik shirt (blue),100,https://runescape.wiki/w/Exchange:Fremennik_shirt_(blue)
Fremennik shirt (brown),100,https://runescape.wiki/w/Exchange:Fremennik_shirt_(brown)
Fremennik shirt (grey),100,https://runescape.wiki/w/Exchange:Fremennik_shirt_(grey)
Fremennik shirt (red),100,https://runescape.wiki/w/Exchange:Fremennik_shirt_(red)
Fremennik shirt (tan),100,https://runescape.wiki/w/Exchange:Fremennik_shirt_(tan)
Fremennik skirt,100,https://runescape.wiki/w/Exchange:Fremennik_skirt
Fremennik yak (unchecked),100,https://runescape.wiki/w/Exchange:Fremennik_yak_(unchecked)
Fried mushrooms,1000,https://runescape.wiki/w/Exchange:Fried_mushrooms
Fried onions,1000,https://runescape.wiki/w/Exchange:Fried_onions
Frog-leather body,100,https://runescape.wiki/w/Exchange:Frog-leather_body
Frog-leather boots,100,https://runescape.wiki/w/Exchange:Frog-leather_boots
Frog-leather chaps,100,https://runescape.wiki/w/Exchange:Frog-leather_chaps
Frost dragon bones,10000,https://runescape.wiki/w/Exchange:Frost_dragon_bones
Frost dragon mask,2,https://runescape.wiki/w/Exchange:Frost_dragon_mask
Frosted Tips hairstyle token,2,https://runescape.wiki/w/Exchange:Frosted_Tips_hairstyle_token
Frosted wreath,2,https://runescape.wiki/w/Exchange:Frosted_wreath
Frosty Cerberus boots token,25,https://runescape.wiki/w/Exchange:Frosty_Cerberus_boots_token
Frosty Cerberus bow token,25,https://runescape.wiki/w/Exchange:Frosty_Cerberus_bow_token
Frosty Cerberus breastplate token,25,https://runescape.wiki/w/Exchange:Frosty_Cerberus_breastplate_token
Frosty Cerberus claws token,25,https://runescape.wiki/w/Exchange:Frosty_Cerberus_claws_token
Frosty Cerberus faulds token,25,https://runescape.wiki/w/Exchange:Frosty_Cerberus_faulds_token
Frosty Cerberus gloves token,25,https://runescape.wiki/w/Exchange:Frosty_Cerberus_gloves_token
Frosty Cerberus helmet token,25,https://runescape.wiki/w/Exchange:Frosty_Cerberus_helmet_token
Frosty Cerberus pet token,25,https://runescape.wiki/w/Exchange:Frosty_Cerberus_pet_token
Frosty Cerberus staff token,25,https://runescape.wiki/w/Exchange:Frosty_Cerberus_staff_token
Frosty shoulder cape,5,https://runescape.wiki/w/Exchange:Frosty_shoulder_cape
Frozen Barricade cosmetic ability scroll,2,https://runescape.wiki/w/Exchange:Frozen_Barricade_cosmetic_ability_scroll
Frozen Basic Attack (Necromancy) cosmetic ability scroll,2,https://runescape.wiki/w/Exchange:Frozen_Basic_Attack_(Necromancy)_cosmetic_ability_scroll
Frozen Deadshot cosmetic ability scroll,2,https://runescape.wiki/w/Exchange:Frozen_Deadshot_cosmetic_ability_scroll
Frozen Death Skulls cosmetic ability scroll,2,https://runescape.wiki/w/Exchange:Frozen_Death_Skulls_cosmetic_ability_scroll
Frozen Dive cosmetic ability scroll,2,https://runescape.wiki/w/Exchange:Frozen_Dive_cosmetic_ability_scroll
Frozen Escape cosmetic ability scroll,2,https://runescape.wiki/w/Exchange:Frozen_Escape_cosmetic_ability_scroll
Frozen Finger of Death cosmetic ability scroll,2,https://runescape.wiki/w/Exchange:Frozen_Finger_of_Death_cosmetic_ability_scroll
Frozen Kinship Teleport token,2,https://runescape.wiki/w/Exchange:Frozen_Kinship_Teleport_token
Frozen Living Death cosmetic ability scroll,2,https://runescape.wiki/w/Exchange:Frozen_Living_Death_cosmetic_ability_scroll
Frozen Loot Beam token,2,https://runescape.wiki/w/Exchange:Frozen_Loot_Beam_token
Frozen Omnipower cosmetic ability scroll,2,https://runescape.wiki/w/Exchange:Frozen_Omnipower_cosmetic_ability_scroll
Frozen Overpower cosmetic ability scroll,2,https://runescape.wiki/w/Exchange:Frozen_Overpower_cosmetic_ability_scroll
Frozen Surge cosmetic ability scroll,2,https://runescape.wiki/w/Exchange:Frozen_Surge_cosmetic_ability_scroll
Frozen Touch of Death cosmetic ability scroll,2,https://runescape.wiki/w/Exchange:Frozen_Touch_of_Death_cosmetic_ability_scroll
Frozen Trail token,2,https://runescape.wiki/w/Exchange:Frozen_Trail_token
Frozen shoulder cape,5,https://runescape.wiki/w/Exchange:Frozen_shoulder_cape
Fruit Bat scroll (Fruitfall),5000,https://runescape.wiki/w/Exchange:Fruit_Bat_scroll_(Fruitfall)
Fruit Blast,500,https://runescape.wiki/w/Exchange:Fruit_Blast
Fruit bat pouch,5000,https://runescape.wiki/w/Exchange:Fruit_bat_pouch
Fruit batta,1000,https://runescape.wiki/w/Exchange:Fruit_batta
Frying pan,100,https://runescape.wiki/w/Exchange:Frying_pan
Ful arrow,10000,https://runescape.wiki/w/Exchange:Ful_arrow
Full Easter basket,100,https://runescape.wiki/w/Exchange:Full_Easter_basket
Fungal Assault cosmetic ability scroll,2,https://runescape.wiki/w/Exchange:Fungal_Assault_cosmetic_ability_scroll
Fungal Hurricane cosmetic ability scroll,2,https://runescape.wiki/w/Exchange:Fungal_Hurricane_cosmetic_ability_scroll
Fungal Swiftness cosmetic ability scroll,2,https://runescape.wiki/w/Exchange:Fungal_Swiftness_cosmetic_ability_scroll
Fungal Tendrils cosmetic ability scroll,2,https://runescape.wiki/w/Exchange:Fungal_Tendrils_cosmetic_ability_scroll
Fungal algae,10000,https://runescape.wiki/w/Exchange:Fungal_algae
Fungal algae soup,100,https://runescape.wiki/w/Exchange:Fungal_algae_soup
Fungal bowstring,30000,https://runescape.wiki/w/Exchange:Fungal_bowstring
Fungal flake,12000,https://runescape.wiki/w/Exchange:Fungal_flake
Fungal leggings,10,https://runescape.wiki/w/Exchange:Fungal_leggings
Fungal poncho,10,https://runescape.wiki/w/Exchange:Fungal_poncho
Fungal spore,10000,https://runescape.wiki/w/Exchange:Fungal_spore
Fungal spore soup,100,https://runescape.wiki/w/Exchange:Fungal_spore_soup
Fungal visor,10,https://runescape.wiki/w/Exchange:Fungal_visor
Fur,100,https://runescape.wiki/w/Exchange:Fur
Fury ornament kit,2,https://runescape.wiki/w/Exchange:Fury_ornament_kit
Gadderhammer,100,https://runescape.wiki/w/Exchange:Gadderhammer
Games necklace (1),5000,https://runescape.wiki/w/Exchange:Games_necklace_(1)
Games necklace (8),5000,https://runescape.wiki/w/Exchange:Games_necklace_(8)
Ganodermic boots,100,https://runescape.wiki/w/Exchange:Ganodermic_boots
Ganodermic flake,28000,https://runescape.wiki/w/Exchange:Ganodermic_flake
Ganodermic gloves,100,https://runescape.wiki/w/Exchange:Ganodermic_gloves
Ganodermic leggings,10,https://runescape.wiki/w/Exchange:Ganodermic_leggings
Ganodermic poncho,10,https://runescape.wiki/w/Exchange:Ganodermic_poncho
Ganodermic visor,10,https://runescape.wiki/w/Exchange:Ganodermic_visor
Garb of subjugation,1,https://runescape.wiki/w/Exchange:Garb_of_subjugation
Garb of subjugation shard,120,https://runescape.wiki/w/Exchange:Garb_of_subjugation_shard
Garden pie,1000,https://runescape.wiki/w/Exchange:Garden_pie
Gardening boots,100,https://runescape.wiki/w/Exchange:Gardening_boots
Gardening trowel,100,https://runescape.wiki/w/Exchange:Gardening_trowel
Gargoyle scroll (Hammer Rock),5000,https://runescape.wiki/w/Exchange:Gargoyle_scroll_(Hammer_Rock)
Garlic,100,https://runescape.wiki/w/Exchange:Garlic
Gem cape token,2,https://runescape.wiki/w/Exchange:Gem_cape_token
Gem crown token,2,https://runescape.wiki/w/Exchange:Gem_crown_token
Gem focus,1000,https://runescape.wiki/w/Exchange:Gem_focus
Gem necklace token,2,https://runescape.wiki/w/Exchange:Gem_necklace_token
Gem sack token,2,https://runescape.wiki/w/Exchange:Gem_sack_token
Gem-finding scrimshaw,5,https://runescape.wiki/w/Exchange:Gem-finding_scrimshaw
Gemi Bunny appearance token,2,https://runescape.wiki/w/Exchange:Gemi_Bunny_appearance_token
Gemstone Dragon Wildcard,500,https://runescape.wiki/w/Exchange:Gemstone_Dragon_Wildcard
Gemstone boots,10,https://runescape.wiki/w/Exchange:Gemstone_boots
Gemstone gauntlets,10,https://runescape.wiki/w/Exchange:Gemstone_gauntlets
Gemstone greaves,10,https://runescape.wiki/w/Exchange:Gemstone_greaves
Gemstone hauberk,10,https://runescape.wiki/w/Exchange:Gemstone_hauberk
Gemstone helm,10,https://runescape.wiki/w/Exchange:Gemstone_helm
Geyser Titan scroll (Boil),5000,https://runescape.wiki/w/Exchange:Geyser_Titan_scroll_(Boil)
Geyser titan pouch,5000,https://runescape.wiki/w/Exchange:Geyser_titan_pouch
Ghorrock teleport (item),1000,https://runescape.wiki/w/Exchange:Ghorrock_teleport_(item)
Ghost impling jar,500,https://runescape.wiki/w/Exchange:Ghost_impling_jar
Ghostly Bunny appearance token,2,https://runescape.wiki/w/Exchange:Ghostly_Bunny_appearance_token
Ghostly essence,2000,https://runescape.wiki/w/Exchange:Ghostly_essence
Ghostly sole,10000,https://runescape.wiki/w/Exchange:Ghostly_sole
Gianne dough,1000,https://runescape.wiki/w/Exchange:Gianne_dough
Giant Chinchompa scroll (Explode),5000,https://runescape.wiki/w/Exchange:Giant_Chinchompa_scroll_(Explode)
Giant Ent scroll (Acorn Missile),5000,https://runescape.wiki/w/Exchange:Giant_Ent_scroll_(Acorn_Missile)
Giant chinchompa meat,1000,https://runescape.wiki/w/Exchange:Giant_chinchompa_meat
Giant chinchompa pouch,5000,https://runescape.wiki/w/Exchange:Giant_chinchompa_pouch
Giant crayfish,10000,https://runescape.wiki/w/Exchange:Giant_crayfish
Giant ent pouch,5000,https://runescape.wiki/w/Exchange:Giant_ent_pouch
Giant frog legs,1000,https://runescape.wiki/w/Exchange:Giant_frog_legs
Giant kebbit meat,1000,https://runescape.wiki/w/Exchange:Giant_kebbit_meat
Giant spider egg (unchecked),100,https://runescape.wiki/w/Exchange:Giant_spider_egg_(unchecked)
Gift wrap scythe,2,https://runescape.wiki/w/Exchange:Gift_wrap_scythe
Gilded 4-poster (flatpack),100,https://runescape.wiki/w/Exchange:Gilded_4-poster_(flatpack)
Gilded bench (flatpack),100,https://runescape.wiki/w/Exchange:Gilded_bench_(flatpack)
Gilded boater,2,https://runescape.wiki/w/Exchange:Gilded_boater
Gilded cape rack (flatpack),100,https://runescape.wiki/w/Exchange:Gilded_cape_rack_(flatpack)
Gilded cavalier,2,https://runescape.wiki/w/Exchange:Gilded_cavalier
Gilded clock (flatpack),100,https://runescape.wiki/w/Exchange:Gilded_clock_(flatpack)
Gilded dresser (flatpack),100,https://runescape.wiki/w/Exchange:Gilded_dresser_(flatpack)
Gilded magic wardrobe (flatpack),100,https://runescape.wiki/w/Exchange:Gilded_magic_wardrobe_(flatpack)
Gilded shoulder cape,5,https://runescape.wiki/w/Exchange:Gilded_shoulder_cape
Gilded wardrobe (flatpack),100,https://runescape.wiki/w/Exchange:Gilded_wardrobe_(flatpack)
Gillbert pet token,2,https://runescape.wiki/w/Exchange:Gillbert_pet_token
Gin,1000,https://runescape.wiki/w/Exchange:Gin
Gingerbread necklace token,2,https://runescape.wiki/w/Exchange:Gingerbread_necklace_token
Gizmo dissolver,200,https://runescape.wiki/w/Exchange:Gizmo_dissolver
Glacial shieldbow token,2,https://runescape.wiki/w/Exchange:Glacial_shieldbow_token
Glaiven boots,10,https://runescape.wiki/w/Exchange:Glaiven_boots
Glaiven wing-tip,10,https://runescape.wiki/w/Exchange:Glaiven_wing-tip
Glassblowing book,100,https://runescape.wiki/w/Exchange:Glassblowing_book
Glassblowing pipe,100,https://runescape.wiki/w/Exchange:Glassblowing_pipe
Gleaming energy,25000,https://runescape.wiki/w/Exchange:Gleaming_energy
Gliding whirligig shell,5000,https://runescape.wiki/w/Exchange:Gliding_whirligig_shell
Gloomfire bow,2,https://runescape.wiki/w/Exchange:Gloomfire_bow
Gloomshroom zygomite (unchecked),100,https://runescape.wiki/w/Exchange:Gloomshroom_zygomite_(unchecked)
Glorious bar,100,https://runescape.wiki/w/Exchange:Glorious_bar
Gloves (Fremennik),100,https://runescape.wiki/w/Exchange:Gloves_(Fremennik)
Gloves (grey),100,https://runescape.wiki/w/Exchange:Gloves_(grey)
Gloves (purple),100,https://runescape.wiki/w/Exchange:Gloves_(purple)
Gloves (red),100,https://runescape.wiki/w/Exchange:Gloves_(red)
Gloves (teal),100,https://runescape.wiki/w/Exchange:Gloves_(teal)
Gloves (yellow),100,https://runescape.wiki/w/Exchange:Gloves_(yellow)
Gloves of Seasons,2,https://runescape.wiki/w/Exchange:Gloves_of_Seasons
Gloves of Tumeken's resplendence,2,https://runescape.wiki/w/Exchange:Gloves_of_Tumeken%27s_resplendence
Gloves of passage,1,https://runescape.wiki/w/Exchange:Gloves_of_passage
Gloves of silence,100,https://runescape.wiki/w/Exchange:Gloves_of_silence
Gloves of subjugation,1,https://runescape.wiki/w/Exchange:Gloves_of_subjugation
Glowing energy,25000,https://runescape.wiki/w/Exchange:Glowing_energy
Gnome Child T-shirt token,2,https://runescape.wiki/w/Exchange:Gnome_Child_T-shirt_token
Gnome goggles,100,https://runescape.wiki/w/Exchange:Gnome_goggles
Gnome scarf,10,https://runescape.wiki/w/Exchange:Gnome_scarf
Gnome spice,1000,https://runescape.wiki/w/Exchange:Gnome_spice
Goat horn dust,10000,https://runescape.wiki/w/Exchange:Goat_horn_dust
Goblin mail,100,https://runescape.wiki/w/Exchange:Goblin_mail
God wars teleport,1000,https://runescape.wiki/w/Exchange:God_wars_teleport
Godly grapevine seed,100,https://runescape.wiki/w/Exchange:Godly_grapevine_seed
Godsword blade,10,https://runescape.wiki/w/Exchange:Godsword_blade
Godsword shard 1,10,https://runescape.wiki/w/Exchange:Godsword_shard_1
Godsword shard 2,10,https://runescape.wiki/w/Exchange:Godsword_shard_2
Godsword shard 3,10,https://runescape.wiki/w/Exchange:Godsword_shard_3
Goebie backpack override token,2,https://runescape.wiki/w/Exchange:Goebie_backpack_override_token
Gold amulet,5000,https://runescape.wiki/w/Exchange:Gold_amulet
Gold amulet (unstrung),5000,https://runescape.wiki/w/Exchange:Gold_amulet_(unstrung)
Gold bar,10000,https://runescape.wiki/w/Exchange:Gold_bar
Gold bracelet,5000,https://runescape.wiki/w/Exchange:Gold_bracelet
Gold leaf,100,https://runescape.wiki/w/Exchange:Gold_leaf
Gold necklace,5000,https://runescape.wiki/w/Exchange:Gold_necklace
Gold ore,25000,https://runescape.wiki/w/Exchange:Gold_ore
Gold ring,10000,https://runescape.wiki/w/Exchange:Gold_ring
Gold seal,100,https://runescape.wiki/w/Exchange:Gold_seal
Gold stone spirit,25000,https://runescape.wiki/w/Exchange:Gold_stone_spirit
Golden cape,2,https://runescape.wiki/w/Exchange:Golden_cape
Golden dragonfruit,10000,https://runescape.wiki/w/Exchange:Golden_dragonfruit
Golden dragonfruit seed,100,https://runescape.wiki/w/Exchange:Golden_dragonfruit_seed
Golden partyhat,2,https://runescape.wiki/w/Exchange:Golden_partyhat
Golden poison frog (unchecked),100,https://runescape.wiki/w/Exchange:Golden_poison_frog_(unchecked)
Golden roses,100,https://runescape.wiki/w/Exchange:Golden_roses
Golden scarab,100,https://runescape.wiki/w/Exchange:Golden_scarab
Golden statuette,100,https://runescape.wiki/w/Exchange:Golden_statuette
Golden thread,2,https://runescape.wiki/w/Exchange:Golden_thread
Golden watermelon,1000,https://runescape.wiki/w/Exchange:Golden_watermelon
Goldrune,5000,https://runescape.wiki/w/Exchange:Goldrune
Gorajian mushroom,10000,https://runescape.wiki/w/Exchange:Gorajian_mushroom
Gordie Bunny appearance token,2,https://runescape.wiki/w/Exchange:Gordie_Bunny_appearance_token
Gorgonite ore,25000,https://runescape.wiki/w/Exchange:Gorgonite_ore
Gourmet impling jar,1000,https://runescape.wiki/w/Exchange:Gourmet_impling_jar
Gout tuber,100,https://runescape.wiki/w/Exchange:Gout_tuber
Gown of subjugation,1,https://runescape.wiki/w/Exchange:Gown_of_subjugation
Gown of subjugation shard,120,https://runescape.wiki/w/Exchange:Gown_of_subjugation_shard
Graahk fur,100,https://runescape.wiki/w/Exchange:Graahk_fur
Graahk headdress,100,https://runescape.wiki/w/Exchange:Graahk_headdress
Graahk legs,100,https://runescape.wiki/w/Exchange:Graahk_legs
Graahk top,100,https://runescape.wiki/w/Exchange:Graahk_top
Grace of the elves,2,https://runescape.wiki/w/Exchange:Grace_of_the_elves
Grand Exchange Teleport,300,https://runescape.wiki/w/Exchange:Grand_Exchange_Teleport
Grand attack potion (6),1000,https://runescape.wiki/w/Exchange:Grand_attack_potion_(6)
Grand defence potion (6),1000,https://runescape.wiki/w/Exchange:Grand_defence_potion_(6)
Grand magic potion (6),1000,https://runescape.wiki/w/Exchange:Grand_magic_potion_(6)
Grand ranging potion (6),1000,https://runescape.wiki/w/Exchange:Grand_ranging_potion_(6)
Grand seed pod,100,https://runescape.wiki/w/Exchange:Grand_seed_pod
Grand strength potion (6),1000,https://runescape.wiki/w/Exchange:Grand_strength_potion_(6)
Granite (2kg),10000,https://runescape.wiki/w/Exchange:Granite_(2kg)
Granite (500g),10000,https://runescape.wiki/w/Exchange:Granite_(500g)
Granite (5kg),10000,https://runescape.wiki/w/Exchange:Granite_(5kg)
Granite Crab scroll (Stony Shell),5000,https://runescape.wiki/w/Exchange:Granite_Crab_scroll_(Stony_Shell)
Granite Lobster scroll (Crushing Claw),5000,https://runescape.wiki/w/Exchange:Granite_Lobster_scroll_(Crushing_Claw)
Granite body,10,https://runescape.wiki/w/Exchange:Granite_body
Granite crab pouch,5000,https://runescape.wiki/w/Exchange:Granite_crab_pouch
Granite helm,10,https://runescape.wiki/w/Exchange:Granite_helm
Granite legs,10,https://runescape.wiki/w/Exchange:Granite_legs
Granite lobster pouch,5000,https://runescape.wiki/w/Exchange:Granite_lobster_pouch
Granite mace,10,https://runescape.wiki/w/Exchange:Granite_mace
Granite maul,10,https://runescape.wiki/w/Exchange:Granite_maul
Granite shield,10,https://runescape.wiki/w/Exchange:Granite_shield
Grapes,1000,https://runescape.wiki/w/Exchange:Grapes
Grapevine seed,100,https://runescape.wiki/w/Exchange:Grapevine_seed
Grasping rune pouch,2,https://runescape.wiki/w/Exchange:Grasping_rune_pouch
Grasping rune pouch (black),2,https://runescape.wiki/w/Exchange:Grasping_rune_pouch_(black)
Grasping rune pouch (blue),2,https://runescape.wiki/w/Exchange:Grasping_rune_pouch_(blue)
Grasping rune pouch (green),2,https://runescape.wiki/w/Exchange:Grasping_rune_pouch_(green)
Grasping rune pouch (orange),2,https://runescape.wiki/w/Exchange:Grasping_rune_pouch_(orange)
Grasping rune pouch (pink),2,https://runescape.wiki/w/Exchange:Grasping_rune_pouch_(pink)
Grasping rune pouch (purple),2,https://runescape.wiki/w/Exchange:Grasping_rune_pouch_(purple)
Grasping rune pouch (red),2,https://runescape.wiki/w/Exchange:Grasping_rune_pouch_(red)
Grasping rune pouch (yellow),2,https://runescape.wiki/w/Exchange:Grasping_rune_pouch_(yellow)
Great gunkan,10000,https://runescape.wiki/w/Exchange:Great_gunkan
Great maki,10000,https://runescape.wiki/w/Exchange:Great_maki
Great white shark,10000,https://runescape.wiki/w/Exchange:Great_white_shark
Great white shark bait,100,https://runescape.wiki/w/Exchange:Great_white_shark_bait
Greater Barge ability codex,2,https://runescape.wiki/w/Exchange:Greater_Barge_ability_codex
Greater Chain ability codex,2,https://runescape.wiki/w/Exchange:Greater_Chain_ability_codex
Greater Concentrated blast ability codex,2,https://runescape.wiki/w/Exchange:Greater_Concentrated_blast_ability_codex
Greater Death's Swiftness ability codex,2,https://runescape.wiki/w/Exchange:Greater_Death%27s_Swiftness_ability_codex
Greater Demon Wildcard,500,https://runescape.wiki/w/Exchange:Greater_Demon_Wildcard
Greater Flurry ability codex,2,https://runescape.wiki/w/Exchange:Greater_Flurry_ability_codex
Greater Fury ability codex,2,https://runescape.wiki/w/Exchange:Greater_Fury_ability_codex
Greater Ricochet ability codex,2,https://runescape.wiki/w/Exchange:Greater_Ricochet_ability_codex
Greater Sonic Wave ability codex,2,https://runescape.wiki/w/Exchange:Greater_Sonic_Wave_ability_codex
Greater Sunshine ability codex,2,https://runescape.wiki/w/Exchange:Greater_Sunshine_ability_codex
Greater concentrated blast ability codex shard,240,https://runescape.wiki/w/Exchange:Greater_concentrated_blast_ability_codex_shard
Greater flaming skull,10000,https://runescape.wiki/w/Exchange:Greater_flaming_skull
Greater ghostly ink,10000,https://runescape.wiki/w/Exchange:Greater_ghostly_ink
Greater necroplasm,50000,https://runescape.wiki/w/Exchange:Greater_necroplasm
Greater ritual candle,10000,https://runescape.wiki/w/Exchange:Greater_ritual_candle
Green Candy Cane Token,2,https://runescape.wiki/w/Exchange:Green_Candy_Cane_Token
Green Santa hat,2,https://runescape.wiki/w/Exchange:Green_Santa_hat
Green blossom seed,1000,https://runescape.wiki/w/Exchange:Green_blossom_seed
Green blubber jellyfish,10000,https://runescape.wiki/w/Exchange:Green_blubber_jellyfish
Green boater,2,https://runescape.wiki/w/Exchange:Green_boater
Green boots,100,https://runescape.wiki/w/Exchange:Green_boots
Green checkered shirt,5,https://runescape.wiki/w/Exchange:Green_checkered_shirt
Green dragon egg (unchecked),100,https://runescape.wiki/w/Exchange:Green_dragon_egg_(unchecked)
Green dragon leather,10000,https://runescape.wiki/w/Exchange:Green_dragon_leather
Green dragon mask,2,https://runescape.wiki/w/Exchange:Green_dragon_mask
Green dragonhide,10000,https://runescape.wiki/w/Exchange:Green_dragonhide
Green dragonhide body,5000,https://runescape.wiki/w/Exchange:Green_dragonhide_body
Green dragonhide body (g),2,https://runescape.wiki/w/Exchange:Green_dragonhide_body_(g)
Green dragonhide body (t),2,https://runescape.wiki/w/Exchange:Green_dragonhide_body_(t)
Green dragonhide boots,5000,https://runescape.wiki/w/Exchange:Green_dragonhide_boots
Green dragonhide chaps,5000,https://runescape.wiki/w/Exchange:Green_dragonhide_chaps
Green dragonhide chaps (g),2,https://runescape.wiki/w/Exchange:Green_dragonhide_chaps_(g)
Green dragonhide chaps (t),2,https://runescape.wiki/w/Exchange:Green_dragonhide_chaps_(t)
Green dragonhide coif,100,https://runescape.wiki/w/Exchange:Green_dragonhide_coif
Green dragonhide set,100,https://runescape.wiki/w/Exchange:Green_dragonhide_set
Green dragonhide shield,5000,https://runescape.wiki/w/Exchange:Green_dragonhide_shield
Green dragonhide vambraces,5000,https://runescape.wiki/w/Exchange:Green_dragonhide_vambraces
Green dye,100,https://runescape.wiki/w/Exchange:Green_dye
Green elegant blouse,2,https://runescape.wiki/w/Exchange:Green_elegant_blouse
Green elegant legs,2,https://runescape.wiki/w/Exchange:Green_elegant_legs
Green elegant shirt,2,https://runescape.wiki/w/Exchange:Green_elegant_shirt
Green elegant skirt,2,https://runescape.wiki/w/Exchange:Green_elegant_skirt
Green firelighter,100,https://runescape.wiki/w/Exchange:Green_firelighter
Green hallowe'en mask,2,https://runescape.wiki/w/Exchange:Green_hallowe%27en_mask
Green hat,100,https://runescape.wiki/w/Exchange:Green_hat
Green partyhat,2,https://runescape.wiki/w/Exchange:Green_partyhat
Green robe bottoms,100,https://runescape.wiki/w/Exchange:Green_robe_bottoms
Green robe top,100,https://runescape.wiki/w/Exchange:Green_robe_top
Green salamander,2000,https://runescape.wiki/w/Exchange:Green_salamander
Green salamander (unchecked),100,https://runescape.wiki/w/Exchange:Green_salamander_(unchecked)
Green spiky vambraces,100,https://runescape.wiki/w/Exchange:Green_spiky_vambraces
Greenman's ale,100,https://runescape.wiki/w/Exchange:Greenman%27s_ale
Greenman's ale (1),100,https://runescape.wiki/w/Exchange:Greenman%27s_ale_(1)
Greenman's ale (2),100,https://runescape.wiki/w/Exchange:Greenman%27s_ale_(2)
Greenman's ale (3),100,https://runescape.wiki/w/Exchange:Greenman%27s_ale_(3)
Greenman's ale (4),100,https://runescape.wiki/w/Exchange:Greenman%27s_ale_(4)
Greenman's ale (barrel) (flatpack),100,https://runescape.wiki/w/Exchange:Greenman%27s_ale_(barrel)_(flatpack)
Greenman's ale (m),100,https://runescape.wiki/w/Exchange:Greenman%27s_ale_(m)
Greenman's ale (m1),100,https://runescape.wiki/w/Exchange:Greenman%27s_ale_(m1)
Greenman's ale (m2),100,https://runescape.wiki/w/Exchange:Greenman%27s_ale_(m2)
Greenman's ale (m3),100,https://runescape.wiki/w/Exchange:Greenman%27s_ale_(m3)
Greenman's ale (m4),100,https://runescape.wiki/w/Exchange:Greenman%27s_ale_(m4)
Grenwall spikes,5000,https://runescape.wiki/w/Exchange:Grenwall_spikes
Grey chinchompa (unchecked),100,https://runescape.wiki/w/Exchange:Grey_chinchompa_(unchecked)
Grey wolf fur,100,https://runescape.wiki/w/Exchange:Grey_wolf_fur
Grifolic flake,20000,https://runescape.wiki/w/Exchange:Grifolic_flake
Grifolic gloves,10,https://runescape.wiki/w/Exchange:Grifolic_gloves
Grifolic leggings,10,https://runescape.wiki/w/Exchange:Grifolic_leggings
Grifolic orb,5,https://runescape.wiki/w/Exchange:Grifolic_orb
Grifolic poncho,10,https://runescape.wiki/w/Exchange:Grifolic_poncho
Grifolic shield,100,https://runescape.wiki/w/Exchange:Grifolic_shield
Grifolic visor,10,https://runescape.wiki/w/Exchange:Grifolic_visor
Grifolic wand,100,https://runescape.wiki/w/Exchange:Grifolic_wand
Grimy arbuck,10000,https://runescape.wiki/w/Exchange:Grimy_arbuck
Grimy avantoe,10000,https://runescape.wiki/w/Exchange:Grimy_avantoe
Grimy bloodweed,10000,https://runescape.wiki/w/Exchange:Grimy_bloodweed
Grimy cadantine,10000,https://runescape.wiki/w/Exchange:Grimy_cadantine
Grimy dwarf weed,10000,https://runescape.wiki/w/Exchange:Grimy_dwarf_weed
Grimy fellstalk,10000,https://runescape.wiki/w/Exchange:Grimy_fellstalk
Grimy guam,10000,https://runescape.wiki/w/Exchange:Grimy_guam
Grimy harralander,10000,https://runescape.wiki/w/Exchange:Grimy_harralander
Grimy irit,10000,https://runescape.wiki/w/Exchange:Grimy_irit
Grimy kwuarm,10000,https://runescape.wiki/w/Exchange:Grimy_kwuarm
Grimy lantadyme,10000,https://runescape.wiki/w/Exchange:Grimy_lantadyme
Grimy marrentill,10000,https://runescape.wiki/w/Exchange:Grimy_marrentill
Grimy ranarr,10000,https://runescape.wiki/w/Exchange:Grimy_ranarr
Grimy snapdragon,10000,https://runescape.wiki/w/Exchange:Grimy_snapdragon
Grimy spirit weed,10000,https://runescape.wiki/w/Exchange:Grimy_spirit_weed
Grimy tarromin,10000,https://runescape.wiki/w/Exchange:Grimy_tarromin
Grimy toadflax,10000,https://runescape.wiki/w/Exchange:Grimy_toadflax
Grimy torstol,10000,https://runescape.wiki/w/Exchange:Grimy_torstol
Grimy wergali,10000,https://runescape.wiki/w/Exchange:Grimy_wergali
Grog,100,https://runescape.wiki/w/Exchange:Grog
Ground bat bones,100,https://runescape.wiki/w/Exchange:Ground_bat_bones
Ground fishing bait,100,https://runescape.wiki/w/Exchange:Ground_fishing_bait
Ground guam,100,https://runescape.wiki/w/Exchange:Ground_guam
Ground miasma rune,25000,https://runescape.wiki/w/Exchange:Ground_miasma_rune
Ground mud runes,25000,https://runescape.wiki/w/Exchange:Ground_mud_runes
Ground seaweed,100,https://runescape.wiki/w/Exchange:Ground_seaweed
Gu'Tanoth Teleport,300,https://runescape.wiki/w/Exchange:Gu%27Tanoth_Teleport
Guam incense sticks,1000,https://runescape.wiki/w/Exchange:Guam_incense_sticks
Guam potion (unfinished),10000,https://runescape.wiki/w/Exchange:Guam_potion_(unfinished)
Guam seed,1000,https://runescape.wiki/w/Exchange:Guam_seed
Guam tar,10000,https://runescape.wiki/w/Exchange:Guam_tar
Guarana,10000,https://runescape.wiki/w/Exchange:Guarana
Guarana seed,100,https://runescape.wiki/w/Exchange:Guarana_seed
Gud raider axe,2,https://runescape.wiki/w/Exchange:Gud_raider_axe
Gud raider chainbody,2,https://runescape.wiki/w/Exchange:Gud_raider_chainbody
Gud raider shield,2,https://runescape.wiki/w/Exchange:Gud_raider_shield
Guido's bonfire in a bottle,100,https://runescape.wiki/w/Exchange:Guido%27s_bonfire_in_a_bottle
Guildmaster Tony's mattock,2,https://runescape.wiki/w/Exchange:Guildmaster_Tony%27s_mattock
Guthan's chainskirt,10,https://runescape.wiki/w/Exchange:Guthan%27s_chainskirt
Guthan's chainskirt (broken),10,https://runescape.wiki/w/Exchange:Guthan%27s_chainskirt_(broken)
Guthan's helm,10,https://runescape.wiki/w/Exchange:Guthan%27s_helm
Guthan's helm (broken),10,https://runescape.wiki/w/Exchange:Guthan%27s_helm_(broken)
Guthan's platebody,10,https://runescape.wiki/w/Exchange:Guthan%27s_platebody
Guthan's platebody (broken),10,https://runescape.wiki/w/Exchange:Guthan%27s_platebody_(broken)
Guthan's warspear,10,https://runescape.wiki/w/Exchange:Guthan%27s_warspear
Guthan's warspear (broken),10,https://runescape.wiki/w/Exchange:Guthan%27s_warspear_(broken)
Guthatrice egg,5000,https://runescape.wiki/w/Exchange:Guthatrice_egg
Guthix arrows,1000,https://runescape.wiki/w/Exchange:Guthix_arrows
Guthix balance (1),1000,https://runescape.wiki/w/Exchange:Guthix_balance_(1)
Guthix balance (2),1000,https://runescape.wiki/w/Exchange:Guthix_balance_(2)
Guthix balance (3),10000,https://runescape.wiki/w/Exchange:Guthix_balance_(3)
Guthix balance (4),5000,https://runescape.wiki/w/Exchange:Guthix_balance_(4)
Guthix balance (unfinished) (1),1000,https://runescape.wiki/w/Exchange:Guthix_balance_(unfinished)_(1)
Guthix balance (unfinished) (2),1000,https://runescape.wiki/w/Exchange:Guthix_balance_(unfinished)_(2)
Guthix balance (unfinished) (3),10000,https://runescape.wiki/w/Exchange:Guthix_balance_(unfinished)_(3)
Guthix balance (unfinished) (4),5000,https://runescape.wiki/w/Exchange:Guthix_balance_(unfinished)_(4)
Guthix balance flask (6),1000,https://runescape.wiki/w/Exchange:Guthix_balance_flask_(6)
Guthix bow,2,https://runescape.wiki/w/Exchange:Guthix_bow
Guthix cloak,2,https://runescape.wiki/w/Exchange:Guthix_cloak
Guthix crozier,2,https://runescape.wiki/w/Exchange:Guthix_crozier
Guthix mitre,2,https://runescape.wiki/w/Exchange:Guthix_mitre
Guthix mjolnir,100,https://runescape.wiki/w/Exchange:Guthix_mjolnir
Guthix page 1,10,https://runescape.wiki/w/Exchange:Guthix_page_1
Guthix page 2,10,https://runescape.wiki/w/Exchange:Guthix_page_2
Guthix page 3,10,https://runescape.wiki/w/Exchange:Guthix_page_3
Guthix page 4,10,https://runescape.wiki/w/Exchange:Guthix_page_4
Guthix rest (1),100,https://runescape.wiki/w/Exchange:Guthix_rest_(1)
Guthix rest (2),100,https://runescape.wiki/w/Exchange:Guthix_rest_(2)
Guthix rest (3),100,https://runescape.wiki/w/Exchange:Guthix_rest_(3)
Guthix rest (4),100,https://runescape.wiki/w/Exchange:Guthix_rest_(4)
Guthix rest flask (1),1000,https://runescape.wiki/w/Exchange:Guthix_rest_flask_(1)
Guthix rest flask (2),1000,https://runescape.wiki/w/Exchange:Guthix_rest_flask_(2)
Guthix rest flask (3),1000,https://runescape.wiki/w/Exchange:Guthix_rest_flask_(3)
Guthix rest flask (4),1000,https://runescape.wiki/w/Exchange:Guthix_rest_flask_(4)
Guthix rest flask (5),1000,https://runescape.wiki/w/Exchange:Guthix_rest_flask_(5)
Guthix rest flask (6),1000,https://runescape.wiki/w/Exchange:Guthix_rest_flask_(6)
Guthix robe legs,2,https://runescape.wiki/w/Exchange:Guthix_robe_legs
Guthix robe top,2,https://runescape.wiki/w/Exchange:Guthix_robe_top
Guthix stole,2,https://runescape.wiki/w/Exchange:Guthix_stole
Guthix's gift (1),1000,https://runescape.wiki/w/Exchange:Guthix%27s_gift_(1)
Guthix's gift (2),1000,https://runescape.wiki/w/Exchange:Guthix%27s_gift_(2)
Guthix's gift (3),1000,https://runescape.wiki/w/Exchange:Guthix%27s_gift_(3)
Guthix's gift (4),1000,https://runescape.wiki/w/Exchange:Guthix%27s_gift_(4)
Guthix's gift flask (6),100,https://runescape.wiki/w/Exchange:Guthix%27s_gift_flask_(6)
H.A.M. boots,100,https://runescape.wiki/w/Exchange:H.A.M._boots
H.A.M. cloak,100,https://runescape.wiki/w/Exchange:H.A.M._cloak
H.A.M. gloves,100,https://runescape.wiki/w/Exchange:H.A.M._gloves
H.A.M. hood,100,https://runescape.wiki/w/Exchange:H.A.M._hood
H.A.M. logo,100,https://runescape.wiki/w/Exchange:H.A.M._logo
H.A.M. robe,100,https://runescape.wiki/w/Exchange:H.A.M._robe
H.A.M. shirt,100,https://runescape.wiki/w/Exchange:H.A.M._shirt
Hacky sack resting emote token,2,https://runescape.wiki/w/Exchange:Hacky_sack_resting_emote_token
Hailfire boots,5,https://runescape.wiki/w/Exchange:Hailfire_boots
Hair,1000,https://runescape.wiki/w/Exchange:Hair
Half a fish pie,1000,https://runescape.wiki/w/Exchange:Half_a_fish_pie
Half a garden pie,1000,https://runescape.wiki/w/Exchange:Half_a_garden_pie
Half a meat pie,1000,https://runescape.wiki/w/Exchange:Half_a_meat_pie
Half a redberry pie,1000,https://runescape.wiki/w/Exchange:Half_a_redberry_pie
Half a summer pie,1000,https://runescape.wiki/w/Exchange:Half_a_summer_pie
Half a wild pie,1000,https://runescape.wiki/w/Exchange:Half_a_wild_pie
Half a wilder pie,1000,https://runescape.wiki/w/Exchange:Half_a_wilder_pie
Half an admiral pie,1000,https://runescape.wiki/w/Exchange:Half_an_admiral_pie
Half an apple pie,1000,https://runescape.wiki/w/Exchange:Half_an_apple_pie
Half anchovy pizza,1000,https://runescape.wiki/w/Exchange:Half_anchovy_pizza
Half full wine jug,2,https://runescape.wiki/w/Exchange:Half_full_wine_jug
Half meat pizza,1000,https://runescape.wiki/w/Exchange:Half_meat_pizza
Half pineapple pizza,1000,https://runescape.wiki/w/Exchange:Half_pineapple_pizza
Half plain pizza,1000,https://runescape.wiki/w/Exchange:Half_plain_pizza
Half-moon spectacles (black),2,https://runescape.wiki/w/Exchange:Half-moon_spectacles_(black)
Half-moon spectacles (blue),2,https://runescape.wiki/w/Exchange:Half-moon_spectacles_(blue)
Half-moon spectacles (green),2,https://runescape.wiki/w/Exchange:Half-moon_spectacles_(green)
Hall of Fame walk override token,2,https://runescape.wiki/w/Exchange:Hall_of_Fame_walk_override_token
Halo of returning,2,https://runescape.wiki/w/Exchange:Halo_of_returning
Hammer,1000,https://runescape.wiki/w/Exchange:Hammer
Hammerstone hops,1000,https://runescape.wiki/w/Exchange:Hammerstone_hops
Hammerstone seed,100,https://runescape.wiki/w/Exchange:Hammerstone_seed
Hand cannon,50,https://runescape.wiki/w/Exchange:Hand_cannon
Hand cannon shot,10000,https://runescape.wiki/w/Exchange:Hand_cannon_shot
Hand wrap of the First Necromancer,2,https://runescape.wiki/w/Exchange:Hand_wrap_of_the_First_Necromancer
Hard leather,10000,https://runescape.wiki/w/Exchange:Hard_leather
Hard leather body,1000,https://runescape.wiki/w/Exchange:Hard_leather_body
Hard leather boots,100,https://runescape.wiki/w/Exchange:Hard_leather_boots
Hard leather chaps,5000,https://runescape.wiki/w/Exchange:Hard_leather_chaps
Hard leather cowl,5000,https://runescape.wiki/w/Exchange:Hard_leather_cowl
Hard leather gloves,10,https://runescape.wiki/w/Exchange:Hard_leather_gloves
Hard leather shield,100,https://runescape.wiki/w/Exchange:Hard_leather_shield
Hardened dragon bones,10000,https://runescape.wiki/w/Exchange:Hardened_dragon_bones
Harmony moss,100,https://runescape.wiki/w/Exchange:Harmony_moss
Harmony moss seed,50,https://runescape.wiki/w/Exchange:Harmony_moss_seed
Harpoon,5000,https://runescape.wiki/w/Exchange:Harpoon
Harralander incense sticks,1000,https://runescape.wiki/w/Exchange:Harralander_incense_sticks
Harralander potion (unfinished),10000,https://runescape.wiki/w/Exchange:Harralander_potion_(unfinished)
Harralander seed,1000,https://runescape.wiki/w/Exchange:Harralander_seed
Harralander tar,10000,https://runescape.wiki/w/Exchange:Harralander_tar
Harvest flask (6),1000,https://runescape.wiki/w/Exchange:Harvest_flask_(6)
Harvest potion (1),1000,https://runescape.wiki/w/Exchange:Harvest_potion_(1)
Harvest potion (2),1000,https://runescape.wiki/w/Exchange:Harvest_potion_(2)
Harvest potion (3),1000,https://runescape.wiki/w/Exchange:Harvest_potion_(3)
Harvest potion (4),1000,https://runescape.wiki/w/Exchange:Harvest_potion_(4)
Hasty whirligig shell,5000,https://runescape.wiki/w/Exchange:Hasty_whirligig_shell
Hat (grey),100,https://runescape.wiki/w/Exchange:Hat_(grey)
Hat (purple),100,https://runescape.wiki/w/Exchange:Hat_(purple)
Hat (red),100,https://runescape.wiki/w/Exchange:Hat_(red)
Hat (teal),100,https://runescape.wiki/w/Exchange:Hat_(teal)
Hat (yellow),100,https://runescape.wiki/w/Exchange:Hat_(yellow)
Haunted whetstone,2,https://runescape.wiki/w/Exchange:Haunted_whetstone
Havensilver bar,100,https://runescape.wiki/w/Exchange:Havensilver_bar
Hawai'i parasol token,2,https://runescape.wiki/w/Exchange:Hawai%27i_parasol_token
Hazelmere's signet ring,2,https://runescape.wiki/w/Exchange:Hazelmere%27s_signet_ring
Headhunter's sacrifice (new),10000,https://runescape.wiki/w/Exchange:Headhunter%27s_sacrifice_(new)
Headhunter's thrill (new),10000,https://runescape.wiki/w/Exchange:Headhunter%27s_thrill_(new)
Headless arrow,100000,https://runescape.wiki/w/Exchange:Headless_arrow
Headless dinarrow,25000,https://runescape.wiki/w/Exchange:Headless_dinarrow
Heart of the Archer,10,https://runescape.wiki/w/Exchange:Heart_of_the_Archer
Heart of the Berserker,10,https://runescape.wiki/w/Exchange:Heart_of_the_Berserker
Heart of the Seer,10,https://runescape.wiki/w/Exchange:Heart_of_the_Seer
Heart of the Warrior,10,https://runescape.wiki/w/Exchange:Heart_of_the_Warrior
Heart of the archer shard,1200,https://runescape.wiki/w/Exchange:Heart_of_the_archer_shard
Heart of the berserker shard,1200,https://runescape.wiki/w/Exchange:Heart_of_the_berserker_shard
Heart of the seer shard,1200,https://runescape.wiki/w/Exchange:Heart_of_the_seer_shard
Heart of the warrior shard,1200,https://runescape.wiki/w/Exchange:Heart_of_the_warrior_shard
Heated tea flask,2,https://runescape.wiki/w/Exchange:Heated_tea_flask
Heavenforged Warrior Armour Token,2,https://runescape.wiki/w/Exchange:Heavenforged_Warrior_Armour_Token
Heavy chest,2,https://runescape.wiki/w/Exchange:Heavy_chest
Hedge Teleport token,2,https://runescape.wiki/w/Exchange:Hedge_Teleport_token
Heirloom tomato,1000,https://runescape.wiki/w/Exchange:Heirloom_tomato
Hellfire metal,5000,https://runescape.wiki/w/Exchange:Hellfire_metal
Hellforged Warrior Armour Token,2,https://runescape.wiki/w/Exchange:Hellforged_Warrior_Armour_Token
Hellhound scroll (Soul Food),5000,https://runescape.wiki/w/Exchange:Hellhound_scroll_(Soul_Food)
Helm of Neitiznot,100,https://runescape.wiki/w/Exchange:Helm_of_Neitiznot
Herald of Amascut Armour token,2,https://runescape.wiki/w/Exchange:Herald_of_Amascut_Armour_token
Herald of Tumeken Armour token,2,https://runescape.wiki/w/Exchange:Herald_of_Tumeken_Armour_token
Herald's Hat token,100,https://runescape.wiki/w/Exchange:Herald%27s_Hat_token
Herald's Jacket and Gloves token,100,https://runescape.wiki/w/Exchange:Herald%27s_Jacket_and_Gloves_token
Herald's Trousers and Boots token,100,https://runescape.wiki/w/Exchange:Herald%27s_Trousers_and_Boots_token
Herald's Wand and Orb token,100,https://runescape.wiki/w/Exchange:Herald%27s_Wand_and_Orb_token
Herb protector,50,https://runescape.wiki/w/Exchange:Herb_protector
Herbert Bunny appearance token,2,https://runescape.wiki/w/Exchange:Herbert_Bunny_appearance_token
Herring,10000,https://runescape.wiki/w/Exchange:Herring
Hexcrest,10,https://runescape.wiki/w/Exchange:Hexcrest
Hexer Braids hairstyle token,2,https://runescape.wiki/w/Exchange:Hexer_Braids_hairstyle_token
Hexhunter bow,2,https://runescape.wiki/w/Exchange:Hexhunter_bow
Hexi pet token,2,https://runescape.wiki/w/Exchange:Hexi_pet_token
Highwayman mask,2,https://runescape.wiki/w/Exchange:Highwayman_mask
Hobby unicorn (black),2,https://runescape.wiki/w/Exchange:Hobby_unicorn_(black)
Hobby unicorn (white),2,https://runescape.wiki/w/Exchange:Hobby_unicorn_(white)
Holly Knight Guardian (Phantom Guardian) Cosmetic Ability Scroll,2,https://runescape.wiki/w/Exchange:Holly_Knight_Guardian_(Phantom_Guardian)_Cosmetic_Ability_Scroll
Holly wreath,2,https://runescape.wiki/w/Exchange:Holly_wreath
Hollyhocks,1000,https://runescape.wiki/w/Exchange:Hollyhocks
Holy aggroverload recipe,100,https://runescape.wiki/w/Exchange:Holy_aggroverload_recipe
Holy elixir,1,https://runescape.wiki/w/Exchange:Holy_elixir
Holy mould,100,https://runescape.wiki/w/Exchange:Holy_mould
Holy scarab pouch,5000,https://runescape.wiki/w/Exchange:Holy_scarab_pouch
Holy scarab scroll (Bone Conjure),5000,https://runescape.wiki/w/Exchange:Holy_scarab_scroll_(Bone_Conjure)
Holy symbol,5000,https://runescape.wiki/w/Exchange:Holy_symbol
Honey Badger scroll (Insane Ferocity),5000,https://runescape.wiki/w/Exchange:Honey_Badger_scroll_(Insane_Ferocity)
Honey badger pouch,5000,https://runescape.wiki/w/Exchange:Honey_badger_pouch
Honeycomb,5000,https://runescape.wiki/w/Exchange:Honeycomb
Hood of subjugation,1,https://runescape.wiki/w/Exchange:Hood_of_subjugation
Hood of subjugation shard,120,https://runescape.wiki/w/Exchange:Hood_of_subjugation_shard
Hook-a-duck flail token,2,https://runescape.wiki/w/Exchange:Hook-a-duck_flail_token
Hot sand walk override token,2,https://runescape.wiki/w/Exchange:Hot_sand_walk_override_token
Huge bladed adamant salvage,25000,https://runescape.wiki/w/Exchange:Huge_bladed_adamant_salvage
Huge bladed bronze salvage,25000,https://runescape.wiki/w/Exchange:Huge_bladed_bronze_salvage
Huge bladed iron salvage,25000,https://runescape.wiki/w/Exchange:Huge_bladed_iron_salvage
Huge bladed mithril salvage,25000,https://runescape.wiki/w/Exchange:Huge_bladed_mithril_salvage
Huge bladed orikalkum salvage,25000,https://runescape.wiki/w/Exchange:Huge_bladed_orikalkum_salvage
Huge bladed rune salvage,25000,https://runescape.wiki/w/Exchange:Huge_bladed_rune_salvage
Huge bladed steel salvage,25000,https://runescape.wiki/w/Exchange:Huge_bladed_steel_salvage
Huge blunt adamant salvage,25000,https://runescape.wiki/w/Exchange:Huge_blunt_adamant_salvage
Huge blunt bronze salvage,25000,https://runescape.wiki/w/Exchange:Huge_blunt_bronze_salvage
Huge blunt iron salvage,25000,https://runescape.wiki/w/Exchange:Huge_blunt_iron_salvage
Huge blunt mithril salvage,25000,https://runescape.wiki/w/Exchange:Huge_blunt_mithril_salvage
Huge blunt orikalkum salvage,25000,https://runescape.wiki/w/Exchange:Huge_blunt_orikalkum_salvage
Huge blunt rune salvage,25000,https://runescape.wiki/w/Exchange:Huge_blunt_rune_salvage
Huge blunt steel salvage,25000,https://runescape.wiki/w/Exchange:Huge_blunt_steel_salvage
Huge plated adamant salvage,25000,https://runescape.wiki/w/Exchange:Huge_plated_adamant_salvage
Huge plated bronze salvage,25000,https://runescape.wiki/w/Exchange:Huge_plated_bronze_salvage
Huge plated iron salvage,25000,https://runescape.wiki/w/Exchange:Huge_plated_iron_salvage
Huge plated mithril salvage,25000,https://runescape.wiki/w/Exchange:Huge_plated_mithril_salvage
Huge plated orikalkum salvage,25000,https://runescape.wiki/w/Exchange:Huge_plated_orikalkum_salvage
Huge plated rune salvage,25000,https://runescape.wiki/w/Exchange:Huge_plated_rune_salvage
Huge plated steel salvage,25000,https://runescape.wiki/w/Exchange:Huge_plated_steel_salvage
Huge spiky adamant salvage,25000,https://runescape.wiki/w/Exchange:Huge_spiky_adamant_salvage
Huge spiky bronze salvage,25000,https://runescape.wiki/w/Exchange:Huge_spiky_bronze_salvage
Huge spiky iron salvage,25000,https://runescape.wiki/w/Exchange:Huge_spiky_iron_salvage
Huge spiky mithril salvage,25000,https://runescape.wiki/w/Exchange:Huge_spiky_mithril_salvage
Huge spiky necronium salvage,25000,https://runescape.wiki/w/Exchange:Huge_spiky_necronium_salvage
Huge spiky orikalkum salvage,25000,https://runescape.wiki/w/Exchange:Huge_spiky_orikalkum_salvage
Huge spiky rune salvage,25000,https://runescape.wiki/w/Exchange:Huge_spiky_rune_salvage
Huge spiky steel salvage,25000,https://runescape.wiki/w/Exchange:Huge_spiky_steel_salvage
Hunter flask (6),1000,https://runescape.wiki/w/Exchange:Hunter_flask_(6)
Hunter kit,100,https://runescape.wiki/w/Exchange:Hunter_kit
Hunter potion (1),1000,https://runescape.wiki/w/Exchange:Hunter_potion_(1)
Hunter potion (2),1000,https://runescape.wiki/w/Exchange:Hunter_potion_(2)
Hunter potion (3),1000,https://runescape.wiki/w/Exchange:Hunter_potion_(3)
Hunter potion (4),1000,https://runescape.wiki/w/Exchange:Hunter_potion_(4)
Hunters' crossbow,100,https://runescape.wiki/w/Exchange:Hunters%27_crossbow
Hunting mix (1),1000,https://runescape.wiki/w/Exchange:Hunting_mix_(1)
Hunting mix (2),1000,https://runescape.wiki/w/Exchange:Hunting_mix_(2)
Hydra pouch,5000,https://runescape.wiki/w/Exchange:Hydra_pouch
Hydra scroll (Regrowth),5000,https://runescape.wiki/w/Exchange:Hydra_scroll_(Regrowth)
Hydrangeas,1000,https://runescape.wiki/w/Exchange:Hydrangeas
Hydrix,100,https://runescape.wiki/w/Exchange:Hydrix
Hydrix Circlet token,2,https://runescape.wiki/w/Exchange:Hydrix_Circlet_token
Hydrix Gala Attire token,2,https://runescape.wiki/w/Exchange:Hydrix_Gala_Attire_token
Hydrix amulet,100,https://runescape.wiki/w/Exchange:Hydrix_amulet
Hydrix amulet (unstrung),100,https://runescape.wiki/w/Exchange:Hydrix_amulet_(unstrung)
Hydrix bakriminel bolts,1000,https://runescape.wiki/w/Exchange:Hydrix_bakriminel_bolts
Hydrix bakriminel bolts (e),1000,https://runescape.wiki/w/Exchange:Hydrix_bakriminel_bolts_(e)
Hydrix bolt tips,10000,https://runescape.wiki/w/Exchange:Hydrix_bolt_tips
Hydrix bracelet,100,https://runescape.wiki/w/Exchange:Hydrix_bracelet
Hydrix dragon mask,2,https://runescape.wiki/w/Exchange:Hydrix_dragon_mask
Hydrix necklace,100,https://runescape.wiki/w/Exchange:Hydrix_necklace
Hydrix ring,100,https://runescape.wiki/w/Exchange:Hydrix_ring
Hypnotic parasol token,2,https://runescape.wiki/w/Exchange:Hypnotic_parasol_token
Iaia Beachwear outfit token,2,https://runescape.wiki/w/Exchange:Iaia_Beachwear_outfit_token
Ibis pouch,5000,https://runescape.wiki/w/Exchange:Ibis_pouch
Ibis scroll (Fish Rain),5000,https://runescape.wiki/w/Exchange:Ibis_scroll_(Fish_Rain)
Ice dye,2,https://runescape.wiki/w/Exchange:Ice_dye
Ice lolly wand token,2,https://runescape.wiki/w/Exchange:Ice_lolly_wand_token
Ice nihil pouch,5000,https://runescape.wiki/w/Exchange:Ice_nihil_pouch
Ice plateau teleport (item),1000,https://runescape.wiki/w/Exchange:Ice_plateau_teleport_(item)
Ice spider egg (unchecked),100,https://runescape.wiki/w/Exchange:Ice_spider_egg_(unchecked)
Ice titan pouch,5000,https://runescape.wiki/w/Exchange:Ice_titan_pouch
Icthlarin chapel token,2,https://runescape.wiki/w/Exchange:Icthlarin_chapel_token
Idol crabletine token,2,https://runescape.wiki/w/Exchange:Idol_crabletine_token
Igneous jadinko (unchecked),100,https://runescape.wiki/w/Exchange:Igneous_jadinko_(unchecked)
Ikuchi orokami mask,100,https://runescape.wiki/w/Exchange:Ikuchi_orokami_mask
Imbued bird feed,100,https://runescape.wiki/w/Exchange:Imbued_bird_feed
Immaculate alloy bar,10000,https://runescape.wiki/w/Exchange:Immaculate_alloy_bar
Imp horn wand,100,https://runescape.wiki/w/Exchange:Imp_horn_wand
Imp repellent,100,https://runescape.wiki/w/Exchange:Imp_repellent
Imperial district teleport,1000,https://runescape.wiki/w/Exchange:Imperial_district_teleport
Imperial steel,5000,https://runescape.wiki/w/Exchange:Imperial_steel
Imperium core,1,https://runescape.wiki/w/Exchange:Imperium_core
Imperium core shard,120,https://runescape.wiki/w/Exchange:Imperium_core_shard
Imphide,10000,https://runescape.wiki/w/Exchange:Imphide
Imphide book,5,https://runescape.wiki/w/Exchange:Imphide_book
Imphide boots,100,https://runescape.wiki/w/Exchange:Imphide_boots
Imphide gloves,100,https://runescape.wiki/w/Exchange:Imphide_gloves
Imphide hood,100,https://runescape.wiki/w/Exchange:Imphide_hood
Imphide robe bottom,100,https://runescape.wiki/w/Exchange:Imphide_robe_bottom
Imphide robe top,100,https://runescape.wiki/w/Exchange:Imphide_robe_top
Imphide shield,100,https://runescape.wiki/w/Exchange:Imphide_shield
Impious ashes,5000,https://runescape.wiki/w/Exchange:Impious_ashes
Impious incense sticks,1000,https://runescape.wiki/w/Exchange:Impious_incense_sticks
Impious oak incense sticks,1000,https://runescape.wiki/w/Exchange:Impious_oak_incense_sticks
Impious urn (no rune),400,https://runescape.wiki/w/Exchange:Impious_urn_(no_rune)
Impious willow incense sticks,1000,https://runescape.wiki/w/Exchange:Impious_willow_incense_sticks
Impling jar,1000,https://runescape.wiki/w/Exchange:Impling_jar
Impure essence,25000,https://runescape.wiki/w/Exchange:Impure_essence
Incandescent energy,25000,https://runescape.wiki/w/Exchange:Incandescent_energy
Incomplete hydrix,100,https://runescape.wiki/w/Exchange:Incomplete_hydrix
Incomplete pizza,1000,https://runescape.wiki/w/Exchange:Incomplete_pizza
Incomplete stew (potato),200,https://runescape.wiki/w/Exchange:Incomplete_stew_(potato)
Inert adrenaline crystal,500,https://runescape.wiki/w/Exchange:Inert_adrenaline_crystal
Infernal Cerberus boots token,25,https://runescape.wiki/w/Exchange:Infernal_Cerberus_boots_token
Infernal Cerberus breastplate token,25,https://runescape.wiki/w/Exchange:Infernal_Cerberus_breastplate_token
Infernal Cerberus faulds token,25,https://runescape.wiki/w/Exchange:Infernal_Cerberus_faulds_token
Infernal Cerberus gloves token,25,https://runescape.wiki/w/Exchange:Infernal_Cerberus_gloves_token
Infernal Cerberus helmet token,25,https://runescape.wiki/w/Exchange:Infernal_Cerberus_helmet_token
Infernal Cerberus pet token,25,https://runescape.wiki/w/Exchange:Infernal_Cerberus_pet_token
Infernal ashes,5000,https://runescape.wiki/w/Exchange:Infernal_ashes
Infernal magic incense sticks,1000,https://runescape.wiki/w/Exchange:Infernal_magic_incense_sticks
Infernal urn (no rune),400,https://runescape.wiki/w/Exchange:Infernal_urn_(no_rune)
Infernal yew incense sticks,1000,https://runescape.wiki/w/Exchange:Infernal_yew_incense_sticks
Inferno shoulder cape,5,https://runescape.wiki/w/Exchange:Inferno_shoulder_cape
Infernus pyroclasts,500,https://runescape.wiki/w/Exchange:Infernus_pyroclasts
Infinity boots,10,https://runescape.wiki/w/Exchange:Infinity_boots
Infinity bottoms,10,https://runescape.wiki/w/Exchange:Infinity_bottoms
Infinity gloves,10,https://runescape.wiki/w/Exchange:Infinity_gloves
Infinity hat,10,https://runescape.wiki/w/Exchange:Infinity_hat
Infinity robes set,10,https://runescape.wiki/w/Exchange:Infinity_robes_set
Infinity top,10,https://runescape.wiki/w/Exchange:Infinity_top
Ingenuity of the Humans ability codex,100,https://runescape.wiki/w/Exchange:Ingenuity_of_the_Humans_ability_codex
Initiate cuisse,100,https://runescape.wiki/w/Exchange:Initiate_cuisse
Initiate harness (f),100,https://runescape.wiki/w/Exchange:Initiate_harness_(f)
Initiate harness (m),100,https://runescape.wiki/w/Exchange:Initiate_harness_(m)
Initiate hauberk,100,https://runescape.wiki/w/Exchange:Initiate_hauberk
Initiate sallet,100,https://runescape.wiki/w/Exchange:Initiate_sallet
Initiate tasset,100,https://runescape.wiki/w/Exchange:Initiate_tasset
Ink shooter token,2,https://runescape.wiki/w/Exchange:Ink_shooter_token
Inoculation brace,5000,https://runescape.wiki/w/Exchange:Inoculation_brace
Inquisitor staff,2,https://runescape.wiki/w/Exchange:Inquisitor_staff
Inquisitor's staff censer,2,https://runescape.wiki/w/Exchange:Inquisitor%27s_staff_censer
Inquisitor's staff ornament,2,https://runescape.wiki/w/Exchange:Inquisitor%27s_staff_ornament
Inquisitor's staff rod,2,https://runescape.wiki/w/Exchange:Inquisitor%27s_staff_rod
Insatiable spirit necklace (new),500,https://runescape.wiki/w/Exchange:Insatiable_spirit_necklace_(new)
Insignia recharge,10,https://runescape.wiki/w/Exchange:Insignia_recharge
Insulated boots,100,https://runescape.wiki/w/Exchange:Insulated_boots
Intricate Easter egg,20,https://runescape.wiki/w/Exchange:Intricate_Easter_egg
Intricate blood stained chest,2,https://runescape.wiki/w/Exchange:Intricate_blood_stained_chest
Intricate ice chest,2,https://runescape.wiki/w/Exchange:Intricate_ice_chest
Intricate shadow chest,2,https://runescape.wiki/w/Exchange:Intricate_shadow_chest
Intricate smoke-shrouded chest,2,https://runescape.wiki/w/Exchange:Intricate_smoke-shrouded_chest
Invention flask (6),1000,https://runescape.wiki/w/Exchange:Invention_flask_(6)
Invention potion (1),1000,https://runescape.wiki/w/Exchange:Invention_potion_(1)
Invention potion (2),1000,https://runescape.wiki/w/Exchange:Invention_potion_(2)
Invention potion (3),1000,https://runescape.wiki/w/Exchange:Invention_potion_(3)
Invention potion (4),1000,https://runescape.wiki/w/Exchange:Invention_potion_(4)
Invoke Lord of Bones incantation codex,2,https://runescape.wiki/w/Exchange:Invoke_Lord_of_Bones_incantation_codex
Irises,1000,https://runescape.wiki/w/Exchange:Irises
Irit incense sticks,1000,https://runescape.wiki/w/Exchange:Irit_incense_sticks
Irit potion (unfinished),10000,https://runescape.wiki/w/Exchange:Irit_potion_(unfinished)
Irit seed,1000,https://runescape.wiki/w/Exchange:Irit_seed
Iron 2h crossbow,1000,https://runescape.wiki/w/Exchange:Iron_2h_crossbow
Iron 2h sword,100,https://runescape.wiki/w/Exchange:Iron_2h_sword
Iron 2h sword + 1,100,https://runescape.wiki/w/Exchange:Iron_2h_sword_%2B_1
Iron Minotaur scroll (Iron Bull Rush),5000,https://runescape.wiki/w/Exchange:Iron_Minotaur_scroll_(Iron_Bull_Rush)
Iron Titan scroll (Iron Within),5000,https://runescape.wiki/w/Exchange:Iron_Titan_scroll_(Iron_Within)
Iron armour set (lg),100,https://runescape.wiki/w/Exchange:Iron_armour_set_(lg)
Iron armour set (sk),100,https://runescape.wiki/w/Exchange:Iron_armour_set_(sk)
Iron armour set + 1 (lg),100,https://runescape.wiki/w/Exchange:Iron_armour_set_%2B_1_(lg)
Iron armour set + 1 (sk),100,https://runescape.wiki/w/Exchange:Iron_armour_set_%2B_1_(sk)
Iron armoured boots,100,https://runescape.wiki/w/Exchange:Iron_armoured_boots
Iron armoured boots + 1,100,https://runescape.wiki/w/Exchange:Iron_armoured_boots_%2B_1
Iron arrow,10000,https://runescape.wiki/w/Exchange:Iron_arrow
Iron arrowheads,100000,https://runescape.wiki/w/Exchange:Iron_arrowheads
Iron bar,10000,https://runescape.wiki/w/Exchange:Iron_bar
Iron battleaxe,100,https://runescape.wiki/w/Exchange:Iron_battleaxe
Iron battleaxe + 1,100,https://runescape.wiki/w/Exchange:Iron_battleaxe_%2B_1
Iron bolts,10000,https://runescape.wiki/w/Exchange:Iron_bolts
Iron bolts (unf),10000,https://runescape.wiki/w/Exchange:Iron_bolts_(unf)
Iron brutal,1000,https://runescape.wiki/w/Exchange:Iron_brutal
Iron chainbody,100,https://runescape.wiki/w/Exchange:Iron_chainbody
Iron chainbody + 1,100,https://runescape.wiki/w/Exchange:Iron_chainbody_%2B_1
Iron claws,100,https://runescape.wiki/w/Exchange:Iron_claws
Iron claws + 1,100,https://runescape.wiki/w/Exchange:Iron_claws_%2B_1
Iron crossbow,1000,https://runescape.wiki/w/Exchange:Iron_crossbow
Iron crossbow (unstrung),1000,https://runescape.wiki/w/Exchange:Iron_crossbow_(unstrung)
Iron dagger,100,https://runescape.wiki/w/Exchange:Iron_dagger
Iron dagger + 1,100,https://runescape.wiki/w/Exchange:Iron_dagger_%2B_1
Iron dart,1500,https://runescape.wiki/w/Exchange:Iron_dart
Iron dart tip,100000,https://runescape.wiki/w/Exchange:Iron_dart_tip
Iron dragon mask,2,https://runescape.wiki/w/Exchange:Iron_dragon_mask
Iron fire arrows (lit),1000,https://runescape.wiki/w/Exchange:Iron_fire_arrows_(lit)
Iron fire arrows (unlit),1000,https://runescape.wiki/w/Exchange:Iron_fire_arrows_(unlit)
Iron full helm,100,https://runescape.wiki/w/Exchange:Iron_full_helm
Iron full helm + 1,100,https://runescape.wiki/w/Exchange:Iron_full_helm_%2B_1
Iron gauntlets,100,https://runescape.wiki/w/Exchange:Iron_gauntlets
Iron gauntlets + 1,100,https://runescape.wiki/w/Exchange:Iron_gauntlets_%2B_1
Iron halberd,1000,https://runescape.wiki/w/Exchange:Iron_halberd
Iron hasta,1000,https://runescape.wiki/w/Exchange:Iron_hasta
Iron hatchet,1000,https://runescape.wiki/w/Exchange:Iron_hatchet
Iron ingot,1000,https://runescape.wiki/w/Exchange:Iron_ingot
Iron javelin,1000,https://runescape.wiki/w/Exchange:Iron_javelin
Iron kiteshield,100,https://runescape.wiki/w/Exchange:Iron_kiteshield
Iron kiteshield + 1,100,https://runescape.wiki/w/Exchange:Iron_kiteshield_%2B_1
Iron knife,10000,https://runescape.wiki/w/Exchange:Iron_knife
Iron limbs,5000,https://runescape.wiki/w/Exchange:Iron_limbs
Iron longsword,100,https://runescape.wiki/w/Exchange:Iron_longsword
Iron longsword + 1,100,https://runescape.wiki/w/Exchange:Iron_longsword_%2B_1
Iron mace,100,https://runescape.wiki/w/Exchange:Iron_mace
Iron mace + 1,100,https://runescape.wiki/w/Exchange:Iron_mace_%2B_1
Iron mattock,100,https://runescape.wiki/w/Exchange:Iron_mattock
Iron med helm,100,https://runescape.wiki/w/Exchange:Iron_med_helm
Iron med helm + 1,100,https://runescape.wiki/w/Exchange:Iron_med_helm_%2B_1
Iron minotaur pouch,5000,https://runescape.wiki/w/Exchange:Iron_minotaur_pouch
Iron nails,10000,https://runescape.wiki/w/Exchange:Iron_nails
Iron off hand battleaxe,100,https://runescape.wiki/w/Exchange:Iron_off_hand_battleaxe
Iron off hand battleaxe + 1,100,https://runescape.wiki/w/Exchange:Iron_off_hand_battleaxe_%2B_1
Iron off hand claws,100,https://runescape.wiki/w/Exchange:Iron_off_hand_claws
Iron off hand claws + 1,100,https://runescape.wiki/w/Exchange:Iron_off_hand_claws_%2B_1
Iron off hand dagger,100,https://runescape.wiki/w/Exchange:Iron_off_hand_dagger
Iron off hand dagger + 1,100,https://runescape.wiki/w/Exchange:Iron_off_hand_dagger_%2B_1
Iron off hand longsword,100,https://runescape.wiki/w/Exchange:Iron_off_hand_longsword
Iron off hand longsword + 1,100,https://runescape.wiki/w/Exchange:Iron_off_hand_longsword_%2B_1
Iron off hand mace,100,https://runescape.wiki/w/Exchange:Iron_off_hand_mace
Iron off hand mace + 1,100,https://runescape.wiki/w/Exchange:Iron_off_hand_mace_%2B_1
Iron off hand scimitar,100,https://runescape.wiki/w/Exchange:Iron_off_hand_scimitar
Iron off hand scimitar + 1,100,https://runescape.wiki/w/Exchange:Iron_off_hand_scimitar_%2B_1
Iron off hand sword,100,https://runescape.wiki/w/Exchange:Iron_off_hand_sword
Iron off hand sword + 1,100,https://runescape.wiki/w/Exchange:Iron_off_hand_sword_%2B_1
Iron off hand warhammer,100,https://runescape.wiki/w/Exchange:Iron_off_hand_warhammer
Iron off hand warhammer + 1,100,https://runescape.wiki/w/Exchange:Iron_off_hand_warhammer_%2B_1
Iron ore,25000,https://runescape.wiki/w/Exchange:Iron_ore
Iron ore box,100,https://runescape.wiki/w/Exchange:Iron_ore_box
Iron pickaxe,100,https://runescape.wiki/w/Exchange:Iron_pickaxe
Iron pickaxe + 1,100,https://runescape.wiki/w/Exchange:Iron_pickaxe_%2B_1
Iron platebody,100,https://runescape.wiki/w/Exchange:Iron_platebody
Iron platebody + 1,100,https://runescape.wiki/w/Exchange:Iron_platebody_%2B_1
Iron platelegs,100,https://runescape.wiki/w/Exchange:Iron_platelegs
Iron platelegs + 1,100,https://runescape.wiki/w/Exchange:Iron_platelegs_%2B_1
Iron plateskirt,100,https://runescape.wiki/w/Exchange:Iron_plateskirt
Iron plateskirt + 1,100,https://runescape.wiki/w/Exchange:Iron_plateskirt_%2B_1
Iron scimitar,100,https://runescape.wiki/w/Exchange:Iron_scimitar
Iron scimitar + 1,100,https://runescape.wiki/w/Exchange:Iron_scimitar_%2B_1
Iron spear,1000,https://runescape.wiki/w/Exchange:Iron_spear
Iron spit,100,https://runescape.wiki/w/Exchange:Iron_spit
Iron square shield,100,https://runescape.wiki/w/Exchange:Iron_square_shield
Iron square shield + 1,100,https://runescape.wiki/w/Exchange:Iron_square_shield_%2B_1
Iron stone spirit,25000,https://runescape.wiki/w/Exchange:Iron_stone_spirit
Iron sword,100,https://runescape.wiki/w/Exchange:Iron_sword
Iron sword + 1,100,https://runescape.wiki/w/Exchange:Iron_sword_%2B_1
Iron throwing axe,1000,https://runescape.wiki/w/Exchange:Iron_throwing_axe
Iron titan pouch,5000,https://runescape.wiki/w/Exchange:Iron_titan_pouch
Iron warhammer,100,https://runescape.wiki/w/Exchange:Iron_warhammer
Iron warhammer + 1,100,https://runescape.wiki/w/Exchange:Iron_warhammer_%2B_1
Ivory comb,100,https://runescape.wiki/w/Exchange:Ivory_comb
Jackalope antlers,1000,https://runescape.wiki/w/Exchange:Jackalope_antlers
Jackalope pouch,5000,https://runescape.wiki/w/Exchange:Jackalope_pouch
Jackalope scroll (Dig for Soil),5000,https://runescape.wiki/w/Exchange:Jackalope_scroll_(Dig_for_Soil)
Jade,5000,https://runescape.wiki/w/Exchange:Jade
Jade amulet,5000,https://runescape.wiki/w/Exchange:Jade_amulet
Jade amulet (unstrung),5000,https://runescape.wiki/w/Exchange:Jade_amulet_(unstrung)
Jade bakriminel bolts,1000,https://runescape.wiki/w/Exchange:Jade_bakriminel_bolts
Jade bakriminel bolts (e),1000,https://runescape.wiki/w/Exchange:Jade_bakriminel_bolts_(e)
Jade bolt tips,10000,https://runescape.wiki/w/Exchange:Jade_bolt_tips
Jade bracelet,5000,https://runescape.wiki/w/Exchange:Jade_bracelet
Jade machete,100,https://runescape.wiki/w/Exchange:Jade_machete
Jade necklace,5000,https://runescape.wiki/w/Exchange:Jade_necklace
Jade ring,10000,https://runescape.wiki/w/Exchange:Jade_ring
Jail cell key,100,https://runescape.wiki/w/Exchange:Jail_cell_key
Jal-tok-yt,2,https://runescape.wiki/w/Exchange:Jal-tok-yt
Jangerberries,10000,https://runescape.wiki/w/Exchange:Jangerberries
Jangerberry seed,100,https://runescape.wiki/w/Exchange:Jangerberry_seed
Jas demonbane arrow,10000,https://runescape.wiki/w/Exchange:Jas_demonbane_arrow
Jas dragonbane arrow,10000,https://runescape.wiki/w/Exchange:Jas_dragonbane_arrow
Jaws of the Abyss,2,https://runescape.wiki/w/Exchange:Jaws_of_the_Abyss
Jewelled golden statuette,100,https://runescape.wiki/w/Exchange:Jewelled_golden_statuette
Jogre bones,10000,https://runescape.wiki/w/Exchange:Jogre_bones
Jug,10000,https://runescape.wiki/w/Exchange:Jug
Jug of water,10000,https://runescape.wiki/w/Exchange:Jug_of_water
Jug of wine,1000,https://runescape.wiki/w/Exchange:Jug_of_wine
Juju cooking flask (6),100,https://runescape.wiki/w/Exchange:Juju_cooking_flask_(6)
Juju cooking potion (1),1000,https://runescape.wiki/w/Exchange:Juju_cooking_potion_(1)
Juju cooking potion (2),1000,https://runescape.wiki/w/Exchange:Juju_cooking_potion_(2)
Juju cooking potion (3),1000,https://runescape.wiki/w/Exchange:Juju_cooking_potion_(3)
Juju cooking potion (4),1000,https://runescape.wiki/w/Exchange:Juju_cooking_potion_(4)
Juju farming flask (6),100,https://runescape.wiki/w/Exchange:Juju_farming_flask_(6)
Juju farming potion (1),1000,https://runescape.wiki/w/Exchange:Juju_farming_potion_(1)
Juju farming potion (2),1000,https://runescape.wiki/w/Exchange:Juju_farming_potion_(2)
Juju farming potion (3),1000,https://runescape.wiki/w/Exchange:Juju_farming_potion_(3)
Juju farming potion (4),1000,https://runescape.wiki/w/Exchange:Juju_farming_potion_(4)
Juju fishing flask (6),100,https://runescape.wiki/w/Exchange:Juju_fishing_flask_(6)
Juju fishing potion (1),1000,https://runescape.wiki/w/Exchange:Juju_fishing_potion_(1)
Juju fishing potion (2),1000,https://runescape.wiki/w/Exchange:Juju_fishing_potion_(2)
Juju fishing potion (3),1000,https://runescape.wiki/w/Exchange:Juju_fishing_potion_(3)
Juju fishing potion (4),1000,https://runescape.wiki/w/Exchange:Juju_fishing_potion_(4)
Juju hunter flask (6),100,https://runescape.wiki/w/Exchange:Juju_hunter_flask_(6)
Juju hunter potion (1),1000,https://runescape.wiki/w/Exchange:Juju_hunter_potion_(1)
Juju hunter potion (2),1000,https://runescape.wiki/w/Exchange:Juju_hunter_potion_(2)
Juju hunter potion (3),1000,https://runescape.wiki/w/Exchange:Juju_hunter_potion_(3)
Juju hunter potion (4),1000,https://runescape.wiki/w/Exchange:Juju_hunter_potion_(4)
Juju mining flask (6),1000,https://runescape.wiki/w/Exchange:Juju_mining_flask_(6)
Juju mining potion (1),1000,https://runescape.wiki/w/Exchange:Juju_mining_potion_(1)
Juju mining potion (2),1000,https://runescape.wiki/w/Exchange:Juju_mining_potion_(2)
Juju mining potion (3),1000,https://runescape.wiki/w/Exchange:Juju_mining_potion_(3)
Juju mining potion (4),1000,https://runescape.wiki/w/Exchange:Juju_mining_potion_(4)
Juju teleport spiritbag,100,https://runescape.wiki/w/Exchange:Juju_teleport_spiritbag
Juju vial,500,https://runescape.wiki/w/Exchange:Juju_vial
Juju vial of water,5000,https://runescape.wiki/w/Exchange:Juju_vial_of_water
Juju woodcutting flask (6),100,https://runescape.wiki/w/Exchange:Juju_woodcutting_flask_(6)
Juju woodcutting potion (1),1000,https://runescape.wiki/w/Exchange:Juju_woodcutting_potion_(1)
Juju woodcutting potion (2),1000,https://runescape.wiki/w/Exchange:Juju_woodcutting_potion_(2)
Juju woodcutting potion (3),1000,https://runescape.wiki/w/Exchange:Juju_woodcutting_potion_(3)
Juju woodcutting potion (4),1000,https://runescape.wiki/w/Exchange:Juju_woodcutting_potion_(4)
Jungle camo legs,100,https://runescape.wiki/w/Exchange:Jungle_camo_legs
Jungle camo top,100,https://runescape.wiki/w/Exchange:Jungle_camo_top
Junk refiner,100,https://runescape.wiki/w/Exchange:Junk_refiner
Jute fibre,5000,https://runescape.wiki/w/Exchange:Jute_fibre
Jute seed,100,https://runescape.wiki/w/Exchange:Jute_seed
Kahului parasol token,2,https://runescape.wiki/w/Exchange:Kahului_parasol_token
Kal'gerion Demon scroll (Crit-i-Kal),5000,https://runescape.wiki/w/Exchange:Kal%27gerion_Demon_scroll_(Crit-i-Kal)
Kalphite essence,100,https://runescape.wiki/w/Exchange:Kalphite_essence
Kandarin cow (unchecked),100,https://runescape.wiki/w/Exchange:Kandarin_cow_(unchecked)
Kangali Bunny appearance token,2,https://runescape.wiki/w/Exchange:Kangali_Bunny_appearance_token
Karam. overlord pouch,5000,https://runescape.wiki/w/Exchange:Karam._overlord_pouch
Karambwan vessel,100,https://runescape.wiki/w/Exchange:Karambwan_vessel
Karamthulu Overlord scroll (Doomsphere),5000,https://runescape.wiki/w/Exchange:Karamthulu_Overlord_scroll_(Doomsphere)
Karasu orokami mask,100,https://runescape.wiki/w/Exchange:Karasu_orokami_mask
Karil's coif,10,https://runescape.wiki/w/Exchange:Karil%27s_coif
Karil's coif (broken),10,https://runescape.wiki/w/Exchange:Karil%27s_coif_(broken)
Karil's crossbow,10,https://runescape.wiki/w/Exchange:Karil%27s_crossbow
Karil's crossbow (broken),10,https://runescape.wiki/w/Exchange:Karil%27s_crossbow_(broken)
Karil's off-hand pistol crossbow,100,https://runescape.wiki/w/Exchange:Karil%27s_off-hand_pistol_crossbow
Karil's off-hand pistol crossbow (broken),100,https://runescape.wiki/w/Exchange:Karil%27s_off-hand_pistol_crossbow_(broken)
Karil's pistol crossbow,100,https://runescape.wiki/w/Exchange:Karil%27s_pistol_crossbow
Karil's pistol crossbow (broken),100,https://runescape.wiki/w/Exchange:Karil%27s_pistol_crossbow_(broken)
Karil's skirt,10,https://runescape.wiki/w/Exchange:Karil%27s_skirt
Karil's skirt (broken),10,https://runescape.wiki/w/Exchange:Karil%27s_skirt_(broken)
Karil's top,10,https://runescape.wiki/w/Exchange:Karil%27s_top
Karil's top (broken),10,https://runescape.wiki/w/Exchange:Karil%27s_top_(broken)
Katagon ore,25000,https://runescape.wiki/w/Exchange:Katagon_ore
Kauai parasol token,2,https://runescape.wiki/w/Exchange:Kauai_parasol_token
Kebab,1000,https://runescape.wiki/w/Exchange:Kebab
Kebab mix,1000,https://runescape.wiki/w/Exchange:Kebab_mix
Kebbit bolts,1000,https://runescape.wiki/w/Exchange:Kebbit_bolts
Kebbit claws,5000,https://runescape.wiki/w/Exchange:Kebbit_claws
Kebbit spike,5000,https://runescape.wiki/w/Exchange:Kebbit_spike
Kebbit teeth,5000,https://runescape.wiki/w/Exchange:Kebbit_teeth
Kebbit teeth dust,5000,https://runescape.wiki/w/Exchange:Kebbit_teeth_dust
Keg companion pet token,2,https://runescape.wiki/w/Exchange:Keg_companion_pet_token
Keg of beer,100,https://runescape.wiki/w/Exchange:Keg_of_beer
Kelp,1000,https://runescape.wiki/w/Exchange:Kelp
Keramos,5000,https://runescape.wiki/w/Exchange:Keramos
Kerapac's wrist wraps,1,https://runescape.wiki/w/Exchange:Kerapac%27s_wrist_wraps
Kerapac's wristwraps shard,120,https://runescape.wiki/w/Exchange:Kerapac%27s_wristwraps_shard
Key to the Crossing,300,https://runescape.wiki/w/Exchange:Key_to_the_Crossing
Kharyrll teleport (item),1000,https://runescape.wiki/w/Exchange:Kharyrll_teleport_(item)
Khazard teleport (item),1000,https://runescape.wiki/w/Exchange:Khazard_teleport_(item)
Khopesh of Elidinis,2,https://runescape.wiki/w/Exchange:Khopesh_of_Elidinis
Khopesh of Tumeken,2,https://runescape.wiki/w/Exchange:Khopesh_of_Tumeken
Khopesh of the Kharidian,2,https://runescape.wiki/w/Exchange:Khopesh_of_the_Kharidian
Kinetic cyclone upgrade kit,10,https://runescape.wiki/w/Exchange:Kinetic_cyclone_upgrade_kit
King Black Dragon T-shirt token,2,https://runescape.wiki/w/Exchange:King_Black_Dragon_T-shirt_token
King worm,100,https://runescape.wiki/w/Exchange:King_worm
Kingly impling jar,100,https://runescape.wiki/w/Exchange:Kingly_impling_jar
Kitchen knife,100,https://runescape.wiki/w/Exchange:Kitchen_knife
Knife,100,https://runescape.wiki/w/Exchange:Knife
Knot skipping ticket,200,https://runescape.wiki/w/Exchange:Knot_skipping_ticket
Kodama orokami mask,100,https://runescape.wiki/w/Exchange:Kodama_orokami_mask
Krandorian hops,1000,https://runescape.wiki/w/Exchange:Krandorian_hops
Krandorian seed,100,https://runescape.wiki/w/Exchange:Krandorian_seed
Kratonium ore,25000,https://runescape.wiki/w/Exchange:Kratonium_ore
Kurask boots,100,https://runescape.wiki/w/Exchange:Kurask_boots
Kwuarm incense sticks,1000,https://runescape.wiki/w/Exchange:Kwuarm_incense_sticks
Kwuarm potion (unfinished),10000,https://runescape.wiki/w/Exchange:Kwuarm_potion_(unfinished)
Kwuarm seed,1000,https://runescape.wiki/w/Exchange:Kwuarm_seed
Kyatt fur,100,https://runescape.wiki/w/Exchange:Kyatt_fur
Kyatt hat,100,https://runescape.wiki/w/Exchange:Kyatt_hat
Kyatt legs,100,https://runescape.wiki/w/Exchange:Kyatt_legs
Kyatt top,100,https://runescape.wiki/w/Exchange:Kyatt_top
Laceration boots,2,https://runescape.wiki/w/Exchange:Laceration_boots
Lampenflora seed,100,https://runescape.wiki/w/Exchange:Lampenflora_seed
Laniakea's spear,2,https://runescape.wiki/w/Exchange:Laniakea%27s_spear
Lantadyme incense sticks,1000,https://runescape.wiki/w/Exchange:Lantadyme_incense_sticks
Lantadyme potion (unfinished),10000,https://runescape.wiki/w/Exchange:Lantadyme_potion_(unfinished)
Lantadyme seed,1000,https://runescape.wiki/w/Exchange:Lantadyme_seed
Lantern lens,100,https://runescape.wiki/w/Exchange:Lantern_lens
Lapis lazuli ring,100,https://runescape.wiki/w/Exchange:Lapis_lazuli_ring
Large bladed adamant salvage,25000,https://runescape.wiki/w/Exchange:Large_bladed_adamant_salvage
Large bladed bronze salvage,25000,https://runescape.wiki/w/Exchange:Large_bladed_bronze_salvage
Large bladed iron salvage,25000,https://runescape.wiki/w/Exchange:Large_bladed_iron_salvage
Large bladed mithril salvage,25000,https://runescape.wiki/w/Exchange:Large_bladed_mithril_salvage
Large bladed orikalkum salvage,25000,https://runescape.wiki/w/Exchange:Large_bladed_orikalkum_salvage
Large bladed rune salvage,25000,https://runescape.wiki/w/Exchange:Large_bladed_rune_salvage
Large bladed steel salvage,25000,https://runescape.wiki/w/Exchange:Large_bladed_steel_salvage
Large blunt adamant salvage,25000,https://runescape.wiki/w/Exchange:Large_blunt_adamant_salvage
Large blunt bronze salvage,25000,https://runescape.wiki/w/Exchange:Large_blunt_bronze_salvage
Large blunt iron salvage,25000,https://runescape.wiki/w/Exchange:Large_blunt_iron_salvage
Large blunt mithril salvage,25000,https://runescape.wiki/w/Exchange:Large_blunt_mithril_salvage
Large blunt necronium salvage,25000,https://runescape.wiki/w/Exchange:Large_blunt_necronium_salvage
Large blunt orikalkum salvage,25000,https://runescape.wiki/w/Exchange:Large_blunt_orikalkum_salvage
Large blunt rune salvage,25000,https://runescape.wiki/w/Exchange:Large_blunt_rune_salvage
Large blunt steel salvage,25000,https://runescape.wiki/w/Exchange:Large_blunt_steel_salvage
Large crate (classic components),1000,https://runescape.wiki/w/Exchange:Large_crate_(classic_components)
Large crate (historic components),1000,https://runescape.wiki/w/Exchange:Large_crate_(historic_components)
Large crate (timeworn components),1000,https://runescape.wiki/w/Exchange:Large_crate_(timeworn_components)
Large crate (vintage components),1000,https://runescape.wiki/w/Exchange:Large_crate_(vintage_components)
Large oak bed (flatpack),100,https://runescape.wiki/w/Exchange:Large_oak_bed_(flatpack)
Large plated adamant salvage,25000,https://runescape.wiki/w/Exchange:Large_plated_adamant_salvage
Large plated bronze salvage,25000,https://runescape.wiki/w/Exchange:Large_plated_bronze_salvage
Large plated iron salvage,25000,https://runescape.wiki/w/Exchange:Large_plated_iron_salvage
Large plated mithril salvage,25000,https://runescape.wiki/w/Exchange:Large_plated_mithril_salvage
Large plated orikalkum salvage,25000,https://runescape.wiki/w/Exchange:Large_plated_orikalkum_salvage
Large plated rune salvage,25000,https://runescape.wiki/w/Exchange:Large_plated_rune_salvage
Large plated steel salvage,25000,https://runescape.wiki/w/Exchange:Large_plated_steel_salvage
Large spiky adamant salvage,25000,https://runescape.wiki/w/Exchange:Large_spiky_adamant_salvage
Large spiky bronze salvage,25000,https://runescape.wiki/w/Exchange:Large_spiky_bronze_salvage
Large spiky iron salvage,25000,https://runescape.wiki/w/Exchange:Large_spiky_iron_salvage
Large spiky mithril salvage,25000,https://runescape.wiki/w/Exchange:Large_spiky_mithril_salvage
Large spiky orikalkum salvage,25000,https://runescape.wiki/w/Exchange:Large_spiky_orikalkum_salvage
Large spiky rune salvage,25000,https://runescape.wiki/w/Exchange:Large_spiky_rune_salvage
Large spiky steel salvage,25000,https://runescape.wiki/w/Exchange:Large_spiky_steel_salvage
Large teak bed (flatpack),100,https://runescape.wiki/w/Exchange:Large_teak_bed_(flatpack)
Larupia fur,100,https://runescape.wiki/w/Exchange:Larupia_fur
Larupia hat,100,https://runescape.wiki/w/Exchange:Larupia_hat
Larupia legs,100,https://runescape.wiki/w/Exchange:Larupia_legs
Larupia top,100,https://runescape.wiki/w/Exchange:Larupia_top
Lassar teleport (item),1000,https://runescape.wiki/w/Exchange:Lassar_teleport_(item)
Latent Offering,3,https://runescape.wiki/w/Exchange:Latent_Offering
Lava Strykewyrm Wildcard,500,https://runescape.wiki/w/Exchange:Lava_Strykewyrm_Wildcard
Lava Titan scroll (Ebon Thunder),5000,https://runescape.wiki/w/Exchange:Lava_Titan_scroll_(Ebon_Thunder)
Lava battlestaff,1000,https://runescape.wiki/w/Exchange:Lava_battlestaff
Lava rune,25000,https://runescape.wiki/w/Exchange:Lava_rune
Lava titan pouch,5000,https://runescape.wiki/w/Exchange:Lava_titan_pouch
Lavender,100,https://runescape.wiki/w/Exchange:Lavender
Law rune,25000,https://runescape.wiki/w/Exchange:Law_rune
Law talisman,500,https://runescape.wiki/w/Exchange:Law_talisman
Law tiara,100,https://runescape.wiki/w/Exchange:Law_tiara
Leaf-bladed sword,100,https://runescape.wiki/w/Exchange:Leaf-bladed_sword
Lean snail,1000,https://runescape.wiki/w/Exchange:Lean_snail
Lean snail meat,1000,https://runescape.wiki/w/Exchange:Lean_snail_meat
Leaping salmon,5000,https://runescape.wiki/w/Exchange:Leaping_salmon
Leaping sturgeon,5000,https://runescape.wiki/w/Exchange:Leaping_sturgeon
Leaping trout,5000,https://runescape.wiki/w/Exchange:Leaping_trout
Leather,10000,https://runescape.wiki/w/Exchange:Leather
Leather body,1000,https://runescape.wiki/w/Exchange:Leather_body
Leather boots,5000,https://runescape.wiki/w/Exchange:Leather_boots
Leather case,1000,https://runescape.wiki/w/Exchange:Leather_case
Leather chaps,5000,https://runescape.wiki/w/Exchange:Leather_chaps
Leather cowl,5000,https://runescape.wiki/w/Exchange:Leather_cowl
Leather gloves,5000,https://runescape.wiki/w/Exchange:Leather_gloves
Leather scraps,5000,https://runescape.wiki/w/Exchange:Leather_scraps
Leather shield,100,https://runescape.wiki/w/Exchange:Leather_shield
Leather vambraces,5000,https://runescape.wiki/w/Exchange:Leather_vambraces
Leaves,100,https://runescape.wiki/w/Exchange:Leaves
Leaves (magic),100,https://runescape.wiki/w/Exchange:Leaves_(magic)
Leaves (maple),100,https://runescape.wiki/w/Exchange:Leaves_(maple)
Leaves (oak),100,https://runescape.wiki/w/Exchange:Leaves_(oak)
Leaves (willow),100,https://runescape.wiki/w/Exchange:Leaves_(willow)
Leaves (yew),100,https://runescape.wiki/w/Exchange:Leaves_(yew)
Lederhosen terrorbird mount token,2,https://runescape.wiki/w/Exchange:Lederhosen_terrorbird_mount_token
Left banana of knowledge,100,https://runescape.wiki/w/Exchange:Left_banana_of_knowledge
Left eyepatch,10,https://runescape.wiki/w/Exchange:Left_eyepatch
Legatus's Emberstaff,2,https://runescape.wiki/w/Exchange:Legatus%27s_Emberstaff
Lemon,1000,https://runescape.wiki/w/Exchange:Lemon
Lemon cheesecake,1000,https://runescape.wiki/w/Exchange:Lemon_cheesecake
Lemon chunks,1000,https://runescape.wiki/w/Exchange:Lemon_chunks
Lemon parasol,2,https://runescape.wiki/w/Exchange:Lemon_parasol
Lemon slices,1000,https://runescape.wiki/w/Exchange:Lemon_slices
Lesser Demon scroll (Ring of Fire),5000,https://runescape.wiki/w/Exchange:Lesser_Demon_scroll_(Ring_of_Fire)
Lesser necroplasm,50000,https://runescape.wiki/w/Exchange:Lesser_necroplasm
Leviathan ring,10,https://runescape.wiki/w/Exchange:Leviathan_ring
Lifeguard chair head token,2,https://runescape.wiki/w/Exchange:Lifeguard_chair_head_token
Light Creature scroll (Enlightenment),5000,https://runescape.wiki/w/Exchange:Light_Creature_scroll_(Enlightenment)
Light animica,25000,https://runescape.wiki/w/Exchange:Light_animica
Light animica stone spirit,25000,https://runescape.wiki/w/Exchange:Light_animica_stone_spirit
Light creature pouch,5000,https://runescape.wiki/w/Exchange:Light_creature_pouch
Light mystic boots,100,https://runescape.wiki/w/Exchange:Light_mystic_boots
Light mystic gloves,100,https://runescape.wiki/w/Exchange:Light_mystic_gloves
Light mystic hat,100,https://runescape.wiki/w/Exchange:Light_mystic_hat
Light mystic robe bottom,100,https://runescape.wiki/w/Exchange:Light_mystic_robe_bottom
Light mystic robe top,100,https://runescape.wiki/w/Exchange:Light_mystic_robe_top
Light mystic robes set,100,https://runescape.wiki/w/Exchange:Light_mystic_robes_set
Light orb,1000,https://runescape.wiki/w/Exchange:Light_orb
Lighthouse Teleport,300,https://runescape.wiki/w/Exchange:Lighthouse_Teleport
Lime,1000,https://runescape.wiki/w/Exchange:Lime
Lime chunks,1000,https://runescape.wiki/w/Exchange:Lime_chunks
Lime parasol,2,https://runescape.wiki/w/Exchange:Lime_parasol
Lime slices,1000,https://runescape.wiki/w/Exchange:Lime_slices
Limestone,10000,https://runescape.wiki/w/Exchange:Limestone
Limestone brick,10000,https://runescape.wiki/w/Exchange:Limestone_brick
Limpwurt root,10000,https://runescape.wiki/w/Exchange:Limpwurt_root
Limpwurt seed,100,https://runescape.wiki/w/Exchange:Limpwurt_seed
Linza's cuirass,2,https://runescape.wiki/w/Exchange:Linza%27s_cuirass
Linza's greaves,2,https://runescape.wiki/w/Exchange:Linza%27s_greaves
Linza's hammer,2,https://runescape.wiki/w/Exchange:Linza%27s_hammer
Linza's helm,2,https://runescape.wiki/w/Exchange:Linza%27s_helm
Linza's shield,2,https://runescape.wiki/w/Exchange:Linza%27s_shield
Liquid patch bomb,50,https://runescape.wiki/w/Exchange:Liquid_patch_bomb
Lit dark fire arrows,1000,https://runescape.wiki/w/Exchange:Lit_dark_fire_arrows
Liverwort seed,100,https://runescape.wiki/w/Exchange:Liverwort_seed
Living Wyvern Wildcard,500,https://runescape.wiki/w/Exchange:Living_Wyvern_Wildcard
Living minerals,10000,https://runescape.wiki/w/Exchange:Living_minerals
Lizard skull,100,https://runescape.wiki/w/Exchange:Lizard_skull
Loar remains,1000,https://runescape.wiki/w/Exchange:Loar_remains
Lobster,10000,https://runescape.wiki/w/Exchange:Lobster
Lobster pot,100,https://runescape.wiki/w/Exchange:Lobster_pot
Lockbox skipping ticket,200,https://runescape.wiki/w/Exchange:Lockbox_skipping_ticket
Lockpick,100,https://runescape.wiki/w/Exchange:Lockpick
Locust meat,1000,https://runescape.wiki/w/Exchange:Locust_meat
Log-splitting scrimshaw,5,https://runescape.wiki/w/Exchange:Log-splitting_scrimshaw
Logs,25000,https://runescape.wiki/w/Exchange:Logs
Long kebbit bolts,1000,https://runescape.wiki/w/Exchange:Long_kebbit_bolts
Long kebbit spike,5000,https://runescape.wiki/w/Exchange:Long_kebbit_spike
Loop half of a key,100,https://runescape.wiki/w/Exchange:Loop_half_of_a_key
Lost Grove Creature Wildcard,500,https://runescape.wiki/w/Exchange:Lost_Grove_Creature_Wildcard
Loved up rest animation token,2,https://runescape.wiki/w/Exchange:Loved_up_rest_animation_token
Loved up walk override token,2,https://runescape.wiki/w/Exchange:Loved_up_walk_override_token
Luchador mask token,100,https://runescape.wiki/w/Exchange:Luchador_mask_token
Lucille token,2,https://runescape.wiki/w/Exchange:Lucille_token
Luck of the Dwarves,10,https://runescape.wiki/w/Exchange:Luck_of_the_Dwarves
Luck potion,1000,https://runescape.wiki/w/Exchange:Luck_potion
Lucky dragonkin coin,2,https://runescape.wiki/w/Exchange:Lucky_dragonkin_coin
Lumberjack's courage,100,https://runescape.wiki/w/Exchange:Lumberjack%27s_courage
Lumbridge teleport (item),1000,https://runescape.wiki/w/Exchange:Lumbridge_teleport_(item)
Luminite,25000,https://runescape.wiki/w/Exchange:Luminite
Luminite injector,100,https://runescape.wiki/w/Exchange:Luminite_injector
Luminite stone spirit,25000,https://runescape.wiki/w/Exchange:Luminite_stone_spirit
Luminous energy,25000,https://runescape.wiki/w/Exchange:Luminous_energy
Luminous snaggler seed,100,https://runescape.wiki/w/Exchange:Luminous_snaggler_seed
Lustrous energy,25000,https://runescape.wiki/w/Exchange:Lustrous_energy
Lvl-1 enchant (item),200,https://runescape.wiki/w/Exchange:Lvl-1_enchant_(item)
Lvl-2 enchant (item),200,https://runescape.wiki/w/Exchange:Lvl-2_enchant_(item)
Lvl-3 enchant (item),200,https://runescape.wiki/w/Exchange:Lvl-3_enchant_(item)
Lvl-4 enchant (item),200,https://runescape.wiki/w/Exchange:Lvl-4_enchant_(item)
Lvl-5 enchant (item),200,https://runescape.wiki/w/Exchange:Lvl-5_enchant_(item)
Lvl-6 enchant (item),200,https://runescape.wiki/w/Exchange:Lvl-6_enchant_(item)
Lychee,10000,https://runescape.wiki/w/Exchange:Lychee
Lychee seed,100,https://runescape.wiki/w/Exchange:Lychee_seed
Macaw pouch,5000,https://runescape.wiki/w/Exchange:Macaw_pouch
Macaw scroll (Herbcall),5000,https://runescape.wiki/w/Exchange:Macaw_scroll_(Herbcall)
Machete,100,https://runescape.wiki/w/Exchange:Machete
Mackerel,10000,https://runescape.wiki/w/Exchange:Mackerel
Mages' book,10,https://runescape.wiki/w/Exchange:Mages%27_book
Magic birdhouse,10,https://runescape.wiki/w/Exchange:Magic_birdhouse
Magic box,100,https://runescape.wiki/w/Exchange:Magic_box
Magic composite bow,2,https://runescape.wiki/w/Exchange:Magic_composite_bow
Magic essence mix (1),1000,https://runescape.wiki/w/Exchange:Magic_essence_mix_(1)
Magic essence mix (2),1000,https://runescape.wiki/w/Exchange:Magic_essence_mix_(2)
Magic flask (6),1000,https://runescape.wiki/w/Exchange:Magic_flask_(6)
Magic frame,10000,https://runescape.wiki/w/Exchange:Magic_frame
Magic incense sticks,1000,https://runescape.wiki/w/Exchange:Magic_incense_sticks
Magic logs,25000,https://runescape.wiki/w/Exchange:Magic_logs
Magic mix (1),1000,https://runescape.wiki/w/Exchange:Magic_mix_(1)
Magic mix (2),1000,https://runescape.wiki/w/Exchange:Magic_mix_(2)
Magic notepaper,2000,https://runescape.wiki/w/Exchange:Magic_notepaper
Magic plank,10000,https://runescape.wiki/w/Exchange:Magic_plank
Magic potion (1),1000,https://runescape.wiki/w/Exchange:Magic_potion_(1)
Magic potion (2),1000,https://runescape.wiki/w/Exchange:Magic_potion_(2)
Magic potion (3),1000,https://runescape.wiki/w/Exchange:Magic_potion_(3)
Magic potion (4),1000,https://runescape.wiki/w/Exchange:Magic_potion_(4)
Magic pyre logs,1000,https://runescape.wiki/w/Exchange:Magic_pyre_logs
Magic roots,100,https://runescape.wiki/w/Exchange:Magic_roots
Magic seed,100,https://runescape.wiki/w/Exchange:Magic_seed
Magic shieldbow,5000,https://runescape.wiki/w/Exchange:Magic_shieldbow
Magic shieldbow (unstrung),10000,https://runescape.wiki/w/Exchange:Magic_shieldbow_(unstrung)
Magic shortbow,5000,https://runescape.wiki/w/Exchange:Magic_shortbow
Magic shortbow (unstrung),10000,https://runescape.wiki/w/Exchange:Magic_shortbow_(unstrung)
Magic skull mask,100,https://runescape.wiki/w/Exchange:Magic_skull_mask
Magic staff,1000,https://runescape.wiki/w/Exchange:Magic_staff
Magic stock,1000,https://runescape.wiki/w/Exchange:Magic_stock
Magic stone,100,https://runescape.wiki/w/Exchange:Magic_stone
Magic string,100,https://runescape.wiki/w/Exchange:Magic_string
Magic wood box,100,https://runescape.wiki/w/Exchange:Magic_wood_box
Magic wood spirit,25000,https://runescape.wiki/w/Exchange:Magic_wood_spirit
Magical cape rack (flatpack),10,https://runescape.wiki/w/Exchange:Magical_cape_rack_(flatpack)
Magical thread,1000,https://runescape.wiki/w/Exchange:Magical_thread
Magma Tempest ability codex,2,https://runescape.wiki/w/Exchange:Magma_Tempest_ability_codex
Magma core,10,https://runescape.wiki/w/Exchange:Magma_core
Magpie impling jar,1000,https://runescape.wiki/w/Exchange:Magpie_impling_jar
Magpie pouch,5000,https://runescape.wiki/w/Exchange:Magpie_pouch
Magpie scroll (Thieving Fingers),5000,https://runescape.wiki/w/Exchange:Magpie_scroll_(Thieving_Fingers)
Mahogany armchair (flatpack),100,https://runescape.wiki/w/Exchange:Mahogany_armchair_(flatpack)
Mahogany armour case (flatpack),100,https://runescape.wiki/w/Exchange:Mahogany_armour_case_(flatpack)
Mahogany bench (flatpack),100,https://runescape.wiki/w/Exchange:Mahogany_bench_(flatpack)
Mahogany birdhouse,10,https://runescape.wiki/w/Exchange:Mahogany_birdhouse
Mahogany bookcase (flatpack),100,https://runescape.wiki/w/Exchange:Mahogany_bookcase_(flatpack)
Mahogany cape rack (flatpack),100,https://runescape.wiki/w/Exchange:Mahogany_cape_rack_(flatpack)
Mahogany dresser (flatpack),100,https://runescape.wiki/w/Exchange:Mahogany_dresser_(flatpack)
Mahogany fancy dress box (flatpack),100,https://runescape.wiki/w/Exchange:Mahogany_fancy_dress_box_(flatpack)
Mahogany frame,10000,https://runescape.wiki/w/Exchange:Mahogany_frame
Mahogany logs,25000,https://runescape.wiki/w/Exchange:Mahogany_logs
Mahogany magic wardrobe (flatpack),100,https://runescape.wiki/w/Exchange:Mahogany_magic_wardrobe_(flatpack)
Mahogany plank,10000,https://runescape.wiki/w/Exchange:Mahogany_plank
Mahogany pyre logs,1000,https://runescape.wiki/w/Exchange:Mahogany_pyre_logs
Mahogany stock,1000,https://runescape.wiki/w/Exchange:Mahogany_stock
Mahogany table (flatpack),100,https://runescape.wiki/w/Exchange:Mahogany_table_(flatpack)
Mahogany toy box (flatpack),100,https://runescape.wiki/w/Exchange:Mahogany_toy_box_(flatpack)
Mahogany treasure chest (flatpack),100,https://runescape.wiki/w/Exchange:Mahogany_treasure_chest_(flatpack)
Mahogany wardrobe (flatpack),100,https://runescape.wiki/w/Exchange:Mahogany_wardrobe_(flatpack)
Mahogany wood box,100,https://runescape.wiki/w/Exchange:Mahogany_wood_box
Mahogany wood spirit,25000,https://runescape.wiki/w/Exchange:Mahogany_wood_spirit
Malachite green,5000,https://runescape.wiki/w/Exchange:Malachite_green
Malcolm Bunny appearance token,2,https://runescape.wiki/w/Exchange:Malcolm_Bunny_appearance_token
Malevolent cuirass,2,https://runescape.wiki/w/Exchange:Malevolent_cuirass
Malevolent energy,100,https://runescape.wiki/w/Exchange:Malevolent_energy
Malevolent essence,100,https://runescape.wiki/w/Exchange:Malevolent_essence
Malevolent greaves,2,https://runescape.wiki/w/Exchange:Malevolent_greaves
Malevolent helm,2,https://runescape.wiki/w/Exchange:Malevolent_helm
Malevolent kiteshield,1,https://runescape.wiki/w/Exchange:Malevolent_kiteshield
Mallet token,2,https://runescape.wiki/w/Exchange:Mallet_token
Malletops (unchecked),100,https://runescape.wiki/w/Exchange:Malletops_(unchecked)
Malletops meat,1000,https://runescape.wiki/w/Exchange:Malletops_meat
Malletops palus (unchecked),100,https://runescape.wiki/w/Exchange:Malletops_palus_(unchecked)
Malletops purpura (unchecked),100,https://runescape.wiki/w/Exchange:Malletops_purpura_(unchecked)
Mallory pet halloween appearance token,2,https://runescape.wiki/w/Exchange:Mallory_pet_halloween_appearance_token
Mammoth plush token,2,https://runescape.wiki/w/Exchange:Mammoth_plush_token
Mammoth tusk,5000,https://runescape.wiki/w/Exchange:Mammoth_tusk
Mango,10000,https://runescape.wiki/w/Exchange:Mango
Mango seed,100,https://runescape.wiki/w/Exchange:Mango_seed
Manta ray,10000,https://runescape.wiki/w/Exchange:Manta_ray
Manta ray bait,100,https://runescape.wiki/w/Exchange:Manta_ray_bait
Manuscript of Amascut,10,https://runescape.wiki/w/Exchange:Manuscript_of_Amascut
Manuscript of Bik,10,https://runescape.wiki/w/Exchange:Manuscript_of_Bik
Manuscript of Elidinis,10,https://runescape.wiki/w/Exchange:Manuscript_of_Elidinis
Manuscript of Ful,10,https://runescape.wiki/w/Exchange:Manuscript_of_Ful
Manuscript of Jas,10,https://runescape.wiki/w/Exchange:Manuscript_of_Jas
Manuscript of Wen,10,https://runescape.wiki/w/Exchange:Manuscript_of_Wen
Maple birdhouse,10,https://runescape.wiki/w/Exchange:Maple_birdhouse
Maple blackjack,100,https://runescape.wiki/w/Exchange:Maple_blackjack
Maple blackjack (d),100,https://runescape.wiki/w/Exchange:Maple_blackjack_(d)
Maple blackjack (o),100,https://runescape.wiki/w/Exchange:Maple_blackjack_(o)
Maple frame,10000,https://runescape.wiki/w/Exchange:Maple_frame
Maple incense sticks,1000,https://runescape.wiki/w/Exchange:Maple_incense_sticks
Maple logs,25000,https://runescape.wiki/w/Exchange:Maple_logs
Maple plank,10000,https://runescape.wiki/w/Exchange:Maple_plank
Maple pyre logs,1000,https://runescape.wiki/w/Exchange:Maple_pyre_logs
Maple roots,100,https://runescape.wiki/w/Exchange:Maple_roots
Maple seed,100,https://runescape.wiki/w/Exchange:Maple_seed
Maple shieldbow,5000,https://runescape.wiki/w/Exchange:Maple_shieldbow
Maple shieldbow (unstrung),10000,https://runescape.wiki/w/Exchange:Maple_shieldbow_(unstrung)
Maple shortbow,5000,https://runescape.wiki/w/Exchange:Maple_shortbow
Maple shortbow (unstrung),10000,https://runescape.wiki/w/Exchange:Maple_shortbow_(unstrung)
Maple stock,1000,https://runescape.wiki/w/Exchange:Maple_stock
Maple wood box,100,https://runescape.wiki/w/Exchange:Maple_wood_box
Maple wood spirit,25000,https://runescape.wiki/w/Exchange:Maple_wood_spirit
Marasamaw plant,100,https://runescape.wiki/w/Exchange:Marasamaw_plant
Marble block,100,https://runescape.wiki/w/Exchange:Marble_block
Marble cape rack (flatpack),100,https://runescape.wiki/w/Exchange:Marble_cape_rack_(flatpack)
Marble magic wardrobe (flatpack),10,https://runescape.wiki/w/Exchange:Marble_magic_wardrobe_(flatpack)
Marigold seed,1000,https://runescape.wiki/w/Exchange:Marigold_seed
Marigolds,5000,https://runescape.wiki/w/Exchange:Marigolds
Mark of the Kyzaj,5000,https://runescape.wiki/w/Exchange:Mark_of_the_Kyzaj
Marmaros ore,25000,https://runescape.wiki/w/Exchange:Marmaros_ore
Marrentill incense sticks,1000,https://runescape.wiki/w/Exchange:Marrentill_incense_sticks
Marrentill potion (unfinished),10000,https://runescape.wiki/w/Exchange:Marrentill_potion_(unfinished)
Marrentill seed,1000,https://runescape.wiki/w/Exchange:Marrentill_seed
Marrentill tar,10000,https://runescape.wiki/w/Exchange:Marrentill_tar
Mask of Tumeken's resplendence,2,https://runescape.wiki/w/Exchange:Mask_of_Tumeken%27s_resplendence
Mask of the Araxytes,1,https://runescape.wiki/w/Exchange:Mask_of_the_Araxytes
Mask of the Grove Guardian,1,https://runescape.wiki/w/Exchange:Mask_of_the_Grove_Guardian
Mask of the Matriarchs,1,https://runescape.wiki/w/Exchange:Mask_of_the_Matriarchs
Master wand,10,https://runescape.wiki/w/Exchange:Master_wand
Masterwork 2h sword,2,https://runescape.wiki/w/Exchange:Masterwork_2h_sword
Masterwork Spear of Annihilation,2,https://runescape.wiki/w/Exchange:Masterwork_Spear_of_Annihilation
Masterwork blue cloth,100,https://runescape.wiki/w/Exchange:Masterwork_blue_cloth
Masterwork bow,2,https://runescape.wiki/w/Exchange:Masterwork_bow
Masterwork chromatic dragon leather,100,https://runescape.wiki/w/Exchange:Masterwork_chromatic_dragon_leather
Masterwork elasticated leather,100,https://runescape.wiki/w/Exchange:Masterwork_elasticated_leather
Masterwork green cloth,100,https://runescape.wiki/w/Exchange:Masterwork_green_cloth
Masterwork magic boots,2,https://runescape.wiki/w/Exchange:Masterwork_magic_boots
Masterwork magic gloves,2,https://runescape.wiki/w/Exchange:Masterwork_magic_gloves
Masterwork magic hat,2,https://runescape.wiki/w/Exchange:Masterwork_magic_hat
Masterwork magic robe bottom,2,https://runescape.wiki/w/Exchange:Masterwork_magic_robe_bottom
Masterwork magic robe top,2,https://runescape.wiki/w/Exchange:Masterwork_magic_robe_top
Masterwork melee armour trim,10000,https://runescape.wiki/w/Exchange:Masterwork_melee_armour_trim
Masterwork melee boots,2,https://runescape.wiki/w/Exchange:Masterwork_melee_boots
Masterwork melee gloves,2,https://runescape.wiki/w/Exchange:Masterwork_melee_gloves
Masterwork melee helm,2,https://runescape.wiki/w/Exchange:Masterwork_melee_helm
Masterwork melee platebody,2,https://runescape.wiki/w/Exchange:Masterwork_melee_platebody
Masterwork melee platelegs,2,https://runescape.wiki/w/Exchange:Masterwork_melee_platelegs
Masterwork monochromatic dragon leather,100,https://runescape.wiki/w/Exchange:Masterwork_monochromatic_dragon_leather
Masterwork ranged body,2,https://runescape.wiki/w/Exchange:Masterwork_ranged_body
Masterwork ranged boots,2,https://runescape.wiki/w/Exchange:Masterwork_ranged_boots
Masterwork ranged chaps,2,https://runescape.wiki/w/Exchange:Masterwork_ranged_chaps
Masterwork ranged cowl,2,https://runescape.wiki/w/Exchange:Masterwork_ranged_cowl
Masterwork ranged vambraces,2,https://runescape.wiki/w/Exchange:Masterwork_ranged_vambraces
Masterwork sinew,1000,https://runescape.wiki/w/Exchange:Masterwork_sinew
Masterwork staff,2,https://runescape.wiki/w/Exchange:Masterwork_staff
Masterwork thread,1000,https://runescape.wiki/w/Exchange:Masterwork_thread
Masterwork white cloth,100,https://runescape.wiki/w/Exchange:Masterwork_white_cloth
Masuta's warspear,2,https://runescape.wiki/w/Exchange:Masuta%27s_warspear
Mature cider,100,https://runescape.wiki/w/Exchange:Mature_cider
Mature mead,100,https://runescape.wiki/w/Exchange:Mature_mead
Mature pigswill,100,https://runescape.wiki/w/Exchange:Mature_pigswill
Maui parasol token,2,https://runescape.wiki/w/Exchange:Maui_parasol_token
Mazcab ability codex,2,https://runescape.wiki/w/Exchange:Mazcab_ability_codex
Mazcab teleport (item),1000,https://runescape.wiki/w/Exchange:Mazcab_teleport_(item)
Mead,100,https://runescape.wiki/w/Exchange:Mead
Mead (1),100,https://runescape.wiki/w/Exchange:Mead_(1)
Mead (2),100,https://runescape.wiki/w/Exchange:Mead_(2)
Mead (3),100,https://runescape.wiki/w/Exchange:Mead_(3)
Mead (4),100,https://runescape.wiki/w/Exchange:Mead_(4)
Mead (m1),100,https://runescape.wiki/w/Exchange:Mead_(m1)
Mead (m2),100,https://runescape.wiki/w/Exchange:Mead_(m2)
Mead (m3),100,https://runescape.wiki/w/Exchange:Mead_(m3)
Mead (m4),100,https://runescape.wiki/w/Exchange:Mead_(m4)
Meat pie,1000,https://runescape.wiki/w/Exchange:Meat_pie
Meat pizza,1000,https://runescape.wiki/w/Exchange:Meat_pizza
Meat tenderiser,100,https://runescape.wiki/w/Exchange:Meat_tenderiser
Mechanised chinchompa,5000,https://runescape.wiki/w/Exchange:Mechanised_chinchompa
Medicinal honeycomb,5000,https://runescape.wiki/w/Exchange:Medicinal_honeycomb
Meditation rest animation token,100,https://runescape.wiki/w/Exchange:Meditation_rest_animation_token
Medium bladed adamant salvage,25000,https://runescape.wiki/w/Exchange:Medium_bladed_adamant_salvage
Medium bladed bronze salvage,25000,https://runescape.wiki/w/Exchange:Medium_bladed_bronze_salvage
Medium bladed iron salvage,25000,https://runescape.wiki/w/Exchange:Medium_bladed_iron_salvage
Medium bladed mithril salvage,25000,https://runescape.wiki/w/Exchange:Medium_bladed_mithril_salvage
Medium bladed orikalkum salvage,25000,https://runescape.wiki/w/Exchange:Medium_bladed_orikalkum_salvage
Medium bladed rune salvage,25000,https://runescape.wiki/w/Exchange:Medium_bladed_rune_salvage
Medium bladed steel salvage,25000,https://runescape.wiki/w/Exchange:Medium_bladed_steel_salvage
Medium blunt adamant salvage,25000,https://runescape.wiki/w/Exchange:Medium_blunt_adamant_salvage
Medium blunt bronze salvage,25000,https://runescape.wiki/w/Exchange:Medium_blunt_bronze_salvage
Medium blunt iron salvage,25000,https://runescape.wiki/w/Exchange:Medium_blunt_iron_salvage
Medium blunt mithril salvage,25000,https://runescape.wiki/w/Exchange:Medium_blunt_mithril_salvage
Medium blunt orikalkum salvage,25000,https://runescape.wiki/w/Exchange:Medium_blunt_orikalkum_salvage
Medium blunt rune salvage,25000,https://runescape.wiki/w/Exchange:Medium_blunt_rune_salvage
Medium blunt steel salvage,25000,https://runescape.wiki/w/Exchange:Medium_blunt_steel_salvage
Medium plated adamant salvage,25000,https://runescape.wiki/w/Exchange:Medium_plated_adamant_salvage
Medium plated bronze salvage,25000,https://runescape.wiki/w/Exchange:Medium_plated_bronze_salvage
Medium plated iron salvage,25000,https://runescape.wiki/w/Exchange:Medium_plated_iron_salvage
Medium plated mithril salvage,25000,https://runescape.wiki/w/Exchange:Medium_plated_mithril_salvage
Medium plated necronium salvage,25000,https://runescape.wiki/w/Exchange:Medium_plated_necronium_salvage
Medium plated orikalkum salvage,25000,https://runescape.wiki/w/Exchange:Medium_plated_orikalkum_salvage
Medium plated rune salvage,25000,https://runescape.wiki/w/Exchange:Medium_plated_rune_salvage
Medium plated steel salvage,25000,https://runescape.wiki/w/Exchange:Medium_plated_steel_salvage
Medium spiky adamant salvage,25000,https://runescape.wiki/w/Exchange:Medium_spiky_adamant_salvage
Medium spiky bronze salvage,25000,https://runescape.wiki/w/Exchange:Medium_spiky_bronze_salvage
Medium spiky iron salvage,25000,https://runescape.wiki/w/Exchange:Medium_spiky_iron_salvage
Medium spiky mithril salvage,25000,https://runescape.wiki/w/Exchange:Medium_spiky_mithril_salvage
Medium spiky orikalkum salvage,25000,https://runescape.wiki/w/Exchange:Medium_spiky_orikalkum_salvage
Medium spiky rune salvage,25000,https://runescape.wiki/w/Exchange:Medium_spiky_rune_salvage
Medium spiky steel salvage,25000,https://runescape.wiki/w/Exchange:Medium_spiky_steel_salvage
Meerkat scroll (Fetch Casket),300,https://runescape.wiki/w/Exchange:Meerkat_scroll_(Fetch_Casket)
Meerkats pouch,100,https://runescape.wiki/w/Exchange:Meerkats_pouch
Melodic essence,100,https://runescape.wiki/w/Exchange:Melodic_essence
Memory dowser,2,https://runescape.wiki/w/Exchange:Memory_dowser
Memory-crushing scrimshaw,5,https://runescape.wiki/w/Exchange:Memory-crushing_scrimshaw
Menap action kilt (purple),100,https://runescape.wiki/w/Exchange:Menap_action_kilt_(purple)
Menap action kilt (red),100,https://runescape.wiki/w/Exchange:Menap_action_kilt_(red)
Menap headgear (purple),100,https://runescape.wiki/w/Exchange:Menap_headgear_(purple)
Menap headgear (red),100,https://runescape.wiki/w/Exchange:Menap_headgear_(red)
Menaphite robe (purple),100,https://runescape.wiki/w/Exchange:Menaphite_robe_(purple)
Menaphite robe (red),100,https://runescape.wiki/w/Exchange:Menaphite_robe_(red)
Menaphite top (purple),100,https://runescape.wiki/w/Exchange:Menaphite_top_(purple)
Menaphite top (red),100,https://runescape.wiki/w/Exchange:Menaphite_top_(red)
Menaphos Beachwear token,2,https://runescape.wiki/w/Exchange:Menaphos_Beachwear_token
Menaphos Parasol token,2,https://runescape.wiki/w/Exchange:Menaphos_Parasol_token
Menaphos shifting tombs teleport,1000,https://runescape.wiki/w/Exchange:Menaphos_shifting_tombs_teleport
Menowin outfit token,2,https://runescape.wiki/w/Exchange:Menowin_outfit_token
Meowsketeer's boots token,25,https://runescape.wiki/w/Exchange:Meowsketeer%27s_boots_token
Meowsketeer's gloves token,25,https://runescape.wiki/w/Exchange:Meowsketeer%27s_gloves_token
Meowsketeer's hat token,25,https://runescape.wiki/w/Exchange:Meowsketeer%27s_hat_token
Meowsketeer's rapier token,25,https://runescape.wiki/w/Exchange:Meowsketeer%27s_rapier_token
Meowsketeer's scarf token,25,https://runescape.wiki/w/Exchange:Meowsketeer%27s_scarf_token
Meowsketeer's trousers token,25,https://runescape.wiki/w/Exchange:Meowsketeer%27s_trousers_token
Meowsketeer's tunic token,25,https://runescape.wiki/w/Exchange:Meowsketeer%27s_tunic_token
Merchant district teleport,1000,https://runescape.wiki/w/Exchange:Merchant_district_teleport
Merciless kiteshield,1,https://runescape.wiki/w/Exchange:Merciless_kiteshield
Merethiel's stave,2,https://runescape.wiki/w/Exchange:Merethiel%27s_stave
Message in a bottle,100,https://runescape.wiki/w/Exchange:Message_in_a_bottle
Metal setting,1000,https://runescape.wiki/w/Exchange:Metal_setting
Meteorite cannonball,10000,https://runescape.wiki/w/Exchange:Meteorite_cannonball
Meteorite chunk,25000,https://runescape.wiki/w/Exchange:Meteorite_chunk
Meteorite dust,10000,https://runescape.wiki/w/Exchange:Meteorite_dust
Miasma rune,25000,https://runescape.wiki/w/Exchange:Miasma_rune
Mimic helm,2,https://runescape.wiki/w/Exchange:Mimic_helm
Mimic kill token,500,https://runescape.wiki/w/Exchange:Mimic_kill_token
Mimic plushie,2,https://runescape.wiki/w/Exchange:Mimic_plushie
Mimic tongue cape,2,https://runescape.wiki/w/Exchange:Mimic_tongue_cape
Minced meat,1000,https://runescape.wiki/w/Exchange:Minced_meat
Mind body,100,https://runescape.wiki/w/Exchange:Mind_body
Mind bomb (1),100,https://runescape.wiki/w/Exchange:Mind_bomb_(1)
Mind bomb (2),100,https://runescape.wiki/w/Exchange:Mind_bomb_(2)
Mind bomb (3),100,https://runescape.wiki/w/Exchange:Mind_bomb_(3)
Mind bomb (4),100,https://runescape.wiki/w/Exchange:Mind_bomb_(4)
Mind bomb (m1),100,https://runescape.wiki/w/Exchange:Mind_bomb_(m1)
Mind bomb (m2),100,https://runescape.wiki/w/Exchange:Mind_bomb_(m2)
Mind bomb (m3),100,https://runescape.wiki/w/Exchange:Mind_bomb_(m3)
Mind bomb (m4),100,https://runescape.wiki/w/Exchange:Mind_bomb_(m4)
Mind boots,10,https://runescape.wiki/w/Exchange:Mind_boots
Mind gloves,10,https://runescape.wiki/w/Exchange:Mind_gloves
Mind helmet,100,https://runescape.wiki/w/Exchange:Mind_helmet
Mind rune,25000,https://runescape.wiki/w/Exchange:Mind_rune
Mind shield,100,https://runescape.wiki/w/Exchange:Mind_shield
Mind talisman,500,https://runescape.wiki/w/Exchange:Mind_talisman
Mind tiara,100,https://runescape.wiki/w/Exchange:Mind_tiara
Mining accumulator,200,https://runescape.wiki/w/Exchange:Mining_accumulator
Mining away teleport token,2,https://runescape.wiki/w/Exchange:Mining_away_teleport_token
Mining flask (6),100,https://runescape.wiki/w/Exchange:Mining_flask_(6)
Mining helmet,100,https://runescape.wiki/w/Exchange:Mining_helmet
Mining potion (1),1000,https://runescape.wiki/w/Exchange:Mining_potion_(1)
Mining potion (2),1000,https://runescape.wiki/w/Exchange:Mining_potion_(2)
Mining potion (3),1000,https://runescape.wiki/w/Exchange:Mining_potion_(3)
Mining potion (4),1000,https://runescape.wiki/w/Exchange:Mining_potion_(4)
Minnow,10000,https://runescape.wiki/w/Exchange:Minnow
Mint cake,100,https://runescape.wiki/w/Exchange:Mint_cake
Mint hair head token,2,https://runescape.wiki/w/Exchange:Mint_hair_head_token
Mirror shield,100,https://runescape.wiki/w/Exchange:Mirror_shield
Misalionar's death mask,2,https://runescape.wiki/w/Exchange:Misalionar%27s_death_mask
Miscellania Teleport,300,https://runescape.wiki/w/Exchange:Miscellania_Teleport
Mist rune,25000,https://runescape.wiki/w/Exchange:Mist_rune
Mithril 2h crossbow,1000,https://runescape.wiki/w/Exchange:Mithril_2h_crossbow
Mithril 2h sword,100,https://runescape.wiki/w/Exchange:Mithril_2h_sword
Mithril 2h sword + 1,100,https://runescape.wiki/w/Exchange:Mithril_2h_sword_%2B_1
Mithril 2h sword + 2,100,https://runescape.wiki/w/Exchange:Mithril_2h_sword_%2B_2
Mithril Minotaur scroll (Mithril Bull Rush),5000,https://runescape.wiki/w/Exchange:Mithril_Minotaur_scroll_(Mithril_Bull_Rush)
Mithril armour set (lg),100,https://runescape.wiki/w/Exchange:Mithril_armour_set_(lg)
Mithril armour set (sk),100,https://runescape.wiki/w/Exchange:Mithril_armour_set_(sk)
Mithril armour set + 1 (lg),100,https://runescape.wiki/w/Exchange:Mithril_armour_set_%2B_1_(lg)
Mithril armour set + 1 (sk),100,https://runescape.wiki/w/Exchange:Mithril_armour_set_%2B_1_(sk)
Mithril armour set + 2 (lg),100,https://runescape.wiki/w/Exchange:Mithril_armour_set_%2B_2_(lg)
Mithril armour set + 2 (sk),100,https://runescape.wiki/w/Exchange:Mithril_armour_set_%2B_2_(sk)
Mithril armoured boots,100,https://runescape.wiki/w/Exchange:Mithril_armoured_boots
Mithril armoured boots + 1,100,https://runescape.wiki/w/Exchange:Mithril_armoured_boots_%2B_1
Mithril armoured boots + 2,100,https://runescape.wiki/w/Exchange:Mithril_armoured_boots_%2B_2
Mithril arrow,10000,https://runescape.wiki/w/Exchange:Mithril_arrow
Mithril arrowheads,100000,https://runescape.wiki/w/Exchange:Mithril_arrowheads
Mithril bar,10000,https://runescape.wiki/w/Exchange:Mithril_bar
Mithril battleaxe,100,https://runescape.wiki/w/Exchange:Mithril_battleaxe
Mithril battleaxe + 1,100,https://runescape.wiki/w/Exchange:Mithril_battleaxe_%2B_1
Mithril battleaxe + 2,100,https://runescape.wiki/w/Exchange:Mithril_battleaxe_%2B_2
Mithril bolts,10000,https://runescape.wiki/w/Exchange:Mithril_bolts
Mithril bolts (unf),10000,https://runescape.wiki/w/Exchange:Mithril_bolts_(unf)
Mithril brutal,1000,https://runescape.wiki/w/Exchange:Mithril_brutal
Mithril chainbody,100,https://runescape.wiki/w/Exchange:Mithril_chainbody
Mithril chainbody + 1,100,https://runescape.wiki/w/Exchange:Mithril_chainbody_%2B_1
Mithril chainbody + 2,100,https://runescape.wiki/w/Exchange:Mithril_chainbody_%2B_2
Mithril claws,100,https://runescape.wiki/w/Exchange:Mithril_claws
Mithril claws + 1,100,https://runescape.wiki/w/Exchange:Mithril_claws_%2B_1
Mithril claws + 2,100,https://runescape.wiki/w/Exchange:Mithril_claws_%2B_2
Mithril crossbow,1000,https://runescape.wiki/w/Exchange:Mithril_crossbow
Mithril crossbow (unstrung),1000,https://runescape.wiki/w/Exchange:Mithril_crossbow_(unstrung)
Mithril dagger,100,https://runescape.wiki/w/Exchange:Mithril_dagger
Mithril dagger + 1,100,https://runescape.wiki/w/Exchange:Mithril_dagger_%2B_1
Mithril dagger + 2,100,https://runescape.wiki/w/Exchange:Mithril_dagger_%2B_2
Mithril dart,1500,https://runescape.wiki/w/Exchange:Mithril_dart
Mithril dart tip,100000,https://runescape.wiki/w/Exchange:Mithril_dart_tip
Mithril dragon mask,2,https://runescape.wiki/w/Exchange:Mithril_dragon_mask
Mithril fire arrows (lit),1000,https://runescape.wiki/w/Exchange:Mithril_fire_arrows_(lit)
Mithril fire arrows (unlit),1000,https://runescape.wiki/w/Exchange:Mithril_fire_arrows_(unlit)
Mithril full helm,100,https://runescape.wiki/w/Exchange:Mithril_full_helm
Mithril full helm + 1,100,https://runescape.wiki/w/Exchange:Mithril_full_helm_%2B_1
Mithril full helm + 2,100,https://runescape.wiki/w/Exchange:Mithril_full_helm_%2B_2
Mithril gauntlets,100,https://runescape.wiki/w/Exchange:Mithril_gauntlets
Mithril gauntlets + 1,100,https://runescape.wiki/w/Exchange:Mithril_gauntlets_%2B_1
Mithril gauntlets + 2,100,https://runescape.wiki/w/Exchange:Mithril_gauntlets_%2B_2
Mithril grapple,1000,https://runescape.wiki/w/Exchange:Mithril_grapple
Mithril grapple (unf),100,https://runescape.wiki/w/Exchange:Mithril_grapple_(unf)
Mithril grapple tip,100,https://runescape.wiki/w/Exchange:Mithril_grapple_tip
Mithril halberd,1000,https://runescape.wiki/w/Exchange:Mithril_halberd
Mithril hasta,1000,https://runescape.wiki/w/Exchange:Mithril_hasta
Mithril hatchet,1000,https://runescape.wiki/w/Exchange:Mithril_hatchet
Mithril javelin,1000,https://runescape.wiki/w/Exchange:Mithril_javelin
Mithril kiteshield,100,https://runescape.wiki/w/Exchange:Mithril_kiteshield
Mithril kiteshield + 1,100,https://runescape.wiki/w/Exchange:Mithril_kiteshield_%2B_1
Mithril kiteshield + 2,100,https://runescape.wiki/w/Exchange:Mithril_kiteshield_%2B_2
Mithril knife,10000,https://runescape.wiki/w/Exchange:Mithril_knife
Mithril limbs,5000,https://runescape.wiki/w/Exchange:Mithril_limbs
Mithril longsword,100,https://runescape.wiki/w/Exchange:Mithril_longsword
Mithril longsword + 1,100,https://runescape.wiki/w/Exchange:Mithril_longsword_%2B_1
Mithril longsword + 2,100,https://runescape.wiki/w/Exchange:Mithril_longsword_%2B_2
Mithril mace,100,https://runescape.wiki/w/Exchange:Mithril_mace
Mithril mace + 1,100,https://runescape.wiki/w/Exchange:Mithril_mace_%2B_1
Mithril mace + 2,100,https://runescape.wiki/w/Exchange:Mithril_mace_%2B_2
Mithril mattock,100,https://runescape.wiki/w/Exchange:Mithril_mattock
Mithril med helm,100,https://runescape.wiki/w/Exchange:Mithril_med_helm
Mithril med helm + 1,100,https://runescape.wiki/w/Exchange:Mithril_med_helm_%2B_1
Mithril med helm + 2,100,https://runescape.wiki/w/Exchange:Mithril_med_helm_%2B_2
Mithril minotaur pouch,5000,https://runescape.wiki/w/Exchange:Mithril_minotaur_pouch
Mithril nails,10000,https://runescape.wiki/w/Exchange:Mithril_nails
Mithril off hand battleaxe,100,https://runescape.wiki/w/Exchange:Mithril_off_hand_battleaxe
Mithril off hand battleaxe + 1,100,https://runescape.wiki/w/Exchange:Mithril_off_hand_battleaxe_%2B_1
Mithril off hand battleaxe + 2,100,https://runescape.wiki/w/Exchange:Mithril_off_hand_battleaxe_%2B_2
Mithril off hand claws,100,https://runescape.wiki/w/Exchange:Mithril_off_hand_claws
Mithril off hand claws + 1,100,https://runescape.wiki/w/Exchange:Mithril_off_hand_claws_%2B_1
Mithril off hand claws + 2,100,https://runescape.wiki/w/Exchange:Mithril_off_hand_claws_%2B_2
Mithril off hand dagger,100,https://runescape.wiki/w/Exchange:Mithril_off_hand_dagger
Mithril off hand dagger + 1,100,https://runescape.wiki/w/Exchange:Mithril_off_hand_dagger_%2B_1
Mithril off hand dagger + 2,100,https://runescape.wiki/w/Exchange:Mithril_off_hand_dagger_%2B_2
Mithril off hand longsword,100,https://runescape.wiki/w/Exchange:Mithril_off_hand_longsword
Mithril off hand longsword + 1,100,https://runescape.wiki/w/Exchange:Mithril_off_hand_longsword_%2B_1
Mithril off hand longsword + 2,100,https://runescape.wiki/w/Exchange:Mithril_off_hand_longsword_%2B_2
Mithril off hand mace,100,https://runescape.wiki/w/Exchange:Mithril_off_hand_mace
Mithril off hand mace + 1,100,https://runescape.wiki/w/Exchange:Mithril_off_hand_mace_%2B_1
Mithril off hand mace + 2,100,https://runescape.wiki/w/Exchange:Mithril_off_hand_mace_%2B_2
Mithril off hand scimitar,100,https://runescape.wiki/w/Exchange:Mithril_off_hand_scimitar
Mithril off hand scimitar + 1,100,https://runescape.wiki/w/Exchange:Mithril_off_hand_scimitar_%2B_1
Mithril off hand scimitar + 2,100,https://runescape.wiki/w/Exchange:Mithril_off_hand_scimitar_%2B_2
Mithril off hand sword,100,https://runescape.wiki/w/Exchange:Mithril_off_hand_sword
Mithril off hand sword + 1,100,https://runescape.wiki/w/Exchange:Mithril_off_hand_sword_%2B_1
Mithril off hand sword + 2,100,https://runescape.wiki/w/Exchange:Mithril_off_hand_sword_%2B_2
Mithril off hand warhammer,100,https://runescape.wiki/w/Exchange:Mithril_off_hand_warhammer
Mithril off hand warhammer + 1,100,https://runescape.wiki/w/Exchange:Mithril_off_hand_warhammer_%2B_1
Mithril off hand warhammer + 2,100,https://runescape.wiki/w/Exchange:Mithril_off_hand_warhammer_%2B_2
Mithril ore,25000,https://runescape.wiki/w/Exchange:Mithril_ore
Mithril ore box,100,https://runescape.wiki/w/Exchange:Mithril_ore_box
Mithril pickaxe,100,https://runescape.wiki/w/Exchange:Mithril_pickaxe
Mithril pickaxe + 1,100,https://runescape.wiki/w/Exchange:Mithril_pickaxe_%2B_1
Mithril pickaxe + 2,100,https://runescape.wiki/w/Exchange:Mithril_pickaxe_%2B_2
Mithril platebody,100,https://runescape.wiki/w/Exchange:Mithril_platebody
Mithril platebody + 1,100,https://runescape.wiki/w/Exchange:Mithril_platebody_%2B_1
Mithril platebody + 2,100,https://runescape.wiki/w/Exchange:Mithril_platebody_%2B_2
Mithril platelegs,100,https://runescape.wiki/w/Exchange:Mithril_platelegs
Mithril platelegs + 1,100,https://runescape.wiki/w/Exchange:Mithril_platelegs_%2B_1
Mithril platelegs + 2,100,https://runescape.wiki/w/Exchange:Mithril_platelegs_%2B_2
Mithril plateskirt,100,https://runescape.wiki/w/Exchange:Mithril_plateskirt
Mithril plateskirt + 1,100,https://runescape.wiki/w/Exchange:Mithril_plateskirt_%2B_1
Mithril plateskirt + 2,100,https://runescape.wiki/w/Exchange:Mithril_plateskirt_%2B_2
Mithril scimitar,100,https://runescape.wiki/w/Exchange:Mithril_scimitar
Mithril scimitar + 1,100,https://runescape.wiki/w/Exchange:Mithril_scimitar_%2B_1
Mithril scimitar + 2,100,https://runescape.wiki/w/Exchange:Mithril_scimitar_%2B_2
Mithril seeds,5000,https://runescape.wiki/w/Exchange:Mithril_seeds
Mithril spear,1000,https://runescape.wiki/w/Exchange:Mithril_spear
Mithril square shield,100,https://runescape.wiki/w/Exchange:Mithril_square_shield
Mithril square shield + 1,100,https://runescape.wiki/w/Exchange:Mithril_square_shield_%2B_1
Mithril square shield + 2,100,https://runescape.wiki/w/Exchange:Mithril_square_shield_%2B_2
Mithril stone spirit,25000,https://runescape.wiki/w/Exchange:Mithril_stone_spirit
Mithril sword,100,https://runescape.wiki/w/Exchange:Mithril_sword
Mithril sword + 1,100,https://runescape.wiki/w/Exchange:Mithril_sword_%2B_1
Mithril sword + 2,100,https://runescape.wiki/w/Exchange:Mithril_sword_%2B_2
Mithril throwing axe,1000,https://runescape.wiki/w/Exchange:Mithril_throwing_axe
Mithril warhammer,100,https://runescape.wiki/w/Exchange:Mithril_warhammer
Mithril warhammer + 1,100,https://runescape.wiki/w/Exchange:Mithril_warhammer_%2B_1
Mithril warhammer + 2,100,https://runescape.wiki/w/Exchange:Mithril_warhammer_%2B_2
Mixture - step 1 (1),100,https://runescape.wiki/w/Exchange:Mixture_-_step_1_(1)
Mixture - step 1 (2),100,https://runescape.wiki/w/Exchange:Mixture_-_step_1_(2)
Mixture - step 1 (3),100,https://runescape.wiki/w/Exchange:Mixture_-_step_1_(3)
Mixture - step 1 (4),100,https://runescape.wiki/w/Exchange:Mixture_-_step_1_(4)
Mixture - step 2 (1),100,https://runescape.wiki/w/Exchange:Mixture_-_step_2_(1)
Mixture - step 2 (2),100,https://runescape.wiki/w/Exchange:Mixture_-_step_2_(2)
Mixture - step 2 (3),100,https://runescape.wiki/w/Exchange:Mixture_-_step_2_(3)
Mixture - step 2 (4),100,https://runescape.wiki/w/Exchange:Mixture_-_step_2_(4)
Mizuyari,100,https://runescape.wiki/w/Exchange:Mizuyari
Mole claw,100,https://runescape.wiki/w/Exchange:Mole_claw
Mole nose,100,https://runescape.wiki/w/Exchange:Mole_nose
Mole skin,5000,https://runescape.wiki/w/Exchange:Mole_skin
Molten Barricade cosmetic ability scroll,2,https://runescape.wiki/w/Exchange:Molten_Barricade_cosmetic_ability_scroll
Molten glass,10000,https://runescape.wiki/w/Exchange:Molten_glass
Monk's robe (bottom),100,https://runescape.wiki/w/Exchange:Monk%27s_robe_(bottom)
Monk's robe (top),100,https://runescape.wiki/w/Exchange:Monk%27s_robe_(top)
Monkey bones,100,https://runescape.wiki/w/Exchange:Monkey_bones
Monkfish,10000,https://runescape.wiki/w/Exchange:Monkfish
Moonclan teleport (item),1000,https://runescape.wiki/w/Exchange:Moonclan_teleport_(item)
Moonlight Enchanter Robes token,2,https://runescape.wiki/w/Exchange:Moonlight_Enchanter_Robes_token
Moonlight mead,100,https://runescape.wiki/w/Exchange:Moonlight_mead
Moonlight mead (1),100,https://runescape.wiki/w/Exchange:Moonlight_mead_(1)
Moonlight mead (2),100,https://runescape.wiki/w/Exchange:Moonlight_mead_(2)
Moonlight mead (3),100,https://runescape.wiki/w/Exchange:Moonlight_mead_(3)
Moonlight mead (4),100,https://runescape.wiki/w/Exchange:Moonlight_mead_(4)
Moonlight mead (m),100,https://runescape.wiki/w/Exchange:Moonlight_mead_(m)
Moonlight mead (m1),100,https://runescape.wiki/w/Exchange:Moonlight_mead_(m1)
Moonlight mead (m2),100,https://runescape.wiki/w/Exchange:Moonlight_mead_(m2)
Moonlight mead (m3),100,https://runescape.wiki/w/Exchange:Moonlight_mead_(m3)
Moonlight mead (m4),100,https://runescape.wiki/w/Exchange:Moonlight_mead_(m4)
Moonstone,100,https://runescape.wiki/w/Exchange:Moonstone
Moonstone amulet,100,https://runescape.wiki/w/Exchange:Moonstone_amulet
Moonstone amulet (unstrung),100,https://runescape.wiki/w/Exchange:Moonstone_amulet_(unstrung)
Moonstone bracelet,100,https://runescape.wiki/w/Exchange:Moonstone_bracelet
Moonstone dust,1000,https://runescape.wiki/w/Exchange:Moonstone_dust
Moonstone necklace,100,https://runescape.wiki/w/Exchange:Moonstone_necklace
Moonstone ring,100,https://runescape.wiki/w/Exchange:Moonstone_ring
Morchella mushroom,10000,https://runescape.wiki/w/Exchange:Morchella_mushroom
Morchella mushroom spore,100,https://runescape.wiki/w/Exchange:Morchella_mushroom_spore
Moreish honeycomb,5000,https://runescape.wiki/w/Exchange:Moreish_honeycomb
Morrigan's coif,10,https://runescape.wiki/w/Exchange:Morrigan%27s_coif
Morrigan's javelin,100,https://runescape.wiki/w/Exchange:Morrigan%27s_javelin
Morrigan's leather body,10,https://runescape.wiki/w/Exchange:Morrigan%27s_leather_body
Morrigan's leather chaps,10,https://runescape.wiki/w/Exchange:Morrigan%27s_leather_chaps
Morrigan's throwing axe,100,https://runescape.wiki/w/Exchange:Morrigan%27s_throwing_axe
Mort myre fungus,10000,https://runescape.wiki/w/Exchange:Mort_myre_fungus
Mort myre pear,100,https://runescape.wiki/w/Exchange:Mort_myre_pear
Mort myre stem,100,https://runescape.wiki/w/Exchange:Mort_myre_stem
Morty Bunny appearance token,2,https://runescape.wiki/w/Exchange:Morty_Bunny_appearance_token
Moss titan pouch,5000,https://runescape.wiki/w/Exchange:Moss_titan_pouch
Mountain camp teleport (item),1000,https://runescape.wiki/w/Exchange:Mountain_camp_teleport_(item)
Mourning lily,100,https://runescape.wiki/w/Exchange:Mourning_lily
Mud battlestaff,10,https://runescape.wiki/w/Exchange:Mud_battlestaff
Mud pie,1000,https://runescape.wiki/w/Exchange:Mud_pie
Mud rune,25000,https://runescape.wiki/w/Exchange:Mud_rune
Muddy key,100,https://runescape.wiki/w/Exchange:Muddy_key
Mushroom & onion,1000,https://runescape.wiki/w/Exchange:Mushroom_%26_onion
Mushroom potato,1000,https://runescape.wiki/w/Exchange:Mushroom_potato
Muspah scroll (Siphon Self),5000,https://runescape.wiki/w/Exchange:Muspah_scroll_(Siphon_Self)
Mutated vine,2000,https://runescape.wiki/w/Exchange:Mutated_vine
Mycelial webbing,5000,https://runescape.wiki/w/Exchange:Mycelial_webbing
Mycelium leggings web,10,https://runescape.wiki/w/Exchange:Mycelium_leggings_web
Mycelium poncho web,10,https://runescape.wiki/w/Exchange:Mycelium_poncho_web
Mycelium visor web,10,https://runescape.wiki/w/Exchange:Mycelium_visor_web
Myre snelm (pointed),100,https://runescape.wiki/w/Exchange:Myre_snelm_(pointed)
Myre snelm (round),100,https://runescape.wiki/w/Exchange:Myre_snelm_(round)
Mystic air staff,1000,https://runescape.wiki/w/Exchange:Mystic_air_staff
Mystic boots,100,https://runescape.wiki/w/Exchange:Mystic_boots
Mystic cloth,10000,https://runescape.wiki/w/Exchange:Mystic_cloth
Mystic earth staff,1000,https://runescape.wiki/w/Exchange:Mystic_earth_staff
Mystic fire staff,1000,https://runescape.wiki/w/Exchange:Mystic_fire_staff
Mystic gloves,100,https://runescape.wiki/w/Exchange:Mystic_gloves
Mystic hat,100,https://runescape.wiki/w/Exchange:Mystic_hat
Mystic lava staff,1000,https://runescape.wiki/w/Exchange:Mystic_lava_staff
Mystic mud staff,10,https://runescape.wiki/w/Exchange:Mystic_mud_staff
Mystic orb,5,https://runescape.wiki/w/Exchange:Mystic_orb
Mystic robe bottom,100,https://runescape.wiki/w/Exchange:Mystic_robe_bottom
Mystic robe top,100,https://runescape.wiki/w/Exchange:Mystic_robe_top
Mystic robes set,100,https://runescape.wiki/w/Exchange:Mystic_robes_set
Mystic shield,100,https://runescape.wiki/w/Exchange:Mystic_shield
Mystic steam staff,10,https://runescape.wiki/w/Exchange:Mystic_steam_staff
Mystic wand,100,https://runescape.wiki/w/Exchange:Mystic_wand
Mystic water staff,1000,https://runescape.wiki/w/Exchange:Mystic_water_staff
Mystical sand seed,2,https://runescape.wiki/w/Exchange:Mystical_sand_seed
Nail beast nails,100,https://runescape.wiki/w/Exchange:Nail_beast_nails
Nasturtium seed,1000,https://runescape.wiki/w/Exchange:Nasturtium_seed
Nasturtiums,1000,https://runescape.wiki/w/Exchange:Nasturtiums
Nature impling jar,1000,https://runescape.wiki/w/Exchange:Nature_impling_jar
Nature rune,25000,https://runescape.wiki/w/Exchange:Nature_rune
Nature talisman,500,https://runescape.wiki/w/Exchange:Nature_talisman
Nature tiara,100,https://runescape.wiki/w/Exchange:Nature_tiara
Necklace mould,100,https://runescape.wiki/w/Exchange:Necklace_mould
Necklace of gluttony (new),5000,https://runescape.wiki/w/Exchange:Necklace_of_gluttony_(new)
Necrite ore,25000,https://runescape.wiki/w/Exchange:Necrite_ore
Necrite stone spirit,25000,https://runescape.wiki/w/Exchange:Necrite_stone_spirit
Necromancy flask (6),1000,https://runescape.wiki/w/Exchange:Necromancy_flask_(6)
Necromancy potion (1),1000,https://runescape.wiki/w/Exchange:Necromancy_potion_(1)
Necromancy potion (2),1000,https://runescape.wiki/w/Exchange:Necromancy_potion_(2)
Necromancy potion (3),1000,https://runescape.wiki/w/Exchange:Necromancy_potion_(3)
Necromancy potion (4),1000,https://runescape.wiki/w/Exchange:Necromancy_potion_(4)
Necronium 2h greataxe,100,https://runescape.wiki/w/Exchange:Necronium_2h_greataxe
Necronium 2h greataxe + 1,100,https://runescape.wiki/w/Exchange:Necronium_2h_greataxe_%2B_1
Necronium 2h greataxe + 2,100,https://runescape.wiki/w/Exchange:Necronium_2h_greataxe_%2B_2
Necronium 2h greataxe + 3,100,https://runescape.wiki/w/Exchange:Necronium_2h_greataxe_%2B_3
Necronium 2h greataxe + 4,100,https://runescape.wiki/w/Exchange:Necronium_2h_greataxe_%2B_4
Necronium armour set,100,https://runescape.wiki/w/Exchange:Necronium_armour_set
Necronium armour set + 1,100,https://runescape.wiki/w/Exchange:Necronium_armour_set_%2B_1
Necronium armour set + 2,100,https://runescape.wiki/w/Exchange:Necronium_armour_set_%2B_2
Necronium armour set + 3,100,https://runescape.wiki/w/Exchange:Necronium_armour_set_%2B_3
Necronium armour set + 4,100,https://runescape.wiki/w/Exchange:Necronium_armour_set_%2B_4
Necronium armoured boots,100,https://runescape.wiki/w/Exchange:Necronium_armoured_boots
Necronium armoured boots + 1,100,https://runescape.wiki/w/Exchange:Necronium_armoured_boots_%2B_1
Necronium armoured boots + 2,100,https://runescape.wiki/w/Exchange:Necronium_armoured_boots_%2B_2
Necronium armoured boots + 3,100,https://runescape.wiki/w/Exchange:Necronium_armoured_boots_%2B_3
Necronium armoured boots + 4,100,https://runescape.wiki/w/Exchange:Necronium_armoured_boots_%2B_4
Necronium bar,10000,https://runescape.wiki/w/Exchange:Necronium_bar
Necronium battleaxe,100,https://runescape.wiki/w/Exchange:Necronium_battleaxe
Necronium battleaxe + 1,100,https://runescape.wiki/w/Exchange:Necronium_battleaxe_%2B_1
Necronium battleaxe + 2,100,https://runescape.wiki/w/Exchange:Necronium_battleaxe_%2B_2
Necronium battleaxe + 3,100,https://runescape.wiki/w/Exchange:Necronium_battleaxe_%2B_3
Necronium battleaxe + 4,100,https://runescape.wiki/w/Exchange:Necronium_battleaxe_%2B_4
Necronium full helm,100,https://runescape.wiki/w/Exchange:Necronium_full_helm
Necronium full helm + 1,100,https://runescape.wiki/w/Exchange:Necronium_full_helm_%2B_1
Necronium full helm + 2,100,https://runescape.wiki/w/Exchange:Necronium_full_helm_%2B_2
Necronium full helm + 3,100,https://runescape.wiki/w/Exchange:Necronium_full_helm_%2B_3
Necronium full helm + 4,100,https://runescape.wiki/w/Exchange:Necronium_full_helm_%2B_4
Necronium gauntlets,100,https://runescape.wiki/w/Exchange:Necronium_gauntlets
Necronium gauntlets + 1,100,https://runescape.wiki/w/Exchange:Necronium_gauntlets_%2B_1
Necronium gauntlets + 2,100,https://runescape.wiki/w/Exchange:Necronium_gauntlets_%2B_2
Necronium gauntlets + 3,100,https://runescape.wiki/w/Exchange:Necronium_gauntlets_%2B_3
Necronium gauntlets + 4,100,https://runescape.wiki/w/Exchange:Necronium_gauntlets_%2B_4
Necronium hatchet,1000,https://runescape.wiki/w/Exchange:Necronium_hatchet
Necronium kiteshield,100,https://runescape.wiki/w/Exchange:Necronium_kiteshield
Necronium kiteshield + 1,100,https://runescape.wiki/w/Exchange:Necronium_kiteshield_%2B_1
Necronium kiteshield + 2,100,https://runescape.wiki/w/Exchange:Necronium_kiteshield_%2B_2
Necronium kiteshield + 3,100,https://runescape.wiki/w/Exchange:Necronium_kiteshield_%2B_3
Necronium kiteshield + 4,100,https://runescape.wiki/w/Exchange:Necronium_kiteshield_%2B_4
Necronium mattock,100,https://runescape.wiki/w/Exchange:Necronium_mattock
Necronium off hand battleaxe,100,https://runescape.wiki/w/Exchange:Necronium_off_hand_battleaxe
Necronium off hand battleaxe + 1,100,https://runescape.wiki/w/Exchange:Necronium_off_hand_battleaxe_%2B_1
Necronium off hand battleaxe + 2,100,https://runescape.wiki/w/Exchange:Necronium_off_hand_battleaxe_%2B_2
Necronium off hand battleaxe + 3,100,https://runescape.wiki/w/Exchange:Necronium_off_hand_battleaxe_%2B_3
Necronium off hand battleaxe + 4,100,https://runescape.wiki/w/Exchange:Necronium_off_hand_battleaxe_%2B_4
Necronium ore box,100,https://runescape.wiki/w/Exchange:Necronium_ore_box
Necronium pickaxe,100,https://runescape.wiki/w/Exchange:Necronium_pickaxe
Necronium pickaxe + 1,100,https://runescape.wiki/w/Exchange:Necronium_pickaxe_%2B_1
Necronium pickaxe + 2,100,https://runescape.wiki/w/Exchange:Necronium_pickaxe_%2B_2
Necronium pickaxe + 3,100,https://runescape.wiki/w/Exchange:Necronium_pickaxe_%2B_3
Necronium pickaxe + 4,100,https://runescape.wiki/w/Exchange:Necronium_pickaxe_%2B_4
Necronium platebody,100,https://runescape.wiki/w/Exchange:Necronium_platebody
Necronium platebody + 1,100,https://runescape.wiki/w/Exchange:Necronium_platebody_%2B_1
Necronium platebody + 2,100,https://runescape.wiki/w/Exchange:Necronium_platebody_%2B_2
Necronium platebody + 3,100,https://runescape.wiki/w/Exchange:Necronium_platebody_%2B_3
Necronium platebody + 4,100,https://runescape.wiki/w/Exchange:Necronium_platebody_%2B_4
Necronium platelegs,100,https://runescape.wiki/w/Exchange:Necronium_platelegs
Necronium platelegs + 1,100,https://runescape.wiki/w/Exchange:Necronium_platelegs_%2B_1
Necronium platelegs + 2,100,https://runescape.wiki/w/Exchange:Necronium_platelegs_%2B_2
Necronium platelegs + 3,100,https://runescape.wiki/w/Exchange:Necronium_platelegs_%2B_3
Necronium platelegs + 4,100,https://runescape.wiki/w/Exchange:Necronium_platelegs_%2B_4
Necrotic anima stone,25000,https://runescape.wiki/w/Exchange:Necrotic_anima_stone
Needle,5000,https://runescape.wiki/w/Exchange:Needle
Newcomer map,100,https://runescape.wiki/w/Exchange:Newcomer_map
Newton Bunny appearance token,2,https://runescape.wiki/w/Exchange:Newton_Bunny_appearance_token
Night spider egg (unchecked),100,https://runescape.wiki/w/Exchange:Night_spider_egg_(unchecked)
Nightmare Wildcard,500,https://runescape.wiki/w/Exchange:Nightmare_Wildcard
Nightmare gauntlets,1,https://runescape.wiki/w/Exchange:Nightmare_gauntlets
Nightmare muspah pouch,5000,https://runescape.wiki/w/Exchange:Nightmare_muspah_pouch
Nihil scroll (Annihilate),5000,https://runescape.wiki/w/Exchange:Nihil_scroll_(Annihilate)
Ninja impling jar,1000,https://runescape.wiki/w/Exchange:Ninja_impling_jar
Noble shoulder cape,5,https://runescape.wiki/w/Exchange:Noble_shoulder_cape
Nodon spike harness,2,https://runescape.wiki/w/Exchange:Nodon_spike_harness
Noose wand,100,https://runescape.wiki/w/Exchange:Noose_wand
North ardougne teleport (item),1000,https://runescape.wiki/w/Exchange:North_ardougne_teleport_(item)
North-western anachronia teleport (item),1000,https://runescape.wiki/w/Exchange:North-western_anachronia_teleport_(item)
Northern lost grove teleport (item),1000,https://runescape.wiki/w/Exchange:Northern_lost_grove_teleport_(item)
Nose peg,100,https://runescape.wiki/w/Exchange:Nose_peg
Novite ore,25000,https://runescape.wiki/w/Exchange:Novite_ore
Novtumberfest dance emotes token,2,https://runescape.wiki/w/Exchange:Novtumberfest_dance_emotes_token
Novtumberfest outfit token,2,https://runescape.wiki/w/Exchange:Novtumberfest_outfit_token
Noxious essence,100,https://runescape.wiki/w/Exchange:Noxious_essence
Noxious longbow,2,https://runescape.wiki/w/Exchange:Noxious_longbow
Noxious scythe,2,https://runescape.wiki/w/Exchange:Noxious_scythe
Noxious staff,2,https://runescape.wiki/w/Exchange:Noxious_staff
Nue orokami mask,100,https://runescape.wiki/w/Exchange:Nue_orokami_mask
Numbing root,10000,https://runescape.wiki/w/Exchange:Numbing_root
Nutritious honeycomb,5000,https://runescape.wiki/w/Exchange:Nutritious_honeycomb
Nuts,100,https://runescape.wiki/w/Exchange:Nuts
O'ahu parasol token,2,https://runescape.wiki/w/Exchange:O%27ahu_parasol_token
Oak armchair (flatpack),100,https://runescape.wiki/w/Exchange:Oak_armchair_(flatpack)
Oak armour case (flatpack),100,https://runescape.wiki/w/Exchange:Oak_armour_case_(flatpack)
Oak bed (flatpack),100,https://runescape.wiki/w/Exchange:Oak_bed_(flatpack)
Oak bench (flatpack),100,https://runescape.wiki/w/Exchange:Oak_bench_(flatpack)
Oak birdhouse,10,https://runescape.wiki/w/Exchange:Oak_birdhouse
Oak blackjack (d),100,https://runescape.wiki/w/Exchange:Oak_blackjack_(d)
Oak blackjack (o),100,https://runescape.wiki/w/Exchange:Oak_blackjack_(o)
Oak bookcase (flatpack),100,https://runescape.wiki/w/Exchange:Oak_bookcase_(flatpack)
Oak cape rack (flatpack),100,https://runescape.wiki/w/Exchange:Oak_cape_rack_(flatpack)
Oak chair (flatpack),100,https://runescape.wiki/w/Exchange:Oak_chair_(flatpack)
Oak clock (flatpack),100,https://runescape.wiki/w/Exchange:Oak_clock_(flatpack)
Oak dining table (flatpack),100,https://runescape.wiki/w/Exchange:Oak_dining_table_(flatpack)
Oak drawers (flatpack),100,https://runescape.wiki/w/Exchange:Oak_drawers_(flatpack)
Oak dresser (flatpack),100,https://runescape.wiki/w/Exchange:Oak_dresser_(flatpack)
Oak fancy dress box (flatpack),100,https://runescape.wiki/w/Exchange:Oak_fancy_dress_box_(flatpack)
Oak frame,10000,https://runescape.wiki/w/Exchange:Oak_frame
Oak incense sticks,1000,https://runescape.wiki/w/Exchange:Oak_incense_sticks
Oak kitchen table (flatpack),100,https://runescape.wiki/w/Exchange:Oak_kitchen_table_(flatpack)
Oak logs,25000,https://runescape.wiki/w/Exchange:Oak_logs
Oak magic wardrobe (flatpack),100,https://runescape.wiki/w/Exchange:Oak_magic_wardrobe_(flatpack)
Oak plank,10000,https://runescape.wiki/w/Exchange:Oak_plank
Oak pyre logs,1000,https://runescape.wiki/w/Exchange:Oak_pyre_logs
Oak roots,100,https://runescape.wiki/w/Exchange:Oak_roots
Oak shaving stand (flatpack),100,https://runescape.wiki/w/Exchange:Oak_shaving_stand_(flatpack)
Oak shieldbow,5000,https://runescape.wiki/w/Exchange:Oak_shieldbow
Oak shieldbow (unstrung),10000,https://runescape.wiki/w/Exchange:Oak_shieldbow_(unstrung)
Oak shortbow,5000,https://runescape.wiki/w/Exchange:Oak_shortbow
Oak shortbow (unstrung),10000,https://runescape.wiki/w/Exchange:Oak_shortbow_(unstrung)
Oak stock,1000,https://runescape.wiki/w/Exchange:Oak_stock
Oak toy box (flatpack),100,https://runescape.wiki/w/Exchange:Oak_toy_box_(flatpack)
Oak treasure chest (flatpack),100,https://runescape.wiki/w/Exchange:Oak_treasure_chest_(flatpack)
Oak wardrobe (flatpack),100,https://runescape.wiki/w/Exchange:Oak_wardrobe_(flatpack)
Oak wood box,100,https://runescape.wiki/w/Exchange:Oak_wood_box
Oak wood spirit,25000,https://runescape.wiki/w/Exchange:Oak_wood_spirit
Oaken key,1000,https://runescape.wiki/w/Exchange:Oaken_key
Oar token,2,https://runescape.wiki/w/Exchange:Oar_token
Obelisk shard,100,https://runescape.wiki/w/Exchange:Obelisk_shard
Obliteration,2,https://runescape.wiki/w/Exchange:Obliteration
Obsidian Golem scroll (Volcanic Strength),5000,https://runescape.wiki/w/Exchange:Obsidian_Golem_scroll_(Volcanic_Strength)
Obsidian blade,10,https://runescape.wiki/w/Exchange:Obsidian_blade
Obsidian cape,100,https://runescape.wiki/w/Exchange:Obsidian_cape
Obsidian golem pouch,5000,https://runescape.wiki/w/Exchange:Obsidian_golem_pouch
Occultist's ring,100,https://runescape.wiki/w/Exchange:Occultist%27s_ring
Occultist's ring shard,12000,https://runescape.wiki/w/Exchange:Occultist%27s_ring_shard
Ocean's Archer Body and Hands token,2,https://runescape.wiki/w/Exchange:Ocean%27s_Archer_Body_and_Hands_token
Ocean's Archer Bow token,2,https://runescape.wiki/w/Exchange:Ocean%27s_Archer_Bow_token
Ocean's Archer Crossbow token,2,https://runescape.wiki/w/Exchange:Ocean%27s_Archer_Crossbow_token
Ocean's Archer Head token,2,https://runescape.wiki/w/Exchange:Ocean%27s_Archer_Head_token
Ocean's Archer Legs and Feet token,2,https://runescape.wiki/w/Exchange:Ocean%27s_Archer_Legs_and_Feet_token
Ochre snelm (pointed),100,https://runescape.wiki/w/Exchange:Ochre_snelm_(pointed)
Ochre snelm (round),100,https://runescape.wiki/w/Exchange:Ochre_snelm_(round)
Octopus companion pet token,2,https://runescape.wiki/w/Exchange:Octopus_companion_pet_token
Oculi apoterrasaur (unchecked),100,https://runescape.wiki/w/Exchange:Oculi_apoterrasaur_(unchecked)
Oculi apoterrasaur glacies (unchecked),100,https://runescape.wiki/w/Exchange:Oculi_apoterrasaur_glacies_(unchecked)
Oculi apoterrasaur meat,1000,https://runescape.wiki/w/Exchange:Oculi_apoterrasaur_meat
Oculi apoterrasaur oceanum (unchecked),100,https://runescape.wiki/w/Exchange:Oculi_apoterrasaur_oceanum_(unchecked)
Ode to Deceit,2,https://runescape.wiki/w/Exchange:Ode_to_Deceit
Off-hand Armadyl crossbow,1,https://runescape.wiki/w/Exchange:Off-hand_Armadyl_crossbow
Off-hand Blightbound crossbow,2,https://runescape.wiki/w/Exchange:Off-hand_Blightbound_crossbow
Off-hand adamant crossbow,1000,https://runescape.wiki/w/Exchange:Off-hand_adamant_crossbow
Off-hand adamant dart,1500,https://runescape.wiki/w/Exchange:Off-hand_adamant_dart
Off-hand adamant knife,10000,https://runescape.wiki/w/Exchange:Off-hand_adamant_knife
Off-hand adamant throwing axe,1000,https://runescape.wiki/w/Exchange:Off-hand_adamant_throwing_axe
Off-hand armadyl crossbow shard,120,https://runescape.wiki/w/Exchange:Off-hand_armadyl_crossbow_shard
Off-hand ascension crossbow,2,https://runescape.wiki/w/Exchange:Off-hand_ascension_crossbow
Off-hand black battleaxe,1000,https://runescape.wiki/w/Exchange:Off-hand_black_battleaxe
Off-hand black claw,1000,https://runescape.wiki/w/Exchange:Off-hand_black_claw
Off-hand black crossbow,100,https://runescape.wiki/w/Exchange:Off-hand_black_crossbow
Off-hand black dagger,1000,https://runescape.wiki/w/Exchange:Off-hand_black_dagger
Off-hand black dart,1500,https://runescape.wiki/w/Exchange:Off-hand_black_dart
Off-hand black knife,10000,https://runescape.wiki/w/Exchange:Off-hand_black_knife
Off-hand black longsword,1000,https://runescape.wiki/w/Exchange:Off-hand_black_longsword
Off-hand black mace,1000,https://runescape.wiki/w/Exchange:Off-hand_black_mace
Off-hand black scimitar,1000,https://runescape.wiki/w/Exchange:Off-hand_black_scimitar
Off-hand black sword,1000,https://runescape.wiki/w/Exchange:Off-hand_black_sword
Off-hand black warhammer,1000,https://runescape.wiki/w/Exchange:Off-hand_black_warhammer
Off-hand briefcase,10,https://runescape.wiki/w/Exchange:Off-hand_briefcase
Off-hand bronze crossbow,1000,https://runescape.wiki/w/Exchange:Off-hand_bronze_crossbow
Off-hand bronze dart,1500,https://runescape.wiki/w/Exchange:Off-hand_bronze_dart
Off-hand bronze knife,10000,https://runescape.wiki/w/Exchange:Off-hand_bronze_knife
Off-hand bronze throwing axe,1000,https://runescape.wiki/w/Exchange:Off-hand_bronze_throwing_axe
Off-hand crystal chakram,2,https://runescape.wiki/w/Exchange:Off-hand_crystal_chakram
Off-hand crystal dagger,2,https://runescape.wiki/w/Exchange:Off-hand_crystal_dagger
Off-hand demon slayer crossbow,1,https://runescape.wiki/w/Exchange:Off-hand_demon_slayer_crossbow
Off-hand dragon battleaxe,10,https://runescape.wiki/w/Exchange:Off-hand_dragon_battleaxe
Off-hand dragon claw,10,https://runescape.wiki/w/Exchange:Off-hand_dragon_claw
Off-hand dragon crossbow,10,https://runescape.wiki/w/Exchange:Off-hand_dragon_crossbow
Off-hand dragon dagger,10,https://runescape.wiki/w/Exchange:Off-hand_dragon_dagger
Off-hand dragon dart,1500,https://runescape.wiki/w/Exchange:Off-hand_dragon_dart
Off-hand dragon javelin,1000,https://runescape.wiki/w/Exchange:Off-hand_dragon_javelin
Off-hand dragon knife,1500,https://runescape.wiki/w/Exchange:Off-hand_dragon_knife
Off-hand dragon longsword,10,https://runescape.wiki/w/Exchange:Off-hand_dragon_longsword
Off-hand dragon mace,10,https://runescape.wiki/w/Exchange:Off-hand_dragon_mace
Off-hand dragon scimitar,10,https://runescape.wiki/w/Exchange:Off-hand_dragon_scimitar
Off-hand dragon throwing axe,1000,https://runescape.wiki/w/Exchange:Off-hand_dragon_throwing_axe
Off-hand dragon warhammer,100,https://runescape.wiki/w/Exchange:Off-hand_dragon_warhammer
Off-hand drygore longsword,1,https://runescape.wiki/w/Exchange:Off-hand_drygore_longsword
Off-hand drygore longsword shard,120,https://runescape.wiki/w/Exchange:Off-hand_drygore_longsword_shard
Off-hand drygore mace,1,https://runescape.wiki/w/Exchange:Off-hand_drygore_mace
Off-hand drygore mace shard,120,https://runescape.wiki/w/Exchange:Off-hand_drygore_mace_shard
Off-hand drygore rapier,1,https://runescape.wiki/w/Exchange:Off-hand_drygore_rapier
Off-hand drygore rapier shard,120,https://runescape.wiki/w/Exchange:Off-hand_drygore_rapier_shard
Off-hand iron crossbow,1000,https://runescape.wiki/w/Exchange:Off-hand_iron_crossbow
Off-hand iron dart,1500,https://runescape.wiki/w/Exchange:Off-hand_iron_dart
Off-hand iron knife,10000,https://runescape.wiki/w/Exchange:Off-hand_iron_knife
Off-hand iron throwing axe,1000,https://runescape.wiki/w/Exchange:Off-hand_iron_throwing_axe
Off-hand khopesh of the Kharidian,2,https://runescape.wiki/w/Exchange:Off-hand_khopesh_of_the_Kharidian
Off-hand leaf-bladed sword,100,https://runescape.wiki/w/Exchange:Off-hand_leaf-bladed_sword
Off-hand mithril crossbow,1000,https://runescape.wiki/w/Exchange:Off-hand_mithril_crossbow
Off-hand mithril dart,1500,https://runescape.wiki/w/Exchange:Off-hand_mithril_dart
Off-hand mithril knife,10000,https://runescape.wiki/w/Exchange:Off-hand_mithril_knife
Off-hand mithril throwing axe,1000,https://runescape.wiki/w/Exchange:Off-hand_mithril_throwing_axe
Off-hand primal crossbow,100,https://runescape.wiki/w/Exchange:Off-hand_primal_crossbow
Off-hand primal crossbow Mk. 5,100,https://runescape.wiki/w/Exchange:Off-hand_primal_crossbow_Mk._5
Off-hand ripper claw,10,https://runescape.wiki/w/Exchange:Off-hand_ripper_claw
Off-hand rubber turkey,2,https://runescape.wiki/w/Exchange:Off-hand_rubber_turkey
Off-hand rune crossbow,100,https://runescape.wiki/w/Exchange:Off-hand_rune_crossbow
Off-hand rune dart,1000,https://runescape.wiki/w/Exchange:Off-hand_rune_dart
Off-hand rune knife,10000,https://runescape.wiki/w/Exchange:Off-hand_rune_knife
Off-hand rune throwing axe,1000,https://runescape.wiki/w/Exchange:Off-hand_rune_throwing_axe
Off-hand shadow glaive,2,https://runescape.wiki/w/Exchange:Off-hand_shadow_glaive
Off-hand shadow glaive shard,240,https://runescape.wiki/w/Exchange:Off-hand_shadow_glaive_shard
Off-hand steel crossbow,1000,https://runescape.wiki/w/Exchange:Off-hand_steel_crossbow
Off-hand steel dart,1500,https://runescape.wiki/w/Exchange:Off-hand_steel_dart
Off-hand steel knife,10000,https://runescape.wiki/w/Exchange:Off-hand_steel_knife
Off-hand steel throwing axe,1000,https://runescape.wiki/w/Exchange:Off-hand_steel_throwing_axe
Off-hand suitcase,10,https://runescape.wiki/w/Exchange:Off-hand_suitcase
Off-hand white claw,100,https://runescape.wiki/w/Exchange:Off-hand_white_claw
Ogre arrow,1000,https://runescape.wiki/w/Exchange:Ogre_arrow
Ogre arrow shaft,1000,https://runescape.wiki/w/Exchange:Ogre_arrow_shaft
Ogre boots,100,https://runescape.wiki/w/Exchange:Ogre_boots
Ogre club,100,https://runescape.wiki/w/Exchange:Ogre_club
Ogre coffin key,100,https://runescape.wiki/w/Exchange:Ogre_coffin_key
Ogre kilt,100,https://runescape.wiki/w/Exchange:Ogre_kilt
Ogre top,100,https://runescape.wiki/w/Exchange:Ogre_top
Ogre wig,100,https://runescape.wiki/w/Exchange:Ogre_wig
Oil lamp (empty),100,https://runescape.wiki/w/Exchange:Oil_lamp_(empty)
Oil lamp (oil),100,https://runescape.wiki/w/Exchange:Oil_lamp_(oil)
Oil lantern (empty),100,https://runescape.wiki/w/Exchange:Oil_lantern_(empty)
Oil lantern (oil),100,https://runescape.wiki/w/Exchange:Oil_lantern_(oil)
Oil lantern frame,100,https://runescape.wiki/w/Exchange:Oil_lantern_frame
Oil of enchantment,100,https://runescape.wiki/w/Exchange:Oil_of_enchantment
Oldak coil upgrade kit,10,https://runescape.wiki/w/Exchange:Oldak_coil_upgrade_kit
Olive oil (1),1000,https://runescape.wiki/w/Exchange:Olive_oil_(1)
Olive oil (2),1000,https://runescape.wiki/w/Exchange:Olive_oil_(2)
Olive oil (3),1000,https://runescape.wiki/w/Exchange:Olive_oil_(3)
Olive oil (4),1000,https://runescape.wiki/w/Exchange:Olive_oil_(4)
Omen Bunny appearance token,2,https://runescape.wiki/w/Exchange:Omen_Bunny_appearance_token
Omni guard,2,https://runescape.wiki/w/Exchange:Omni_guard
Oni orokami mask,100,https://runescape.wiki/w/Exchange:Oni_orokami_mask
Onion,1000,https://runescape.wiki/w/Exchange:Onion
Onion & tomato,1000,https://runescape.wiki/w/Exchange:Onion_%26_tomato
Onion seed,500,https://runescape.wiki/w/Exchange:Onion_seed
Onions (10),1000,https://runescape.wiki/w/Exchange:Onions_(10)
Onyx,100,https://runescape.wiki/w/Exchange:Onyx
Onyx Circlet token,2,https://runescape.wiki/w/Exchange:Onyx_Circlet_token
Onyx Gala Attire token,2,https://runescape.wiki/w/Exchange:Onyx_Gala_Attire_token
Onyx amulet,100,https://runescape.wiki/w/Exchange:Onyx_amulet
Onyx bakriminel bolts,1000,https://runescape.wiki/w/Exchange:Onyx_bakriminel_bolts
Onyx bakriminel bolts (e),1000,https://runescape.wiki/w/Exchange:Onyx_bakriminel_bolts_(e)
Onyx bolt tips,10000,https://runescape.wiki/w/Exchange:Onyx_bolt_tips
Onyx bolts,10000,https://runescape.wiki/w/Exchange:Onyx_bolts
Onyx bolts (e),25000,https://runescape.wiki/w/Exchange:Onyx_bolts_(e)
Onyx bracelet,100,https://runescape.wiki/w/Exchange:Onyx_bracelet
Onyx dragon mask,2,https://runescape.wiki/w/Exchange:Onyx_dragon_mask
Onyx dust,1000,https://runescape.wiki/w/Exchange:Onyx_dust
Onyx necklace,100,https://runescape.wiki/w/Exchange:Onyx_necklace
Onyx ring,100,https://runescape.wiki/w/Exchange:Onyx_ring
Oomlie hen (unchecked),100,https://runescape.wiki/w/Exchange:Oomlie_hen_(unchecked)
Opal,5000,https://runescape.wiki/w/Exchange:Opal
Opal amulet,5000,https://runescape.wiki/w/Exchange:Opal_amulet
Opal amulet (unstrung),5000,https://runescape.wiki/w/Exchange:Opal_amulet_(unstrung)
Opal bakriminel bolts,1000,https://runescape.wiki/w/Exchange:Opal_bakriminel_bolts
Opal bakriminel bolts (e),1000,https://runescape.wiki/w/Exchange:Opal_bakriminel_bolts_(e)
Opal bolt tips,10000,https://runescape.wiki/w/Exchange:Opal_bolt_tips
Opal bolts,10000,https://runescape.wiki/w/Exchange:Opal_bolts
Opal bolts (e),25000,https://runescape.wiki/w/Exchange:Opal_bolts_(e)
Opal bracelet,5000,https://runescape.wiki/w/Exchange:Opal_bracelet
Opal machete,100,https://runescape.wiki/w/Exchange:Opal_machete
Opal necklace,5000,https://runescape.wiki/w/Exchange:Opal_necklace
Opal ring,10000,https://runescape.wiki/w/Exchange:Opal_ring
Opulent table (flatpack),100,https://runescape.wiki/w/Exchange:Opulent_table_(flatpack)
Orange,1000,https://runescape.wiki/w/Exchange:Orange
Orange Candy Cane Token,2,https://runescape.wiki/w/Exchange:Orange_Candy_Cane_Token
Orange boater,2,https://runescape.wiki/w/Exchange:Orange_boater
Orange chunks,1000,https://runescape.wiki/w/Exchange:Orange_chunks
Orange dye,100,https://runescape.wiki/w/Exchange:Orange_dye
Orange feather,5000,https://runescape.wiki/w/Exchange:Orange_feather
Orange flowers,1000,https://runescape.wiki/w/Exchange:Orange_flowers
Orange hallowe'en mask,2,https://runescape.wiki/w/Exchange:Orange_hallowe%27en_mask
Orange parasol,2,https://runescape.wiki/w/Exchange:Orange_parasol
Orange salamander,1000,https://runescape.wiki/w/Exchange:Orange_salamander
Orange salamander (unchecked),100,https://runescape.wiki/w/Exchange:Orange_salamander_(unchecked)
Orange slices,1000,https://runescape.wiki/w/Exchange:Orange_slices
Orange tree seed,100,https://runescape.wiki/w/Exchange:Orange_tree_seed
Oranges (5),1000,https://runescape.wiki/w/Exchange:Oranges_(5)
Orb of the Cywir elders,2,https://runescape.wiki/w/Exchange:Orb_of_the_Cywir_elders
Orb of the cywir elders shard,240,https://runescape.wiki/w/Exchange:Orb_of_the_cywir_elders_shard
Orgone,5000,https://runescape.wiki/w/Exchange:Orgone
Orichalcite ore,25000,https://runescape.wiki/w/Exchange:Orichalcite_ore
Orichalcite stone spirit,25000,https://runescape.wiki/w/Exchange:Orichalcite_stone_spirit
Orikalkum 2h warhammer,100,https://runescape.wiki/w/Exchange:Orikalkum_2h_warhammer
Orikalkum 2h warhammer + 1,100,https://runescape.wiki/w/Exchange:Orikalkum_2h_warhammer_%2B_1
Orikalkum 2h warhammer + 2,100,https://runescape.wiki/w/Exchange:Orikalkum_2h_warhammer_%2B_2
Orikalkum 2h warhammer + 3,100,https://runescape.wiki/w/Exchange:Orikalkum_2h_warhammer_%2B_3
Orikalkum armour set,100,https://runescape.wiki/w/Exchange:Orikalkum_armour_set
Orikalkum armour set + 1,100,https://runescape.wiki/w/Exchange:Orikalkum_armour_set_%2B_1
Orikalkum armour set + 2,100,https://runescape.wiki/w/Exchange:Orikalkum_armour_set_%2B_2
Orikalkum armour set + 3,100,https://runescape.wiki/w/Exchange:Orikalkum_armour_set_%2B_3
Orikalkum armoured boots,100,https://runescape.wiki/w/Exchange:Orikalkum_armoured_boots
Orikalkum armoured boots + 1,100,https://runescape.wiki/w/Exchange:Orikalkum_armoured_boots_%2B_1
Orikalkum armoured boots + 2,100,https://runescape.wiki/w/Exchange:Orikalkum_armoured_boots_%2B_2
Orikalkum armoured boots + 3,100,https://runescape.wiki/w/Exchange:Orikalkum_armoured_boots_%2B_3
Orikalkum bar,10000,https://runescape.wiki/w/Exchange:Orikalkum_bar
Orikalkum full helm,100,https://runescape.wiki/w/Exchange:Orikalkum_full_helm
Orikalkum full helm + 1,100,https://runescape.wiki/w/Exchange:Orikalkum_full_helm_%2B_1
Orikalkum full helm + 2,100,https://runescape.wiki/w/Exchange:Orikalkum_full_helm_%2B_2
Orikalkum full helm + 3,100,https://runescape.wiki/w/Exchange:Orikalkum_full_helm_%2B_3
Orikalkum gauntlets,100,https://runescape.wiki/w/Exchange:Orikalkum_gauntlets
Orikalkum gauntlets + 1,100,https://runescape.wiki/w/Exchange:Orikalkum_gauntlets_%2B_1
Orikalkum gauntlets + 2,100,https://runescape.wiki/w/Exchange:Orikalkum_gauntlets_%2B_2
Orikalkum gauntlets + 3,100,https://runescape.wiki/w/Exchange:Orikalkum_gauntlets_%2B_3
Orikalkum hatchet,1000,https://runescape.wiki/w/Exchange:Orikalkum_hatchet
Orikalkum kiteshield,100,https://runescape.wiki/w/Exchange:Orikalkum_kiteshield
Orikalkum kiteshield + 1,100,https://runescape.wiki/w/Exchange:Orikalkum_kiteshield_%2B_1
Orikalkum kiteshield + 2,100,https://runescape.wiki/w/Exchange:Orikalkum_kiteshield_%2B_2
Orikalkum kiteshield + 3,100,https://runescape.wiki/w/Exchange:Orikalkum_kiteshield_%2B_3
Orikalkum mattock,100,https://runescape.wiki/w/Exchange:Orikalkum_mattock
Orikalkum off hand warhammer,100,https://runescape.wiki/w/Exchange:Orikalkum_off_hand_warhammer
Orikalkum off hand warhammer + 1,100,https://runescape.wiki/w/Exchange:Orikalkum_off_hand_warhammer_%2B_1
Orikalkum off hand warhammer + 2,100,https://runescape.wiki/w/Exchange:Orikalkum_off_hand_warhammer_%2B_2
Orikalkum off hand warhammer + 3,100,https://runescape.wiki/w/Exchange:Orikalkum_off_hand_warhammer_%2B_3
Orikalkum ore box,100,https://runescape.wiki/w/Exchange:Orikalkum_ore_box
Orikalkum pickaxe,100,https://runescape.wiki/w/Exchange:Orikalkum_pickaxe
Orikalkum pickaxe + 1,100,https://runescape.wiki/w/Exchange:Orikalkum_pickaxe_%2B_1
Orikalkum pickaxe + 2,100,https://runescape.wiki/w/Exchange:Orikalkum_pickaxe_%2B_2
Orikalkum pickaxe + 3,100,https://runescape.wiki/w/Exchange:Orikalkum_pickaxe_%2B_3
Orikalkum platebody,100,https://runescape.wiki/w/Exchange:Orikalkum_platebody
Orikalkum platebody + 1,100,https://runescape.wiki/w/Exchange:Orikalkum_platebody_%2B_1
Orikalkum platebody + 2,100,https://runescape.wiki/w/Exchange:Orikalkum_platebody_%2B_2
Orikalkum platebody + 3,100,https://runescape.wiki/w/Exchange:Orikalkum_platebody_%2B_3
Orikalkum platelegs,100,https://runescape.wiki/w/Exchange:Orikalkum_platelegs
Orikalkum platelegs + 1,100,https://runescape.wiki/w/Exchange:Orikalkum_platelegs_%2B_1
Orikalkum platelegs + 2,100,https://runescape.wiki/w/Exchange:Orikalkum_platelegs_%2B_2
Orikalkum platelegs + 3,100,https://runescape.wiki/w/Exchange:Orikalkum_platelegs_%2B_3
Orikalkum warhammer,100,https://runescape.wiki/w/Exchange:Orikalkum_warhammer
Orikalkum warhammer + 1,100,https://runescape.wiki/w/Exchange:Orikalkum_warhammer_%2B_1
Orikalkum warhammer + 2,100,https://runescape.wiki/w/Exchange:Orikalkum_warhammer_%2B_2
Orikalkum warhammer + 3,100,https://runescape.wiki/w/Exchange:Orikalkum_warhammer_%2B_3
Orlando Smith's hat,1,https://runescape.wiki/w/Exchange:Orlando_Smith%27s_hat
Orthenglass,5000,https://runescape.wiki/w/Exchange:Orthenglass
Ourania teleport (item),1000,https://runescape.wiki/w/Exchange:Ourania_teleport_(item)
Ourg bones,10000,https://runescape.wiki/w/Exchange:Ourg_bones
Ourg bones (General Graardor),10000,https://runescape.wiki/w/Exchange:Ourg_bones_(General_Graardor)
Overhead Emotes: Halloween,2,https://runescape.wiki/w/Exchange:Overhead_Emotes:_Halloween
Overhead Emotes: Necromancy,2,https://runescape.wiki/w/Exchange:Overhead_Emotes:_Necromancy
Overload ingredient set,1000,https://runescape.wiki/w/Exchange:Overload_ingredient_set
Oyster,500,https://runescape.wiki/w/Exchange:Oyster
Oyster pearl,500,https://runescape.wiki/w/Exchange:Oyster_pearl
Oyster pearls,500,https://runescape.wiki/w/Exchange:Oyster_pearls
Pack Mammoth scroll (Mammoth Feast),5000,https://runescape.wiki/w/Exchange:Pack_Mammoth_scroll_(Mammoth_Feast)
Pack Yak scroll (Winter Storage),5000,https://runescape.wiki/w/Exchange:Pack_Yak_scroll_(Winter_Storage)
Pack mammoth pouch,5000,https://runescape.wiki/w/Exchange:Pack_mammoth_pouch
Pack yak mask,2,https://runescape.wiki/w/Exchange:Pack_yak_mask
Pack yak pouch,5000,https://runescape.wiki/w/Exchange:Pack_yak_pouch
Paddewwa teleport (item),1000,https://runescape.wiki/w/Exchange:Paddewwa_teleport_(item)
Pale energy,25000,https://runescape.wiki/w/Exchange:Pale_energy
Palm tree rest override token,2,https://runescape.wiki/w/Exchange:Palm_tree_rest_override_token
Palm tree seed,100,https://runescape.wiki/w/Exchange:Palm_tree_seed
Pantaloons,2,https://runescape.wiki/w/Exchange:Pantaloons
Papaya fruit,5000,https://runescape.wiki/w/Exchange:Papaya_fruit
Papaya tree seed,100,https://runescape.wiki/w/Exchange:Papaya_tree_seed
Papyrus,100,https://runescape.wiki/w/Exchange:Papyrus
Part admiral pie (salmon),1000,https://runescape.wiki/w/Exchange:Part_admiral_pie_(salmon)
Part admiral pie (tuna),1000,https://runescape.wiki/w/Exchange:Part_admiral_pie_(tuna)
Part fish pie (cod),1000,https://runescape.wiki/w/Exchange:Part_fish_pie_(cod)
Part fish pie (trout),1000,https://runescape.wiki/w/Exchange:Part_fish_pie_(trout)
Part garden pie (onion),1000,https://runescape.wiki/w/Exchange:Part_garden_pie_(onion)
Part garden pie (tomato),1000,https://runescape.wiki/w/Exchange:Part_garden_pie_(tomato)
Part mud pie (compost),1000,https://runescape.wiki/w/Exchange:Part_mud_pie_(compost)
Part mud pie (water),1000,https://runescape.wiki/w/Exchange:Part_mud_pie_(water)
Part summer pie (strawberry),1000,https://runescape.wiki/w/Exchange:Part_summer_pie_(strawberry)
Part summer pie (watermelon),1000,https://runescape.wiki/w/Exchange:Part_summer_pie_(watermelon)
Part wild pie (raw bear meat),1000,https://runescape.wiki/w/Exchange:Part_wild_pie_(raw_bear_meat)
Part wild pie (raw chompy),1000,https://runescape.wiki/w/Exchange:Part_wild_pie_(raw_chompy)
Party fever walk override token,2,https://runescape.wiki/w/Exchange:Party_fever_walk_override_token
Passage of the abyss (unattuned),2,https://runescape.wiki/w/Exchange:Passage_of_the_abyss_(unattuned)
Passing bracelet,100,https://runescape.wiki/w/Exchange:Passing_bracelet
Pastry dough,1000,https://runescape.wiki/w/Exchange:Pastry_dough
Pat of butter,10000,https://runescape.wiki/w/Exchange:Pat_of_butter
Pavosaurus desertum (unchecked),100,https://runescape.wiki/w/Exchange:Pavosaurus_desertum_(unchecked)
Pavosaurus nemus (unchecked),100,https://runescape.wiki/w/Exchange:Pavosaurus_nemus_(unchecked)
Pavosaurus rex (unchecked),100,https://runescape.wiki/w/Exchange:Pavosaurus_rex_(unchecked)
Pavosaurus rex meat,1000,https://runescape.wiki/w/Exchange:Pavosaurus_rex_meat
Pearl bakriminel bolts,1000,https://runescape.wiki/w/Exchange:Pearl_bakriminel_bolts
Pearl bakriminel bolts (e),1000,https://runescape.wiki/w/Exchange:Pearl_bakriminel_bolts_(e)
Pearl bolt tips,10000,https://runescape.wiki/w/Exchange:Pearl_bolt_tips
Pearl bolts,10000,https://runescape.wiki/w/Exchange:Pearl_bolts
Pearl bolts (e),25000,https://runescape.wiki/w/Exchange:Pearl_bolts_(e)
Peep the Chick pet token,2,https://runescape.wiki/w/Exchange:Peep_the_Chick_pet_token
Pengatrice egg,5000,https://runescape.wiki/w/Exchange:Pengatrice_egg
Penguin mask,2,https://runescape.wiki/w/Exchange:Penguin_mask
Penguin plush token,2,https://runescape.wiki/w/Exchange:Penguin_plush_token
Penguin staff,2,https://runescape.wiki/w/Exchange:Penguin_staff
Perfect juju agility flask (6),100,https://runescape.wiki/w/Exchange:Perfect_juju_agility_flask_(6)
Perfect juju agility potion (1),1000,https://runescape.wiki/w/Exchange:Perfect_juju_agility_potion_(1)
Perfect juju agility potion (2),1000,https://runescape.wiki/w/Exchange:Perfect_juju_agility_potion_(2)
Perfect juju agility potion (3),1000,https://runescape.wiki/w/Exchange:Perfect_juju_agility_potion_(3)
Perfect juju agility potion (4),1000,https://runescape.wiki/w/Exchange:Perfect_juju_agility_potion_(4)
Perfect juju dungeoneering flask (6),100,https://runescape.wiki/w/Exchange:Perfect_juju_dungeoneering_flask_(6)
Perfect juju dungeoneering potion (1),1000,https://runescape.wiki/w/Exchange:Perfect_juju_dungeoneering_potion_(1)
Perfect juju dungeoneering potion (2),1000,https://runescape.wiki/w/Exchange:Perfect_juju_dungeoneering_potion_(2)
Perfect juju dungeoneering potion (3),1000,https://runescape.wiki/w/Exchange:Perfect_juju_dungeoneering_potion_(3)
Perfect juju dungeoneering potion (4),1000,https://runescape.wiki/w/Exchange:Perfect_juju_dungeoneering_potion_(4)
Perfect juju farming flask (6),100,https://runescape.wiki/w/Exchange:Perfect_juju_farming_flask_(6)
Perfect juju farming potion (1),1000,https://runescape.wiki/w/Exchange:Perfect_juju_farming_potion_(1)
Perfect juju farming potion (2),1000,https://runescape.wiki/w/Exchange:Perfect_juju_farming_potion_(2)
Perfect juju farming potion (3),1000,https://runescape.wiki/w/Exchange:Perfect_juju_farming_potion_(3)
Perfect juju farming potion (4),1000,https://runescape.wiki/w/Exchange:Perfect_juju_farming_potion_(4)
Perfect juju fishing flask (6),100,https://runescape.wiki/w/Exchange:Perfect_juju_fishing_flask_(6)
Perfect juju fishing potion (1),1000,https://runescape.wiki/w/Exchange:Perfect_juju_fishing_potion_(1)
Perfect juju fishing potion (2),1000,https://runescape.wiki/w/Exchange:Perfect_juju_fishing_potion_(2)
Perfect juju fishing potion (3),1000,https://runescape.wiki/w/Exchange:Perfect_juju_fishing_potion_(3)
Perfect juju fishing potion (4),1000,https://runescape.wiki/w/Exchange:Perfect_juju_fishing_potion_(4)
Perfect juju herblore flask (6),100,https://runescape.wiki/w/Exchange:Perfect_juju_herblore_flask_(6)
Perfect juju herblore potion (1),1000,https://runescape.wiki/w/Exchange:Perfect_juju_herblore_potion_(1)
Perfect juju herblore potion (2),1000,https://runescape.wiki/w/Exchange:Perfect_juju_herblore_potion_(2)
Perfect juju herblore potion (3),1000,https://runescape.wiki/w/Exchange:Perfect_juju_herblore_potion_(3)
Perfect juju herblore potion (4),1000,https://runescape.wiki/w/Exchange:Perfect_juju_herblore_potion_(4)
Perfect juju mining flask (6),100,https://runescape.wiki/w/Exchange:Perfect_juju_mining_flask_(6)
Perfect juju mining potion (1),1000,https://runescape.wiki/w/Exchange:Perfect_juju_mining_potion_(1)
Perfect juju mining potion (2),1000,https://runescape.wiki/w/Exchange:Perfect_juju_mining_potion_(2)
Perfect juju mining potion (3),1000,https://runescape.wiki/w/Exchange:Perfect_juju_mining_potion_(3)
Perfect juju mining potion (4),1000,https://runescape.wiki/w/Exchange:Perfect_juju_mining_potion_(4)
Perfect juju prayer flask (6),100,https://runescape.wiki/w/Exchange:Perfect_juju_prayer_flask_(6)
Perfect juju prayer potion (1),1000,https://runescape.wiki/w/Exchange:Perfect_juju_prayer_potion_(1)
Perfect juju prayer potion (2),1000,https://runescape.wiki/w/Exchange:Perfect_juju_prayer_potion_(2)
Perfect juju prayer potion (3),1000,https://runescape.wiki/w/Exchange:Perfect_juju_prayer_potion_(3)
Perfect juju prayer potion (4),1000,https://runescape.wiki/w/Exchange:Perfect_juju_prayer_potion_(4)
Perfect juju smithing flask (6),100,https://runescape.wiki/w/Exchange:Perfect_juju_smithing_flask_(6)
Perfect juju smithing potion (1),1000,https://runescape.wiki/w/Exchange:Perfect_juju_smithing_potion_(1)
Perfect juju smithing potion (2),1000,https://runescape.wiki/w/Exchange:Perfect_juju_smithing_potion_(2)
Perfect juju smithing potion (3),1000,https://runescape.wiki/w/Exchange:Perfect_juju_smithing_potion_(3)
Perfect juju smithing potion (4),1000,https://runescape.wiki/w/Exchange:Perfect_juju_smithing_potion_(4)
Perfect juju woodcutting flask (6),100,https://runescape.wiki/w/Exchange:Perfect_juju_woodcutting_flask_(6)
Perfect juju woodcutting potion (1),1000,https://runescape.wiki/w/Exchange:Perfect_juju_woodcutting_potion_(1)
Perfect juju woodcutting potion (2),1000,https://runescape.wiki/w/Exchange:Perfect_juju_woodcutting_potion_(2)
Perfect juju woodcutting potion (3),1000,https://runescape.wiki/w/Exchange:Perfect_juju_woodcutting_potion_(3)
Perfect juju woodcutting potion (4),1000,https://runescape.wiki/w/Exchange:Perfect_juju_woodcutting_potion_(4)
Perfect mead,100,https://runescape.wiki/w/Exchange:Perfect_mead
Pernix armour set,10,https://runescape.wiki/w/Exchange:Pernix_armour_set
Pernix body,2,https://runescape.wiki/w/Exchange:Pernix_body
Pernix body shard,240,https://runescape.wiki/w/Exchange:Pernix_body_shard
Pernix boots,1,https://runescape.wiki/w/Exchange:Pernix_boots
Pernix boots shard,120,https://runescape.wiki/w/Exchange:Pernix_boots_shard
Pernix chaps,2,https://runescape.wiki/w/Exchange:Pernix_chaps
Pernix chaps shard,240,https://runescape.wiki/w/Exchange:Pernix_chaps_shard
Pernix cowl,2,https://runescape.wiki/w/Exchange:Pernix_cowl
Pernix cowl shard,240,https://runescape.wiki/w/Exchange:Pernix_cowl_shard
Pernix gloves,1,https://runescape.wiki/w/Exchange:Pernix_gloves
Pernix gloves shard,120,https://runescape.wiki/w/Exchange:Pernix_gloves_shard
Pernix's quiver,2,https://runescape.wiki/w/Exchange:Pernix%27s_quiver
Pestilent Torva Armour Token,2,https://runescape.wiki/w/Exchange:Pestilent_Torva_Armour_Token
Pestle and mortar,1000,https://runescape.wiki/w/Exchange:Pestle_and_mortar
Pet of seasons token,2,https://runescape.wiki/w/Exchange:Pet_of_seasons_token
Phantasmal poison frog (unchecked),100,https://runescape.wiki/w/Exchange:Phantasmal_poison_frog_(unchecked)
Pharaoh's sceptre,10,https://runescape.wiki/w/Exchange:Pharaoh%27s_sceptre
Pharaoh's sceptre (3),10,https://runescape.wiki/w/Exchange:Pharaoh%27s_sceptre_(3)
Phasmatite,25000,https://runescape.wiki/w/Exchange:Phasmatite
Phasmatite stone spirit,25000,https://runescape.wiki/w/Exchange:Phasmatite_stone_spirit
Phoebe pet token,2,https://runescape.wiki/w/Exchange:Phoebe_pet_token
Phoenix Knight Armour token,2,https://runescape.wiki/w/Exchange:Phoenix_Knight_Armour_token
Phoenix Lair Teleport,300,https://runescape.wiki/w/Exchange:Phoenix_Lair_Teleport
Phoenix Mimic token,2,https://runescape.wiki/w/Exchange:Phoenix_Mimic_token
Phoenix Wing backpack token,2,https://runescape.wiki/w/Exchange:Phoenix_Wing_backpack_token
Phoenix aura token,2,https://runescape.wiki/w/Exchange:Phoenix_aura_token
Phoenix necklace,5000,https://runescape.wiki/w/Exchange:Phoenix_necklace
Phoenix pouch,5000,https://runescape.wiki/w/Exchange:Phoenix_pouch
Phoenix quill,10000,https://runescape.wiki/w/Exchange:Phoenix_quill
Phoenix scroll (Rise From the Ashes),5000,https://runescape.wiki/w/Exchange:Phoenix_scroll_(Rise_From_the_Ashes)
Phrin remains,1000,https://runescape.wiki/w/Exchange:Phrin_remains
Pickaxe hat token,2,https://runescape.wiki/w/Exchange:Pickaxe_hat_token
Pie dish,100,https://runescape.wiki/w/Exchange:Pie_dish
Pie dish (unfired),100,https://runescape.wiki/w/Exchange:Pie_dish_(unfired)
Pie recipe book,100,https://runescape.wiki/w/Exchange:Pie_recipe_book
Pie shell,1000,https://runescape.wiki/w/Exchange:Pie_shell
Pigswill,100,https://runescape.wiki/w/Exchange:Pigswill
Pigswill (1),100,https://runescape.wiki/w/Exchange:Pigswill_(1)
Pigswill (2),100,https://runescape.wiki/w/Exchange:Pigswill_(2)
Pigswill (3),100,https://runescape.wiki/w/Exchange:Pigswill_(3)
Pigswill (4),100,https://runescape.wiki/w/Exchange:Pigswill_(4)
Pigswill (m1),100,https://runescape.wiki/w/Exchange:Pigswill_(m1)
Pigswill (m2),100,https://runescape.wiki/w/Exchange:Pigswill_(m2)
Pigswill (m3),100,https://runescape.wiki/w/Exchange:Pigswill_(m3)
Pigswill (m4),100,https://runescape.wiki/w/Exchange:Pigswill_(m4)
Pike,10000,https://runescape.wiki/w/Exchange:Pike
Pinata plushie,2,https://runescape.wiki/w/Exchange:Pinata_plushie
Pinata sombrero,2,https://runescape.wiki/w/Exchange:Pinata_sombrero
Pineapple,1000,https://runescape.wiki/w/Exchange:Pineapple
Pineapple Punch,500,https://runescape.wiki/w/Exchange:Pineapple_Punch
Pineapple chunks,1000,https://runescape.wiki/w/Exchange:Pineapple_chunks
Pineapple pizza,1000,https://runescape.wiki/w/Exchange:Pineapple_pizza
Pineapple ring,1000,https://runescape.wiki/w/Exchange:Pineapple_ring
Pineapple seed,100,https://runescape.wiki/w/Exchange:Pineapple_seed
Pink Candy Cane Token,2,https://runescape.wiki/w/Exchange:Pink_Candy_Cane_Token
Pink Santa hat,2,https://runescape.wiki/w/Exchange:Pink_Santa_hat
Pink boots,100,https://runescape.wiki/w/Exchange:Pink_boots
Pink hat,100,https://runescape.wiki/w/Exchange:Pink_hat
Pink robe bottoms,100,https://runescape.wiki/w/Exchange:Pink_robe_bottoms
Pink robe top,100,https://runescape.wiki/w/Exchange:Pink_robe_top
Pink skirt,100,https://runescape.wiki/w/Exchange:Pink_skirt
Pirate Sheep pet token,2,https://runescape.wiki/w/Exchange:Pirate_Sheep_pet_token
Pirate bandana (blue),100,https://runescape.wiki/w/Exchange:Pirate_bandana_(blue)
Pirate bandana (brown),100,https://runescape.wiki/w/Exchange:Pirate_bandana_(brown)
Pirate bandana (grey),100,https://runescape.wiki/w/Exchange:Pirate_bandana_(grey)
Pirate bandana (orange),100,https://runescape.wiki/w/Exchange:Pirate_bandana_(orange)
Pirate bandana (purple),100,https://runescape.wiki/w/Exchange:Pirate_bandana_(purple)
Pirate bandana (red),100,https://runescape.wiki/w/Exchange:Pirate_bandana_(red)
Pirate bandana (white),100,https://runescape.wiki/w/Exchange:Pirate_bandana_(white)
Pirate boots,100,https://runescape.wiki/w/Exchange:Pirate_boots
Pirate hook (left),10,https://runescape.wiki/w/Exchange:Pirate_hook_(left)
Pirate hook (right),10,https://runescape.wiki/w/Exchange:Pirate_hook_(right)
Pirate impling jar,1000,https://runescape.wiki/w/Exchange:Pirate_impling_jar
Pirate leggings (blue),100,https://runescape.wiki/w/Exchange:Pirate_leggings_(blue)
Pirate leggings (brown),100,https://runescape.wiki/w/Exchange:Pirate_leggings_(brown)
Pirate leggings (grey),100,https://runescape.wiki/w/Exchange:Pirate_leggings_(grey)
Pirate leggings (orange),100,https://runescape.wiki/w/Exchange:Pirate_leggings_(orange)
Pirate leggings (purple),100,https://runescape.wiki/w/Exchange:Pirate_leggings_(purple)
Pirate leggings (red),100,https://runescape.wiki/w/Exchange:Pirate_leggings_(red)
Pirate leggings (white),100,https://runescape.wiki/w/Exchange:Pirate_leggings_(white)
Pirate shirt (blue),100,https://runescape.wiki/w/Exchange:Pirate_shirt_(blue)
Pirate shirt (brown),100,https://runescape.wiki/w/Exchange:Pirate_shirt_(brown)
Pirate shirt (grey),100,https://runescape.wiki/w/Exchange:Pirate_shirt_(grey)
Pirate shirt (orange),100,https://runescape.wiki/w/Exchange:Pirate_shirt_(orange)
Pirate shirt (purple),100,https://runescape.wiki/w/Exchange:Pirate_shirt_(purple)
Pirate shirt (red),100,https://runescape.wiki/w/Exchange:Pirate_shirt_(red)
Pirate shirt (white),100,https://runescape.wiki/w/Exchange:Pirate_shirt_(white)
Pirate's hat,2,https://runescape.wiki/w/Exchange:Pirate%27s_hat
Piscatorian cottontail rabbit (unchecked),100,https://runescape.wiki/w/Exchange:Piscatorian_cottontail_rabbit_(unchecked)
Pitch can (empty),50,https://runescape.wiki/w/Exchange:Pitch_can_(empty)
Pitch can (full),10,https://runescape.wiki/w/Exchange:Pitch_can_(full)
Pith helmet,2,https://runescape.wiki/w/Exchange:Pith_helmet
Pitta bread,1000,https://runescape.wiki/w/Exchange:Pitta_bread
Pitta dough,1000,https://runescape.wiki/w/Exchange:Pitta_dough
Pizza base,1000,https://runescape.wiki/w/Exchange:Pizza_base
Plague doctor rest override token,2,https://runescape.wiki/w/Exchange:Plague_doctor_rest_override_token
Plague doctor teleport override token,2,https://runescape.wiki/w/Exchange:Plague_doctor_teleport_override_token
Plague doctor walk override token,2,https://runescape.wiki/w/Exchange:Plague_doctor_walk_override_token
Plain cooking urn (no rune),400,https://runescape.wiki/w/Exchange:Plain_cooking_urn_(no_rune)
Plain divination urn (no rune),400,https://runescape.wiki/w/Exchange:Plain_divination_urn_(no_rune)
Plain farming urn (no rune),400,https://runescape.wiki/w/Exchange:Plain_farming_urn_(no_rune)
Plain fishing urn (no rune),400,https://runescape.wiki/w/Exchange:Plain_fishing_urn_(no_rune)
Plain hunter urn (no rune),400,https://runescape.wiki/w/Exchange:Plain_hunter_urn_(no_rune)
Plain mining urn (no rune),400,https://runescape.wiki/w/Exchange:Plain_mining_urn_(no_rune)
Plain pizza,1000,https://runescape.wiki/w/Exchange:Plain_pizza
Plain runecrafting urn (no rune),400,https://runescape.wiki/w/Exchange:Plain_runecrafting_urn_(no_rune)
Plain smithing urn (no rune),400,https://runescape.wiki/w/Exchange:Plain_smithing_urn_(no_rune)
Plain whirligig shell,5000,https://runescape.wiki/w/Exchange:Plain_whirligig_shell
Plain woodcutting urn (no rune),400,https://runescape.wiki/w/Exchange:Plain_woodcutting_urn_(no_rune)
Plank,10000,https://runescape.wiki/w/Exchange:Plank
Plant cure,100,https://runescape.wiki/w/Exchange:Plant_cure
Plant pot,100,https://runescape.wiki/w/Exchange:Plant_pot
Plant pot (empty),100,https://runescape.wiki/w/Exchange:Plant_pot_(empty)
Platinum Pernix Armour token,2,https://runescape.wiki/w/Exchange:Platinum_Pernix_Armour_token
Platinum Torva Armour token,2,https://runescape.wiki/w/Exchange:Platinum_Torva_Armour_token
Platinum Virtus Armour token,2,https://runescape.wiki/w/Exchange:Platinum_Virtus_Armour_token
Platinum amulet,5000,https://runescape.wiki/w/Exchange:Platinum_amulet
Platinum amulet (unstrung),5000,https://runescape.wiki/w/Exchange:Platinum_amulet_(unstrung)
Platinum anklet,5000,https://runescape.wiki/w/Exchange:Platinum_anklet
Platinum bar,10000,https://runescape.wiki/w/Exchange:Platinum_bar
Platinum bracelet,5000,https://runescape.wiki/w/Exchange:Platinum_bracelet
Platinum necklace,5000,https://runescape.wiki/w/Exchange:Platinum_necklace
Platinum ore,25000,https://runescape.wiki/w/Exchange:Platinum_ore
Platinum ring,5000,https://runescape.wiki/w/Exchange:Platinum_ring
Platinum stone spirit,25000,https://runescape.wiki/w/Exchange:Platinum_stone_spirit
Pneumatic gloves,10,https://runescape.wiki/w/Exchange:Pneumatic_gloves
Pneumatic gloves shard,1200,https://runescape.wiki/w/Exchange:Pneumatic_gloves_shard
Poison bomb,1000,https://runescape.wiki/w/Exchange:Poison_bomb
Poison chalice,100,https://runescape.wiki/w/Exchange:Poison_chalice
Poison ivy berries,10000,https://runescape.wiki/w/Exchange:Poison_ivy_berries
Poison ivy seed,100,https://runescape.wiki/w/Exchange:Poison_ivy_seed
Poison slime,5000,https://runescape.wiki/w/Exchange:Poison_slime
Polar camo legs,100,https://runescape.wiki/w/Exchange:Polar_camo_legs
Polar camo top,100,https://runescape.wiki/w/Exchange:Polar_camo_top
Polar kebbit fur,10000,https://runescape.wiki/w/Exchange:Polar_kebbit_fur
Pollnivneach Teleport,300,https://runescape.wiki/w/Exchange:Pollnivneach_Teleport
Polypore spore,30000,https://runescape.wiki/w/Exchange:Polypore_spore
Polypore staff,10,https://runescape.wiki/w/Exchange:Polypore_staff
Polypore stick,10,https://runescape.wiki/w/Exchange:Polypore_stick
Poorly-cooked beast meat,1000,https://runescape.wiki/w/Exchange:Poorly-cooked_beast_meat
Poorly-cooked bird meat,1000,https://runescape.wiki/w/Exchange:Poorly-cooked_bird_meat
Porcelain clay,25000,https://runescape.wiki/w/Exchange:Porcelain_clay
Pork pie,100,https://runescape.wiki/w/Exchange:Pork_pie
Port district teleport,1000,https://runescape.wiki/w/Exchange:Port_district_teleport
Portable brazier,100,https://runescape.wiki/w/Exchange:Portable_brazier
Portable crafter,100,https://runescape.wiki/w/Exchange:Portable_crafter
Portable fletcher,100,https://runescape.wiki/w/Exchange:Portable_fletcher
Portable range,100,https://runescape.wiki/w/Exchange:Portable_range
Portable sawmill,100,https://runescape.wiki/w/Exchange:Portable_sawmill
Portable well,100,https://runescape.wiki/w/Exchange:Portable_well
Portable workbench,100,https://runescape.wiki/w/Exchange:Portable_workbench
Portent of degradation I,100,https://runescape.wiki/w/Exchange:Portent_of_degradation_I
Portent of degradation II,100,https://runescape.wiki/w/Exchange:Portent_of_degradation_II
Portent of degradation III,100,https://runescape.wiki/w/Exchange:Portent_of_degradation_III
Portent of restoration I,100,https://runescape.wiki/w/Exchange:Portent_of_restoration_I
Portent of restoration II,100,https://runescape.wiki/w/Exchange:Portent_of_restoration_II
Portent of restoration III,100,https://runescape.wiki/w/Exchange:Portent_of_restoration_III
Portent of restoration IV,100,https://runescape.wiki/w/Exchange:Portent_of_restoration_IV
Portent of restoration IX,100,https://runescape.wiki/w/Exchange:Portent_of_restoration_IX
Portent of restoration V,100,https://runescape.wiki/w/Exchange:Portent_of_restoration_V
Portent of restoration VI,100,https://runescape.wiki/w/Exchange:Portent_of_restoration_VI
Portent of restoration VII,100,https://runescape.wiki/w/Exchange:Portent_of_restoration_VII
Portent of restoration VIII,100,https://runescape.wiki/w/Exchange:Portent_of_restoration_VIII
Portent of restoration X,100,https://runescape.wiki/w/Exchange:Portent_of_restoration_X
Porthole,100,https://runescape.wiki/w/Exchange:Porthole
Pot (unfired),100,https://runescape.wiki/w/Exchange:Pot_(unfired)
Pot lid,100,https://runescape.wiki/w/Exchange:Pot_lid
Pot of cream,10000,https://runescape.wiki/w/Exchange:Pot_of_cream
Pot of flour,1000,https://runescape.wiki/w/Exchange:Pot_of_flour
Pot of gold token,100,https://runescape.wiki/w/Exchange:Pot_of_gold_token
Potato cactus,10000,https://runescape.wiki/w/Exchange:Potato_cactus
Potato cactus seed,100,https://runescape.wiki/w/Exchange:Potato_cactus_seed
Potato seed,500,https://runescape.wiki/w/Exchange:Potato_seed
Potato with butter,1000,https://runescape.wiki/w/Exchange:Potato_with_butter
Potato with cheese,1000,https://runescape.wiki/w/Exchange:Potato_with_cheese
Potatoes (10),1000,https://runescape.wiki/w/Exchange:Potatoes_(10)
Potion flask,1000,https://runescape.wiki/w/Exchange:Potion_flask
Pottery scarab,100,https://runescape.wiki/w/Exchange:Pottery_scarab
Pottery statuette,100,https://runescape.wiki/w/Exchange:Pottery_statuette
Pouch,10000,https://runescape.wiki/w/Exchange:Pouch
Powder of burials,100,https://runescape.wiki/w/Exchange:Powder_of_burials
Powder of defence,100,https://runescape.wiki/w/Exchange:Powder_of_defence
Powder of item protection,100,https://runescape.wiki/w/Exchange:Powder_of_item_protection
Powder of penance,100,https://runescape.wiki/w/Exchange:Powder_of_penance
Powder of protection,100,https://runescape.wiki/w/Exchange:Powder_of_protection
Powder of pulverising,100,https://runescape.wiki/w/Exchange:Powder_of_pulverising
Powdered wig,2,https://runescape.wiki/w/Exchange:Powdered_wig
Power Flower Basket (Inactive),2,https://runescape.wiki/w/Exchange:Power_Flower_Basket_(Inactive)
Powerburst of acceleration (1),1000,https://runescape.wiki/w/Exchange:Powerburst_of_acceleration_(1)
Powerburst of acceleration (2),1000,https://runescape.wiki/w/Exchange:Powerburst_of_acceleration_(2)
Powerburst of acceleration (3),1000,https://runescape.wiki/w/Exchange:Powerburst_of_acceleration_(3)
Powerburst of acceleration (4),1000,https://runescape.wiki/w/Exchange:Powerburst_of_acceleration_(4)
Powerburst of feats (1),1000,https://runescape.wiki/w/Exchange:Powerburst_of_feats_(1)
Powerburst of feats (2),1000,https://runescape.wiki/w/Exchange:Powerburst_of_feats_(2)
Powerburst of feats (3),1000,https://runescape.wiki/w/Exchange:Powerburst_of_feats_(3)
Powerburst of feats (4),1000,https://runescape.wiki/w/Exchange:Powerburst_of_feats_(4)
Powerburst of masterstroke (1),1000,https://runescape.wiki/w/Exchange:Powerburst_of_masterstroke_(1)
Powerburst of masterstroke (2),1000,https://runescape.wiki/w/Exchange:Powerburst_of_masterstroke_(2)
Powerburst of masterstroke (3),1000,https://runescape.wiki/w/Exchange:Powerburst_of_masterstroke_(3)
Powerburst of masterstroke (4),1000,https://runescape.wiki/w/Exchange:Powerburst_of_masterstroke_(4)
Powerburst of opportunity (1),1000,https://runescape.wiki/w/Exchange:Powerburst_of_opportunity_(1)
Powerburst of opportunity (2),1000,https://runescape.wiki/w/Exchange:Powerburst_of_opportunity_(2)
Powerburst of opportunity (3),1000,https://runescape.wiki/w/Exchange:Powerburst_of_opportunity_(3)
Powerburst of opportunity (4),1000,https://runescape.wiki/w/Exchange:Powerburst_of_opportunity_(4)
Powerburst of opportunity recipe,100,https://runescape.wiki/w/Exchange:Powerburst_of_opportunity_recipe
Powerburst of sorcery (1),1000,https://runescape.wiki/w/Exchange:Powerburst_of_sorcery_(1)
Powerburst of sorcery (2),1000,https://runescape.wiki/w/Exchange:Powerburst_of_sorcery_(2)
Powerburst of sorcery (3),1000,https://runescape.wiki/w/Exchange:Powerburst_of_sorcery_(3)
Powerburst of sorcery (4),1000,https://runescape.wiki/w/Exchange:Powerburst_of_sorcery_(4)
Powerburst of vitality (1),1000,https://runescape.wiki/w/Exchange:Powerburst_of_vitality_(1)
Powerburst of vitality (2),1000,https://runescape.wiki/w/Exchange:Powerburst_of_vitality_(2)
Powerburst of vitality (3),1000,https://runescape.wiki/w/Exchange:Powerburst_of_vitality_(3)
Powerburst of vitality (4),1000,https://runescape.wiki/w/Exchange:Powerburst_of_vitality_(4)
Powerburst vial,10000,https://runescape.wiki/w/Exchange:Powerburst_vial
Powerful ghostly ink,10000,https://runescape.wiki/w/Exchange:Powerful_ghostly_ink
Powerful memento,1000,https://runescape.wiki/w/Exchange:Powerful_memento
Powerful necroplasm,50000,https://runescape.wiki/w/Exchange:Powerful_necroplasm
Praesul codex,4,https://runescape.wiki/w/Exchange:Praesul_codex
Praesul codex shard,480,https://runescape.wiki/w/Exchange:Praesul_codex_shard
Praesulic essence (magic),100,https://runescape.wiki/w/Exchange:Praesulic_essence_(magic)
Praesulic essence (melee),100,https://runescape.wiki/w/Exchange:Praesulic_essence_(melee)
Praesulic essence (ranged),100,https://runescape.wiki/w/Exchange:Praesulic_essence_(ranged)
Prayer flask (6),1000,https://runescape.wiki/w/Exchange:Prayer_flask_(6)
Prayer mix (1),1000,https://runescape.wiki/w/Exchange:Prayer_mix_(1)
Prayer mix (2),1000,https://runescape.wiki/w/Exchange:Prayer_mix_(2)
Prayer potion (1),1000,https://runescape.wiki/w/Exchange:Prayer_potion_(1)
Prayer potion (2),1000,https://runescape.wiki/w/Exchange:Prayer_potion_(2)
Prayer potion (3),1000,https://runescape.wiki/w/Exchange:Prayer_potion_(3)
Prayer potion (4),1000,https://runescape.wiki/w/Exchange:Prayer_potion_(4)
Prayer renewal (1),1000,https://runescape.wiki/w/Exchange:Prayer_renewal_(1)
Prayer renewal (2),1000,https://runescape.wiki/w/Exchange:Prayer_renewal_(2)
Prayer renewal (3),1000,https://runescape.wiki/w/Exchange:Prayer_renewal_(3)
Prayer renewal (4),1000,https://runescape.wiki/w/Exchange:Prayer_renewal_(4)
Prayer renewal flask (6),1000,https://runescape.wiki/w/Exchange:Prayer_renewal_flask_(6)
Praying Mantis scroll (Mantis Strike),5000,https://runescape.wiki/w/Exchange:Praying_Mantis_scroll_(Mantis_Strike)
Praying mantis pouch,5000,https://runescape.wiki/w/Exchange:Praying_mantis_pouch
Pre-nature amulet,100,https://runescape.wiki/w/Exchange:Pre-nature_amulet
Premade Blurberry Special,500,https://runescape.wiki/w/Exchange:Premade_Blurberry_Special
Premade Chocolate Saturday,500,https://runescape.wiki/w/Exchange:Premade_Chocolate_Saturday
Premade Drunk Dragon,500,https://runescape.wiki/w/Exchange:Premade_Drunk_Dragon
Premade Fruit Blast,500,https://runescape.wiki/w/Exchange:Premade_Fruit_Blast
Premade Pineapple Punch,500,https://runescape.wiki/w/Exchange:Premade_Pineapple_Punch
Premade Short Green Guy,500,https://runescape.wiki/w/Exchange:Premade_Short_Green_Guy
Premade Wizard Blizzard,500,https://runescape.wiki/w/Exchange:Premade_Wizard_Blizzard
Premade c+t batta,1000,https://runescape.wiki/w/Exchange:Premade_c%2Bt_batta
Premade choc bomb,1000,https://runescape.wiki/w/Exchange:Premade_choc_bomb
Premade chocolate chip crunchies,1000,https://runescape.wiki/w/Exchange:Premade_chocolate_chip_crunchies
Premade fruit batta,1000,https://runescape.wiki/w/Exchange:Premade_fruit_batta
Premade spicy crunchies,1000,https://runescape.wiki/w/Exchange:Premade_spicy_crunchies
Premade toad batta,1000,https://runescape.wiki/w/Exchange:Premade_toad_batta
Premade toad crunchies,1000,https://runescape.wiki/w/Exchange:Premade_toad_crunchies
Premade ttl,1000,https://runescape.wiki/w/Exchange:Premade_ttl
Premade veg ball,1000,https://runescape.wiki/w/Exchange:Premade_veg_ball
Premade veg batta,1000,https://runescape.wiki/w/Exchange:Premade_veg_batta
Premade worm batta,1000,https://runescape.wiki/w/Exchange:Premade_worm_batta
Premade worm crunchies,1000,https://runescape.wiki/w/Exchange:Premade_worm_crunchies
Premade worm hole,1000,https://runescape.wiki/w/Exchange:Premade_worm_hole
Present hammer weapon token,2,https://runescape.wiki/w/Exchange:Present_hammer_weapon_token
Present head token,2,https://runescape.wiki/w/Exchange:Present_head_token
Present sack token,2,https://runescape.wiki/w/Exchange:Present_sack_token
Pretzel shield token,2,https://runescape.wiki/w/Exchange:Pretzel_shield_token
Prickly pear seed,1000,https://runescape.wiki/w/Exchange:Prickly_pear_seed
Priest gown (bottom),100,https://runescape.wiki/w/Exchange:Priest_gown_(bottom)
Priest gown (top),100,https://runescape.wiki/w/Exchange:Priest_gown_(top)
Primal 2h Sword (Red) Token,2,https://runescape.wiki/w/Exchange:Primal_2h_Sword_(Red)_Token
Primal 2h sword,100,https://runescape.wiki/w/Exchange:Primal_2h_sword
Primal 2h sword + 1,100,https://runescape.wiki/w/Exchange:Primal_2h_sword_%2B_1
Primal 2h sword + 2,100,https://runescape.wiki/w/Exchange:Primal_2h_sword_%2B_2
Primal 2h sword + 3,100,https://runescape.wiki/w/Exchange:Primal_2h_sword_%2B_3
Primal 2h sword + 4,100,https://runescape.wiki/w/Exchange:Primal_2h_sword_%2B_4
Primal 2h sword + 5,100,https://runescape.wiki/w/Exchange:Primal_2h_sword_%2B_5
Primal Guardian (Phantom Guardian) cosmetic ability scroll,2,https://runescape.wiki/w/Exchange:Primal_Guardian_(Phantom_Guardian)_cosmetic_ability_scroll
Primal Pickaxe (Red) Token,2,https://runescape.wiki/w/Exchange:Primal_Pickaxe_(Red)_Token
Primal abyssal armour spikes,10000,https://runescape.wiki/w/Exchange:Primal_abyssal_armour_spikes
Primal armour set,100,https://runescape.wiki/w/Exchange:Primal_armour_set
Primal armour set + 1,100,https://runescape.wiki/w/Exchange:Primal_armour_set_%2B_1
Primal armour set + 2,100,https://runescape.wiki/w/Exchange:Primal_armour_set_%2B_2
Primal armour set + 3,100,https://runescape.wiki/w/Exchange:Primal_armour_set_%2B_3
Primal armour set + 4,100,https://runescape.wiki/w/Exchange:Primal_armour_set_%2B_4
Primal armour set + 5,100,https://runescape.wiki/w/Exchange:Primal_armour_set_%2B_5
Primal armour spikes,10000,https://runescape.wiki/w/Exchange:Primal_armour_spikes
Primal armoured boots,100,https://runescape.wiki/w/Exchange:Primal_armoured_boots
Primal armoured boots + 1,100,https://runescape.wiki/w/Exchange:Primal_armoured_boots_%2B_1
Primal armoured boots + 2,100,https://runescape.wiki/w/Exchange:Primal_armoured_boots_%2B_2
Primal armoured boots + 3,100,https://runescape.wiki/w/Exchange:Primal_armoured_boots_%2B_3
Primal armoured boots + 4,100,https://runescape.wiki/w/Exchange:Primal_armoured_boots_%2B_4
Primal armoured boots + 5,100,https://runescape.wiki/w/Exchange:Primal_armoured_boots_%2B_5
Primal arrow,10000,https://runescape.wiki/w/Exchange:Primal_arrow
Primal arrowheads,100000,https://runescape.wiki/w/Exchange:Primal_arrowheads
Primal bar,10000,https://runescape.wiki/w/Exchange:Primal_bar
Primal bolt tips,100000,https://runescape.wiki/w/Exchange:Primal_bolt_tips
Primal bolts,10000,https://runescape.wiki/w/Exchange:Primal_bolts
Primal crossbow,100,https://runescape.wiki/w/Exchange:Primal_crossbow
Primal crossbow (unstrung),1000,https://runescape.wiki/w/Exchange:Primal_crossbow_(unstrung)
Primal crossbow Mk. 5,100,https://runescape.wiki/w/Exchange:Primal_crossbow_Mk._5
Primal dessert,1000,https://runescape.wiki/w/Exchange:Primal_dessert
Primal extract,10000,https://runescape.wiki/w/Exchange:Primal_extract
Primal fruit pulp,5000,https://runescape.wiki/w/Exchange:Primal_fruit_pulp
Primal full helm,100,https://runescape.wiki/w/Exchange:Primal_full_helm
Primal full helm + 1,100,https://runescape.wiki/w/Exchange:Primal_full_helm_%2B_1
Primal full helm + 2,100,https://runescape.wiki/w/Exchange:Primal_full_helm_%2B_2
Primal full helm + 3,100,https://runescape.wiki/w/Exchange:Primal_full_helm_%2B_3
Primal full helm + 4,100,https://runescape.wiki/w/Exchange:Primal_full_helm_%2B_4
Primal full helm + 5,100,https://runescape.wiki/w/Exchange:Primal_full_helm_%2B_5
Primal gauntlets,100,https://runescape.wiki/w/Exchange:Primal_gauntlets
Primal gauntlets + 1,100,https://runescape.wiki/w/Exchange:Primal_gauntlets_%2B_1
Primal gauntlets + 2,100,https://runescape.wiki/w/Exchange:Primal_gauntlets_%2B_2
Primal gauntlets + 3,100,https://runescape.wiki/w/Exchange:Primal_gauntlets_%2B_3
Primal gauntlets + 4,100,https://runescape.wiki/w/Exchange:Primal_gauntlets_%2B_4
Primal gauntlets + 5,100,https://runescape.wiki/w/Exchange:Primal_gauntlets_%2B_5
Primal hatchet,1000,https://runescape.wiki/w/Exchange:Primal_hatchet
Primal kiteshield,100,https://runescape.wiki/w/Exchange:Primal_kiteshield
Primal kiteshield + 1,100,https://runescape.wiki/w/Exchange:Primal_kiteshield_%2B_1
Primal kiteshield + 2,100,https://runescape.wiki/w/Exchange:Primal_kiteshield_%2B_2
Primal kiteshield + 3,100,https://runescape.wiki/w/Exchange:Primal_kiteshield_%2B_3
Primal kiteshield + 4,100,https://runescape.wiki/w/Exchange:Primal_kiteshield_%2B_4
Primal kiteshield + 5,100,https://runescape.wiki/w/Exchange:Primal_kiteshield_%2B_5
Primal limbs,5000,https://runescape.wiki/w/Exchange:Primal_limbs
Primal main course,1000,https://runescape.wiki/w/Exchange:Primal_main_course
Primal off hand warhammer,100,https://runescape.wiki/w/Exchange:Primal_off_hand_warhammer
Primal off hand warhammer + 1,100,https://runescape.wiki/w/Exchange:Primal_off_hand_warhammer_%2B_1
Primal off hand warhammer + 2,100,https://runescape.wiki/w/Exchange:Primal_off_hand_warhammer_%2B_2
Primal off hand warhammer + 3,100,https://runescape.wiki/w/Exchange:Primal_off_hand_warhammer_%2B_3
Primal off hand warhammer + 4,100,https://runescape.wiki/w/Exchange:Primal_off_hand_warhammer_%2B_4
Primal off hand warhammer + 5,100,https://runescape.wiki/w/Exchange:Primal_off_hand_warhammer_%2B_5
Primal ore box,100,https://runescape.wiki/w/Exchange:Primal_ore_box
Primal pickaxe,100,https://runescape.wiki/w/Exchange:Primal_pickaxe
Primal pickaxe + 1,100,https://runescape.wiki/w/Exchange:Primal_pickaxe_%2B_1
Primal pickaxe + 2,100,https://runescape.wiki/w/Exchange:Primal_pickaxe_%2B_2
Primal pickaxe + 3,100,https://runescape.wiki/w/Exchange:Primal_pickaxe_%2B_3
Primal pickaxe + 4,100,https://runescape.wiki/w/Exchange:Primal_pickaxe_%2B_4
Primal pickaxe + 5,100,https://runescape.wiki/w/Exchange:Primal_pickaxe_%2B_5
Primal platebody,100,https://runescape.wiki/w/Exchange:Primal_platebody
Primal platebody + 1,100,https://runescape.wiki/w/Exchange:Primal_platebody_%2B_1
Primal platebody + 2,100,https://runescape.wiki/w/Exchange:Primal_platebody_%2B_2
Primal platebody + 3,100,https://runescape.wiki/w/Exchange:Primal_platebody_%2B_3
Primal platebody + 4,100,https://runescape.wiki/w/Exchange:Primal_platebody_%2B_4
Primal platebody + 5,100,https://runescape.wiki/w/Exchange:Primal_platebody_%2B_5
Primal platelegs,100,https://runescape.wiki/w/Exchange:Primal_platelegs
Primal platelegs + 1,100,https://runescape.wiki/w/Exchange:Primal_platelegs_%2B_1
Primal platelegs + 2,100,https://runescape.wiki/w/Exchange:Primal_platelegs_%2B_2
Primal platelegs + 3,100,https://runescape.wiki/w/Exchange:Primal_platelegs_%2B_3
Primal platelegs + 4,100,https://runescape.wiki/w/Exchange:Primal_platelegs_%2B_4
Primal platelegs + 5,100,https://runescape.wiki/w/Exchange:Primal_platelegs_%2B_5
Primal starter,1000,https://runescape.wiki/w/Exchange:Primal_starter
Primal stone spirit,25000,https://runescape.wiki/w/Exchange:Primal_stone_spirit
Primal warhammer,100,https://runescape.wiki/w/Exchange:Primal_warhammer
Primal warhammer + 1,100,https://runescape.wiki/w/Exchange:Primal_warhammer_%2B_1
Primal warhammer + 2,100,https://runescape.wiki/w/Exchange:Primal_warhammer_%2B_2
Primal warhammer + 3,100,https://runescape.wiki/w/Exchange:Primal_warhammer_%2B_3
Primal warhammer + 4,100,https://runescape.wiki/w/Exchange:Primal_warhammer_%2B_4
Primal warhammer + 5,100,https://runescape.wiki/w/Exchange:Primal_warhammer_%2B_5
Primed glorious bar,10000,https://runescape.wiki/w/Exchange:Primed_glorious_bar
Primweed,100,https://runescape.wiki/w/Exchange:Primweed
Proboscis,100,https://runescape.wiki/w/Exchange:Proboscis
Promethium ore,25000,https://runescape.wiki/w/Exchange:Promethium_ore
Proselyte cuisse,100,https://runescape.wiki/w/Exchange:Proselyte_cuisse
Proselyte harness (f),100,https://runescape.wiki/w/Exchange:Proselyte_harness_(f)
Proselyte harness (m),100,https://runescape.wiki/w/Exchange:Proselyte_harness_(m)
Proselyte hauberk,100,https://runescape.wiki/w/Exchange:Proselyte_hauberk
Proselyte sallet,100,https://runescape.wiki/w/Exchange:Proselyte_sallet
Proselyte tasset,100,https://runescape.wiki/w/Exchange:Proselyte_tasset
Pufferfish Balloon,2,https://runescape.wiki/w/Exchange:Pufferfish_Balloon
Pufferfish follower pet token,2,https://runescape.wiki/w/Exchange:Pufferfish_follower_pet_token
Pufferfish launcher override token,2,https://runescape.wiki/w/Exchange:Pufferfish_launcher_override_token
Pumpkin,2,https://runescape.wiki/w/Exchange:Pumpkin
Pumpkin Residual Souls cosmetic ability scroll,2,https://runescape.wiki/w/Exchange:Pumpkin_Residual_Souls_cosmetic_ability_scroll
Pumpkin beret override token,2,https://runescape.wiki/w/Exchange:Pumpkin_beret_override_token
Pumpkin trees token,2,https://runescape.wiki/w/Exchange:Pumpkin_trees_token
Pure essence,25000,https://runescape.wiki/w/Exchange:Pure_essence
Purified 2h crossbow token,25,https://runescape.wiki/w/Exchange:Purified_2h_crossbow_token
Purified crossbow token,25,https://runescape.wiki/w/Exchange:Purified_crossbow_token
Purified greatsword token,25,https://runescape.wiki/w/Exchange:Purified_greatsword_token
Purified halberd token,25,https://runescape.wiki/w/Exchange:Purified_halberd_token
Purified shortbow token,25,https://runescape.wiki/w/Exchange:Purified_shortbow_token
Purified staff token,25,https://runescape.wiki/w/Exchange:Purified_staff_token
Purified swords token,25,https://runescape.wiki/w/Exchange:Purified_swords_token
Purified wand and orb token,25,https://runescape.wiki/w/Exchange:Purified_wand_and_orb_token
Purple Candy Cane Token,2,https://runescape.wiki/w/Exchange:Purple_Candy_Cane_Token
Purple Santa hat,2,https://runescape.wiki/w/Exchange:Purple_Santa_hat
Purple checkered shirt,5,https://runescape.wiki/w/Exchange:Purple_checkered_shirt
Purple dye,100,https://runescape.wiki/w/Exchange:Purple_dye
Purple elegant blouse,2,https://runescape.wiki/w/Exchange:Purple_elegant_blouse
Purple elegant legs,2,https://runescape.wiki/w/Exchange:Purple_elegant_legs
Purple elegant shirt,2,https://runescape.wiki/w/Exchange:Purple_elegant_shirt
Purple elegant skirt,2,https://runescape.wiki/w/Exchange:Purple_elegant_skirt
Purple firelighter,100,https://runescape.wiki/w/Exchange:Purple_firelighter
Purple flowers,1000,https://runescape.wiki/w/Exchange:Purple_flowers
Purple hallowe'en mask,2,https://runescape.wiki/w/Exchange:Purple_hallowe%27en_mask
Purple mushroom,2,https://runescape.wiki/w/Exchange:Purple_mushroom
Purple partyhat,2,https://runescape.wiki/w/Exchange:Purple_partyhat
Purple pumpkin,2,https://runescape.wiki/w/Exchange:Purple_pumpkin
Purple sweets,1000,https://runescape.wiki/w/Exchange:Purple_sweets
Puzzle box skipping ticket,200,https://runescape.wiki/w/Exchange:Puzzle_box_skipping_ticket
Pyjama bottoms,2,https://runescape.wiki/w/Exchange:Pyjama_bottoms
Pyjama slippers,2,https://runescape.wiki/w/Exchange:Pyjama_slippers
Pyjama top,2,https://runescape.wiki/w/Exchange:Pyjama_top
Pyramid hat head token,2,https://runescape.wiki/w/Exchange:Pyramid_hat_head_token
Pyre logs,1000,https://runescape.wiki/w/Exchange:Pyre_logs
Pyrelord pouch,5000,https://runescape.wiki/w/Exchange:Pyrelord_pouch
Pyrelord scroll (Immense Heat),5000,https://runescape.wiki/w/Exchange:Pyrelord_scroll_(Immense_Heat)
Quintessence,5000,https://runescape.wiki/w/Exchange:Quintessence
Rabbit foot,100,https://runescape.wiki/w/Exchange:Rabbit_foot
Rabbit sandwich,100,https://runescape.wiki/w/Exchange:Rabbit_sandwich
Rabbit snare,100,https://runescape.wiki/w/Exchange:Rabbit_snare
Rabbit teeth,5000,https://runescape.wiki/w/Exchange:Rabbit_teeth
Radiant energy,25000,https://runescape.wiki/w/Exchange:Radiant_energy
Ragefire boots,10,https://runescape.wiki/w/Exchange:Ragefire_boots
Ragefire gland,10,https://runescape.wiki/w/Exchange:Ragefire_gland
Rainbow Dragonbreath cosmetic ability scroll,2,https://runescape.wiki/w/Exchange:Rainbow_Dragonbreath_cosmetic_ability_scroll
Rainbow amulet token,100,https://runescape.wiki/w/Exchange:Rainbow_amulet_token
Rainbow aura token,2,https://runescape.wiki/w/Exchange:Rainbow_aura_token
Rainbow bouquet wand token,100,https://runescape.wiki/w/Exchange:Rainbow_bouquet_wand_token
Rainbow bow token,100,https://runescape.wiki/w/Exchange:Rainbow_bow_token
Rainbow cape,2,https://runescape.wiki/w/Exchange:Rainbow_cape
Rainbow fish,10000,https://runescape.wiki/w/Exchange:Rainbow_fish
Rainbow gaze token,2,https://runescape.wiki/w/Exchange:Rainbow_gaze_token
Rainbow glasses,2,https://runescape.wiki/w/Exchange:Rainbow_glasses
Rainbow halo token,100,https://runescape.wiki/w/Exchange:Rainbow_halo_token
Rainbow outfit token,2,https://runescape.wiki/w/Exchange:Rainbow_outfit_token
Rainbow parasol,2,https://runescape.wiki/w/Exchange:Rainbow_parasol
Rainbow pet token,100,https://runescape.wiki/w/Exchange:Rainbow_pet_token
Rainbow scythe token,100,https://runescape.wiki/w/Exchange:Rainbow_scythe_token
Rainbow sweetcorn,1000,https://runescape.wiki/w/Exchange:Rainbow_sweetcorn
Rainbow teleport token,100,https://runescape.wiki/w/Exchange:Rainbow_teleport_token
Rainbow trail aura override token,100,https://runescape.wiki/w/Exchange:Rainbow_trail_aura_override_token
Rainbow wand token,100,https://runescape.wiki/w/Exchange:Rainbow_wand_token
Rainbow wings token,2,https://runescape.wiki/w/Exchange:Rainbow_wings_token
Rake,100,https://runescape.wiki/w/Exchange:Rake
Ralph Bunny appearance token,2,https://runescape.wiki/w/Exchange:Ralph_Bunny_appearance_token
Ramsay Bunny appearance token,2,https://runescape.wiki/w/Exchange:Ramsay_Bunny_appearance_token
Ranarr incense sticks,1000,https://runescape.wiki/w/Exchange:Ranarr_incense_sticks
Ranarr potion (unfinished),10000,https://runescape.wiki/w/Exchange:Ranarr_potion_(unfinished)
Ranarr seed,1000,https://runescape.wiki/w/Exchange:Ranarr_seed
Ranger Roll walk override token,2,https://runescape.wiki/w/Exchange:Ranger_Roll_walk_override_token
Ranger boots,2,https://runescape.wiki/w/Exchange:Ranger_boots
Ranger's aid,100,https://runescape.wiki/w/Exchange:Ranger%27s_aid
Ranger's aid (m),100,https://runescape.wiki/w/Exchange:Ranger%27s_aid_(m)
Ranging flask (6),1000,https://runescape.wiki/w/Exchange:Ranging_flask_(6)
Ranging mix (1),1000,https://runescape.wiki/w/Exchange:Ranging_mix_(1)
Ranging mix (2),1000,https://runescape.wiki/w/Exchange:Ranging_mix_(2)
Ranging potion (1),1000,https://runescape.wiki/w/Exchange:Ranging_potion_(1)
Ranging potion (2),1000,https://runescape.wiki/w/Exchange:Ranging_potion_(2)
Ranging potion (3),1000,https://runescape.wiki/w/Exchange:Ranging_potion_(3)
Ranging potion (4),1000,https://runescape.wiki/w/Exchange:Ranging_potion_(4)
Raurg bones,10000,https://runescape.wiki/w/Exchange:Raurg_bones
Ravenous Locust scroll (Famine),5000,https://runescape.wiki/w/Exchange:Ravenous_Locust_scroll_(Famine)
Ravenous locust pouch,5000,https://runescape.wiki/w/Exchange:Ravenous_locust_pouch
Raw admiral pie,1000,https://runescape.wiki/w/Exchange:Raw_admiral_pie
Raw anchovies,20000,https://runescape.wiki/w/Exchange:Raw_anchovies
Raw arcane apoterrasaur meat,100,https://runescape.wiki/w/Exchange:Raw_arcane_apoterrasaur_meat
Raw asciatops meat,100,https://runescape.wiki/w/Exchange:Raw_asciatops_meat
Raw bagrada rex meat,100,https://runescape.wiki/w/Exchange:Raw_bagrada_rex_meat
Raw bass,20000,https://runescape.wiki/w/Exchange:Raw_bass
Raw bear meat,1000,https://runescape.wiki/w/Exchange:Raw_bear_meat
Raw beast meat,1000,https://runescape.wiki/w/Exchange:Raw_beast_meat
Raw beef,1000,https://runescape.wiki/w/Exchange:Raw_beef
Raw beltfish,20000,https://runescape.wiki/w/Exchange:Raw_beltfish
Raw bird meat,10000,https://runescape.wiki/w/Exchange:Raw_bird_meat
Raw blue blubber jellyfish,20000,https://runescape.wiki/w/Exchange:Raw_blue_blubber_jellyfish
Raw calcified fungus soup,100,https://runescape.wiki/w/Exchange:Raw_calcified_fungus_soup
Raw catfish,20000,https://runescape.wiki/w/Exchange:Raw_catfish
Raw cave eel,1000,https://runescape.wiki/w/Exchange:Raw_cave_eel
Raw cavefish,20000,https://runescape.wiki/w/Exchange:Raw_cavefish
Raw chicken,1000,https://runescape.wiki/w/Exchange:Raw_chicken
Raw chompy,10000,https://runescape.wiki/w/Exchange:Raw_chompy
Raw cod,20000,https://runescape.wiki/w/Exchange:Raw_cod
Raw corbicula rex meat,100,https://runescape.wiki/w/Exchange:Raw_corbicula_rex_meat
Raw crayfish,10000,https://runescape.wiki/w/Exchange:Raw_crayfish
Raw crunchies,1000,https://runescape.wiki/w/Exchange:Raw_crunchies
Raw desert sole,20000,https://runescape.wiki/w/Exchange:Raw_desert_sole
Raw fish pie,1000,https://runescape.wiki/w/Exchange:Raw_fish_pie
Raw fungal algae soup,100,https://runescape.wiki/w/Exchange:Raw_fungal_algae_soup
Raw fungal spore soup,100,https://runescape.wiki/w/Exchange:Raw_fungal_spore_soup
Raw garden pie,1000,https://runescape.wiki/w/Exchange:Raw_garden_pie
Raw ghostly sole,20000,https://runescape.wiki/w/Exchange:Raw_ghostly_sole
Raw giant chinchompa meat,100,https://runescape.wiki/w/Exchange:Raw_giant_chinchompa_meat
Raw giant crayfish,20000,https://runescape.wiki/w/Exchange:Raw_giant_crayfish
Raw giant kebbit meat,100,https://runescape.wiki/w/Exchange:Raw_giant_kebbit_meat
Raw great white shark,20000,https://runescape.wiki/w/Exchange:Raw_great_white_shark
Raw green blubber jellyfish,20000,https://runescape.wiki/w/Exchange:Raw_green_blubber_jellyfish
Raw herring,20000,https://runescape.wiki/w/Exchange:Raw_herring
Raw jubbly,100,https://runescape.wiki/w/Exchange:Raw_jubbly
Raw karambwan,20000,https://runescape.wiki/w/Exchange:Raw_karambwan
Raw lobster,20000,https://runescape.wiki/w/Exchange:Raw_lobster
Raw mackerel,20000,https://runescape.wiki/w/Exchange:Raw_mackerel
Raw malletops meat,1000,https://runescape.wiki/w/Exchange:Raw_malletops_meat
Raw manta ray,20000,https://runescape.wiki/w/Exchange:Raw_manta_ray
Raw minnow,10000,https://runescape.wiki/w/Exchange:Raw_minnow
Raw monkfish,20000,https://runescape.wiki/w/Exchange:Raw_monkfish
Raw mud pie,1000,https://runescape.wiki/w/Exchange:Raw_mud_pie
Raw oculi apoterrasaur meat,1000,https://runescape.wiki/w/Exchange:Raw_oculi_apoterrasaur_meat
Raw oomlie,1000,https://runescape.wiki/w/Exchange:Raw_oomlie
Raw pavosaurus rex meat,1000,https://runescape.wiki/w/Exchange:Raw_pavosaurus_rex_meat
Raw pawya meat,5000,https://runescape.wiki/w/Exchange:Raw_pawya_meat
Raw pike,20000,https://runescape.wiki/w/Exchange:Raw_pike
Raw potato,1000,https://runescape.wiki/w/Exchange:Raw_potato
Raw rabbit,5000,https://runescape.wiki/w/Exchange:Raw_rabbit
Raw rainbow fish,20000,https://runescape.wiki/w/Exchange:Raw_rainbow_fish
Raw rat meat,1000,https://runescape.wiki/w/Exchange:Raw_rat_meat
Raw rocktail,20000,https://runescape.wiki/w/Exchange:Raw_rocktail
Raw sailfish,20000,https://runescape.wiki/w/Exchange:Raw_sailfish
Raw salmon,20000,https://runescape.wiki/w/Exchange:Raw_salmon
Raw sardine,20000,https://runescape.wiki/w/Exchange:Raw_sardine
Raw scimitops meat,100,https://runescape.wiki/w/Exchange:Raw_scimitops_meat
Raw sea turtle,20000,https://runescape.wiki/w/Exchange:Raw_sea_turtle
Raw shark,20000,https://runescape.wiki/w/Exchange:Raw_shark
Raw shrimps,20000,https://runescape.wiki/w/Exchange:Raw_shrimps
Raw spicati apoterrasaur meat,100,https://runescape.wiki/w/Exchange:Raw_spicati_apoterrasaur_meat
Raw summer pie,1000,https://runescape.wiki/w/Exchange:Raw_summer_pie
Raw swamp paste,5000,https://runescape.wiki/w/Exchange:Raw_swamp_paste
Raw swordfish,20000,https://runescape.wiki/w/Exchange:Raw_swordfish
Raw timber fungus soup,100,https://runescape.wiki/w/Exchange:Raw_timber_fungus_soup
Raw trout,20000,https://runescape.wiki/w/Exchange:Raw_trout
Raw tuna,20000,https://runescape.wiki/w/Exchange:Raw_tuna
Raw ugthanki meat,1000,https://runescape.wiki/w/Exchange:Raw_ugthanki_meat
Raw undead beef,100,https://runescape.wiki/w/Exchange:Raw_undead_beef
Raw undead chicken,100,https://runescape.wiki/w/Exchange:Raw_undead_chicken
Raw wild pie,1000,https://runescape.wiki/w/Exchange:Raw_wild_pie
Raw wilder pie,1000,https://runescape.wiki/w/Exchange:Raw_wilder_pie
Raw wolf meat,1000,https://runescape.wiki/w/Exchange:Raw_wolf_meat
Raw yak meat,1000,https://runescape.wiki/w/Exchange:Raw_yak_meat
Razorback gauntlets,10,https://runescape.wiki/w/Exchange:Razorback_gauntlets
Reaper necklace,100,https://runescape.wiki/w/Exchange:Reaper_necklace
Reaper ornament kit,2,https://runescape.wiki/w/Exchange:Reaper_ornament_kit
Reborn phoenix pouch,5000,https://runescape.wiki/w/Exchange:Reborn_phoenix_pouch
Red Candy Cane Token,2,https://runescape.wiki/w/Exchange:Red_Candy_Cane_Token
Red bead,100,https://runescape.wiki/w/Exchange:Red_bead
Red blossom seed,1000,https://runescape.wiki/w/Exchange:Red_blossom_seed
Red boater,2,https://runescape.wiki/w/Exchange:Red_boater
Red chinchompa,20000,https://runescape.wiki/w/Exchange:Red_chinchompa
Red dragon egg (unchecked),100,https://runescape.wiki/w/Exchange:Red_dragon_egg_(unchecked)
Red dragon leather,10000,https://runescape.wiki/w/Exchange:Red_dragon_leather
Red dragon mask,2,https://runescape.wiki/w/Exchange:Red_dragon_mask
Red dragonhide,10000,https://runescape.wiki/w/Exchange:Red_dragonhide
Red dragonhide body,5000,https://runescape.wiki/w/Exchange:Red_dragonhide_body
Red dragonhide boots,5000,https://runescape.wiki/w/Exchange:Red_dragonhide_boots
Red dragonhide chaps,5000,https://runescape.wiki/w/Exchange:Red_dragonhide_chaps
Red dragonhide coif,100,https://runescape.wiki/w/Exchange:Red_dragonhide_coif
Red dragonhide set,100,https://runescape.wiki/w/Exchange:Red_dragonhide_set
Red dragonhide shield,5000,https://runescape.wiki/w/Exchange:Red_dragonhide_shield
Red dragonhide vambraces,5000,https://runescape.wiki/w/Exchange:Red_dragonhide_vambraces
Red dye,100,https://runescape.wiki/w/Exchange:Red_dye
Red elegant blouse,2,https://runescape.wiki/w/Exchange:Red_elegant_blouse
Red elegant legs,2,https://runescape.wiki/w/Exchange:Red_elegant_legs
Red elegant shirt,2,https://runescape.wiki/w/Exchange:Red_elegant_shirt
Red elegant skirt,2,https://runescape.wiki/w/Exchange:Red_elegant_skirt
Red feather,5000,https://runescape.wiki/w/Exchange:Red_feather
Red firelighter,100,https://runescape.wiki/w/Exchange:Red_firelighter
Red flowers,10000,https://runescape.wiki/w/Exchange:Red_flowers
Red hallowe'en mask,2,https://runescape.wiki/w/Exchange:Red_hallowe%27en_mask
Red headband,2,https://runescape.wiki/w/Exchange:Red_headband
Red onion,1000,https://runescape.wiki/w/Exchange:Red_onion
Red partyhat,2,https://runescape.wiki/w/Exchange:Red_partyhat
Red pumpkin,2,https://runescape.wiki/w/Exchange:Red_pumpkin
Red salamander,1000,https://runescape.wiki/w/Exchange:Red_salamander
Red salamander (unchecked),100,https://runescape.wiki/w/Exchange:Red_salamander_(unchecked)
Red spiders' eggs,10000,https://runescape.wiki/w/Exchange:Red_spiders%27_eggs
Red spiky vambraces,100,https://runescape.wiki/w/Exchange:Red_spiky_vambraces
Red topaz,5000,https://runescape.wiki/w/Exchange:Red_topaz
Red topaz bakriminel bolts,1000,https://runescape.wiki/w/Exchange:Red_topaz_bakriminel_bolts
Red topaz bakriminel bolts (e),1000,https://runescape.wiki/w/Exchange:Red_topaz_bakriminel_bolts_(e)
Red topaz machete,100,https://runescape.wiki/w/Exchange:Red_topaz_machete
Redberries,1000,https://runescape.wiki/w/Exchange:Redberries
Redberry pie,1000,https://runescape.wiki/w/Exchange:Redberry_pie
Redberry seed,100,https://runescape.wiki/w/Exchange:Redberry_seed
Reed seed,100,https://runescape.wiki/w/Exchange:Reed_seed
Reefwalker's cape,10,https://runescape.wiki/w/Exchange:Reefwalker%27s_cape
Refined Acadia planks,10000,https://runescape.wiki/w/Exchange:Refined_Acadia_planks
Refined Elder planks,10000,https://runescape.wiki/w/Exchange:Refined_Elder_planks
Refined Magic planks,10000,https://runescape.wiki/w/Exchange:Refined_Magic_planks
Refined Mahogany planks,10000,https://runescape.wiki/w/Exchange:Refined_Mahogany_planks
Refined Maple planks,10000,https://runescape.wiki/w/Exchange:Refined_Maple_planks
Refined Oak planks,10000,https://runescape.wiki/w/Exchange:Refined_Oak_planks
Refined Teak planks,10000,https://runescape.wiki/w/Exchange:Refined_Teak_planks
Refined Willow planks,10000,https://runescape.wiki/w/Exchange:Refined_Willow_planks
Refined Yew planks,10000,https://runescape.wiki/w/Exchange:Refined_Yew_planks
Refined planks,10000,https://runescape.wiki/w/Exchange:Refined_planks
Regen bracelet,100,https://runescape.wiki/w/Exchange:Regen_bracelet
Regular ghostly ink,10000,https://runescape.wiki/w/Exchange:Regular_ghostly_ink
Regular ritual candle,10000,https://runescape.wiki/w/Exchange:Regular_ritual_candle
Rei ti ronin bracers & tabi token,25,https://runescape.wiki/w/Exchange:Rei_ti_ronin_bracers_%26_tabi_token
Rei ti ronin faulds token,25,https://runescape.wiki/w/Exchange:Rei_ti_ronin_faulds_token
Rei ti ronin scarf token,25,https://runescape.wiki/w/Exchange:Rei_ti_ronin_scarf_token
Rei ti ronin sugegasa token,25,https://runescape.wiki/w/Exchange:Rei_ti_ronin_sugegasa_token
Rei ti ronin tunic token,25,https://runescape.wiki/w/Exchange:Rei_ti_ronin_tunic_token
Reinforced dragon bones,10000,https://runescape.wiki/w/Exchange:Reinforced_dragon_bones
Reinforcing plate,10,https://runescape.wiki/w/Exchange:Reinforcing_plate
Relicym's balm (1),1000,https://runescape.wiki/w/Exchange:Relicym%27s_balm_(1)
Relicym's balm (2),1000,https://runescape.wiki/w/Exchange:Relicym%27s_balm_(2)
Relicym's balm (3),1000,https://runescape.wiki/w/Exchange:Relicym%27s_balm_(3)
Relicym's balm (4),1000,https://runescape.wiki/w/Exchange:Relicym%27s_balm_(4)
Relicym's balm flask (6),1000,https://runescape.wiki/w/Exchange:Relicym%27s_balm_flask_(6)
Relicym's mix (1),1000,https://runescape.wiki/w/Exchange:Relicym%27s_mix_(1)
Relicym's mix (2),1000,https://runescape.wiki/w/Exchange:Relicym%27s_mix_(2)
Rellekkan cream rabbit (unchecked),100,https://runescape.wiki/w/Exchange:Rellekkan_cream_rabbit_(unchecked)
Reprisal ability codex,2,https://runescape.wiki/w/Exchange:Reprisal_ability_codex
Resonant anima of Bik (tradeable),5000,https://runescape.wiki/w/Exchange:Resonant_anima_of_Bik_(tradeable)
Resonant anima of Ful (tradeable),5000,https://runescape.wiki/w/Exchange:Resonant_anima_of_Ful_(tradeable)
Resonant anima of Jas (tradeable),5000,https://runescape.wiki/w/Exchange:Resonant_anima_of_Jas_(tradeable)
Resonant anima of Wen (tradeable),5000,https://runescape.wiki/w/Exchange:Resonant_anima_of_Wen_(tradeable)
Restore flask (6),1000,https://runescape.wiki/w/Exchange:Restore_flask_(6)
Restore mix (1),1000,https://runescape.wiki/w/Exchange:Restore_mix_(1)
Restore mix (2),1000,https://runescape.wiki/w/Exchange:Restore_mix_(2)
Restore potion (1),1000,https://runescape.wiki/w/Exchange:Restore_potion_(1)
Restore potion (2),1000,https://runescape.wiki/w/Exchange:Restore_potion_(2)
Restore potion (3),1000,https://runescape.wiki/w/Exchange:Restore_potion_(3)
Restore potion (4),1000,https://runescape.wiki/w/Exchange:Restore_potion_(4)
Revenant bane 2h sword,1000,https://runescape.wiki/w/Exchange:Revenant_bane_2h_sword
Revenant bane longsword,1000,https://runescape.wiki/w/Exchange:Revenant_bane_longsword
Revenant bane off-hand longsword,1000,https://runescape.wiki/w/Exchange:Revenant_bane_off-hand_longsword
Revenant bane square shield,1000,https://runescape.wiki/w/Exchange:Revenant_bane_square_shield
Ribcage piece,100,https://runescape.wiki/w/Exchange:Ribcage_piece
Right banana of knowledge,100,https://runescape.wiki/w/Exchange:Right_banana_of_knowledge
Ring mould,100,https://runescape.wiki/w/Exchange:Ring_mould
Ring of Fortune,100,https://runescape.wiki/w/Exchange:Ring_of_Fortune
Ring of Luck,5000,https://runescape.wiki/w/Exchange:Ring_of_Luck
Ring of Vitur,2,https://runescape.wiki/w/Exchange:Ring_of_Vitur
Ring of Wealth,500,https://runescape.wiki/w/Exchange:Ring_of_Wealth
Ring of Wealth (4),500,https://runescape.wiki/w/Exchange:Ring_of_Wealth_(4)
Ring of coins,2,https://runescape.wiki/w/Exchange:Ring_of_coins
Ring of death,100,https://runescape.wiki/w/Exchange:Ring_of_death
Ring of duelling (1),5000,https://runescape.wiki/w/Exchange:Ring_of_duelling_(1)
Ring of duelling (8),10000,https://runescape.wiki/w/Exchange:Ring_of_duelling_(8)
Ring of forging,5000,https://runescape.wiki/w/Exchange:Ring_of_forging
Ring of imbuing,100,https://runescape.wiki/w/Exchange:Ring_of_imbuing
Ring of life,5000,https://runescape.wiki/w/Exchange:Ring_of_life
Ring of metamorphosis (new),10000,https://runescape.wiki/w/Exchange:Ring_of_metamorphosis_(new)
Ring of recoil,5000,https://runescape.wiki/w/Exchange:Ring_of_recoil
Ring of respawn (new),10000,https://runescape.wiki/w/Exchange:Ring_of_respawn_(new)
Ring of retribution,500,https://runescape.wiki/w/Exchange:Ring_of_retribution
Ring of stone,2,https://runescape.wiki/w/Exchange:Ring_of_stone
Ring of trees,2,https://runescape.wiki/w/Exchange:Ring_of_trees
Ripper Demon Wildcard,500,https://runescape.wiki/w/Exchange:Ripper_Demon_Wildcard
Ripper Demon scroll (Death From Above),5000,https://runescape.wiki/w/Exchange:Ripper_Demon_scroll_(Death_From_Above)
Ripper claw,10,https://runescape.wiki/w/Exchange:Ripper_claw
Ripper dinosaur (unchecked),100,https://runescape.wiki/w/Exchange:Ripper_dinosaur_(unchecked)
Riyl remains,1000,https://runescape.wiki/w/Exchange:Riyl_remains
Roar of Awakening,2,https://runescape.wiki/w/Exchange:Roar_of_Awakening
Roast beast meat,1000,https://runescape.wiki/w/Exchange:Roast_beast_meat
Roast bird meat,1000,https://runescape.wiki/w/Exchange:Roast_bird_meat
Roast rabbit,1000,https://runescape.wiki/w/Exchange:Roast_rabbit
Robe bottom of Tumeken's resplendence,2,https://runescape.wiki/w/Exchange:Robe_bottom_of_Tumeken%27s_resplendence
Robe bottom of the First Necromancer,2,https://runescape.wiki/w/Exchange:Robe_bottom_of_the_First_Necromancer
Robe bottoms (grey),100,https://runescape.wiki/w/Exchange:Robe_bottoms_(grey)
Robe bottoms (purple),100,https://runescape.wiki/w/Exchange:Robe_bottoms_(purple)
Robe bottoms (red),100,https://runescape.wiki/w/Exchange:Robe_bottoms_(red)
Robe bottoms (teal),100,https://runescape.wiki/w/Exchange:Robe_bottoms_(teal)
Robe bottoms (yellow),100,https://runescape.wiki/w/Exchange:Robe_bottoms_(yellow)
Robe top (grey),100,https://runescape.wiki/w/Exchange:Robe_top_(grey)
Robe top (purple),100,https://runescape.wiki/w/Exchange:Robe_top_(purple)
Robe top (red),100,https://runescape.wiki/w/Exchange:Robe_top_(red)
Robe top (teal),100,https://runescape.wiki/w/Exchange:Robe_top_(teal)
Robe top (yellow),100,https://runescape.wiki/w/Exchange:Robe_top_(yellow)
Robe top of Tumeken's resplendence,2,https://runescape.wiki/w/Exchange:Robe_top_of_Tumeken%27s_resplendence
Robe top of the First Necromancer,2,https://runescape.wiki/w/Exchange:Robe_top_of_the_First_Necromancer
Robes of subjugation set,2,https://runescape.wiki/w/Exchange:Robes_of_subjugation_set
Robin (item),2,https://runescape.wiki/w/Exchange:Robin_(item)
Robin Hood hat,2,https://runescape.wiki/w/Exchange:Robin_Hood_hat
Robin Hood tights,2,https://runescape.wiki/w/Exchange:Robin_Hood_tights
Robin Hood tunic,2,https://runescape.wiki/w/Exchange:Robin_Hood_tunic
Robust memento,1000,https://runescape.wiki/w/Exchange:Robust_memento
Rock climbing boots,100,https://runescape.wiki/w/Exchange:Rock_climbing_boots
Rock hammer,100,https://runescape.wiki/w/Exchange:Rock_hammer
Rock-crushing scrimshaw,5,https://runescape.wiki/w/Exchange:Rock-crushing_scrimshaw
Rock-shell armour set,100,https://runescape.wiki/w/Exchange:Rock-shell_armour_set
Rock-shell boots,100,https://runescape.wiki/w/Exchange:Rock-shell_boots
Rock-shell chunk,100,https://runescape.wiki/w/Exchange:Rock-shell_chunk
Rock-shell gloves,100,https://runescape.wiki/w/Exchange:Rock-shell_gloves
Rock-shell helm,100,https://runescape.wiki/w/Exchange:Rock-shell_helm
Rock-shell legs,100,https://runescape.wiki/w/Exchange:Rock-shell_legs
Rock-shell plate,100,https://runescape.wiki/w/Exchange:Rock-shell_plate
Rock-shell shard,100,https://runescape.wiki/w/Exchange:Rock-shell_shard
Rock-shell splinter,100,https://runescape.wiki/w/Exchange:Rock-shell_splinter
Rocking chair (flatpack),100,https://runescape.wiki/w/Exchange:Rocking_chair_(flatpack)
Rocktail,10000,https://runescape.wiki/w/Exchange:Rocktail
Rocktail soup,10000,https://runescape.wiki/w/Exchange:Rocktail_soup
Rocky Bunny appearance token,2,https://runescape.wiki/w/Exchange:Rocky_Bunny_appearance_token
Roe,5000,https://runescape.wiki/w/Exchange:Roe
Rogue's purse potion (unfinished),100,https://runescape.wiki/w/Exchange:Rogue%27s_purse_potion_(unfinished)
Roll,1000,https://runescape.wiki/w/Exchange:Roll
Rolling pin,100,https://runescape.wiki/w/Exchange:Rolling_pin
Rooster (unchecked),100,https://runescape.wiki/w/Exchange:Rooster_(unchecked)
Rope,100,https://runescape.wiki/w/Exchange:Rope
Rose petal aura override token,2,https://runescape.wiki/w/Exchange:Rose_petal_aura_override_token
Rose tinted glasses,2,https://runescape.wiki/w/Exchange:Rose_tinted_glasses
Rosemary,1000,https://runescape.wiki/w/Exchange:Rosemary
Rosemary seed,1000,https://runescape.wiki/w/Exchange:Rosemary_seed
Roses (Het's Oasis),1000,https://runescape.wiki/w/Exchange:Roses_(Het%27s_Oasis)
Rotten fungus,100,https://runescape.wiki/w/Exchange:Rotten_fungus
Round glasses (black),2,https://runescape.wiki/w/Exchange:Round_glasses_(black)
Round glasses (blue),2,https://runescape.wiki/w/Exchange:Round_glasses_(blue)
Round glasses (green),2,https://runescape.wiki/w/Exchange:Round_glasses_(green)
Royal amulet,2,https://runescape.wiki/w/Exchange:Royal_amulet
Royal bolt stabiliser,10,https://runescape.wiki/w/Exchange:Royal_bolt_stabiliser
Royal bolts,10000,https://runescape.wiki/w/Exchange:Royal_bolts
Royal cape,100,https://runescape.wiki/w/Exchange:Royal_cape
Royal crown,2,https://runescape.wiki/w/Exchange:Royal_crown
Royal dragon leather,10000,https://runescape.wiki/w/Exchange:Royal_dragon_leather
Royal dragonhide,10000,https://runescape.wiki/w/Exchange:Royal_dragonhide
Royal dragonhide body,5000,https://runescape.wiki/w/Exchange:Royal_dragonhide_body
Royal dragonhide boots,1000,https://runescape.wiki/w/Exchange:Royal_dragonhide_boots
Royal dragonhide chaps,5000,https://runescape.wiki/w/Exchange:Royal_dragonhide_chaps
Royal dragonhide coif,100,https://runescape.wiki/w/Exchange:Royal_dragonhide_coif
Royal dragonhide set,100,https://runescape.wiki/w/Exchange:Royal_dragonhide_set
Royal dragonhide vambraces,1000,https://runescape.wiki/w/Exchange:Royal_dragonhide_vambraces
Royal frame,10,https://runescape.wiki/w/Exchange:Royal_frame
Royal leggings,2,https://runescape.wiki/w/Exchange:Royal_leggings
Royal sceptre,2,https://runescape.wiki/w/Exchange:Royal_sceptre
Royal shirt,2,https://runescape.wiki/w/Exchange:Royal_shirt
Royal shoulder cape (Black),5,https://runescape.wiki/w/Exchange:Royal_shoulder_cape_(Black)
Royal shoulder cape (Red),5,https://runescape.wiki/w/Exchange:Royal_shoulder_cape_(Red)
Royal sight,10,https://runescape.wiki/w/Exchange:Royal_sight
Royal spiky vambraces,100,https://runescape.wiki/w/Exchange:Royal_spiky_vambraces
Royal torsion spring,10,https://runescape.wiki/w/Exchange:Royal_torsion_spring
Rubber turkey,2,https://runescape.wiki/w/Exchange:Rubber_turkey
Ruby,5000,https://runescape.wiki/w/Exchange:Ruby
Ruby Cane,2,https://runescape.wiki/w/Exchange:Ruby_Cane
Ruby Gauntlets Token,2,https://runescape.wiki/w/Exchange:Ruby_Gauntlets_Token
Ruby Suit token,2,https://runescape.wiki/w/Exchange:Ruby_Suit_token
Ruby amulet,5000,https://runescape.wiki/w/Exchange:Ruby_amulet
Ruby amulet (unstrung),5000,https://runescape.wiki/w/Exchange:Ruby_amulet_(unstrung)
Ruby bakriminel bolts,1000,https://runescape.wiki/w/Exchange:Ruby_bakriminel_bolts
Ruby bakriminel bolts (e),1000,https://runescape.wiki/w/Exchange:Ruby_bakriminel_bolts_(e)
Ruby bolt tips,10000,https://runescape.wiki/w/Exchange:Ruby_bolt_tips
Ruby bolts,10000,https://runescape.wiki/w/Exchange:Ruby_bolts
Ruby bolts (e),25000,https://runescape.wiki/w/Exchange:Ruby_bolts_(e)
Ruby bracelet,5000,https://runescape.wiki/w/Exchange:Ruby_bracelet
Ruby harvest jar,5000,https://runescape.wiki/w/Exchange:Ruby_harvest_jar
Ruby necklace,5000,https://runescape.wiki/w/Exchange:Ruby_necklace
Ruby ring,5000,https://runescape.wiki/w/Exchange:Ruby_ring
Rudolph necklace token,2,https://runescape.wiki/w/Exchange:Rudolph_necklace_token
Rue Bunny appearance token,2,https://runescape.wiki/w/Exchange:Rue_Bunny_appearance_token
Ruined dragon armour lump,10,https://runescape.wiki/w/Exchange:Ruined_dragon_armour_lump
Ruined dragon armour shard,10,https://runescape.wiki/w/Exchange:Ruined_dragon_armour_shard
Ruined dragon armour slice,10,https://runescape.wiki/w/Exchange:Ruined_dragon_armour_slice
Rune 2h crossbow,100,https://runescape.wiki/w/Exchange:Rune_2h_crossbow
Rune 2h sword,100,https://runescape.wiki/w/Exchange:Rune_2h_sword
Rune 2h sword + 1,100,https://runescape.wiki/w/Exchange:Rune_2h_sword_%2B_1
Rune 2h sword + 2,100,https://runescape.wiki/w/Exchange:Rune_2h_sword_%2B_2
Rune 2h sword + 3,100,https://runescape.wiki/w/Exchange:Rune_2h_sword_%2B_3
Rune Minotaur scroll (Rune Bull Rush),5000,https://runescape.wiki/w/Exchange:Rune_Minotaur_scroll_(Rune_Bull_Rush)
Rune armour set (lg),100,https://runescape.wiki/w/Exchange:Rune_armour_set_(lg)
Rune armour set (sk),100,https://runescape.wiki/w/Exchange:Rune_armour_set_(sk)
Rune armour set + 1 (lg),100,https://runescape.wiki/w/Exchange:Rune_armour_set_%2B_1_(lg)
Rune armour set + 1 (sk),100,https://runescape.wiki/w/Exchange:Rune_armour_set_%2B_1_(sk)
Rune armour set + 2 (lg),100,https://runescape.wiki/w/Exchange:Rune_armour_set_%2B_2_(lg)
Rune armour set + 2 (sk),100,https://runescape.wiki/w/Exchange:Rune_armour_set_%2B_2_(sk)
Rune armour set + 3 (lg),100,https://runescape.wiki/w/Exchange:Rune_armour_set_%2B_3_(lg)
Rune armour set + 3 (sk),100,https://runescape.wiki/w/Exchange:Rune_armour_set_%2B_3_(sk)
Rune armoured boots,100,https://runescape.wiki/w/Exchange:Rune_armoured_boots
Rune armoured boots + 1,100,https://runescape.wiki/w/Exchange:Rune_armoured_boots_%2B_1
Rune armoured boots + 2,100,https://runescape.wiki/w/Exchange:Rune_armoured_boots_%2B_2
Rune armoured boots + 3,100,https://runescape.wiki/w/Exchange:Rune_armoured_boots_%2B_3
Rune arrow,10000,https://runescape.wiki/w/Exchange:Rune_arrow
Rune arrowheads,100000,https://runescape.wiki/w/Exchange:Rune_arrowheads
Rune bar,10000,https://runescape.wiki/w/Exchange:Rune_bar
Rune battleaxe,100,https://runescape.wiki/w/Exchange:Rune_battleaxe
Rune battleaxe + 1,100,https://runescape.wiki/w/Exchange:Rune_battleaxe_%2B_1
Rune battleaxe + 2,100,https://runescape.wiki/w/Exchange:Rune_battleaxe_%2B_2
Rune battleaxe + 3,100,https://runescape.wiki/w/Exchange:Rune_battleaxe_%2B_3
Rune berserker shield 0,100,https://runescape.wiki/w/Exchange:Rune_berserker_shield_0
Rune bolts,10000,https://runescape.wiki/w/Exchange:Rune_bolts
Rune bolts (unf),10000,https://runescape.wiki/w/Exchange:Rune_bolts_(unf)
Rune brutal,1000,https://runescape.wiki/w/Exchange:Rune_brutal
Rune cane,2,https://runescape.wiki/w/Exchange:Rune_cane
Rune chainbody,100,https://runescape.wiki/w/Exchange:Rune_chainbody
Rune chainbody + 1,100,https://runescape.wiki/w/Exchange:Rune_chainbody_%2B_1
Rune chainbody + 2,100,https://runescape.wiki/w/Exchange:Rune_chainbody_%2B_2
Rune chainbody + 3,100,https://runescape.wiki/w/Exchange:Rune_chainbody_%2B_3
Rune claws,100,https://runescape.wiki/w/Exchange:Rune_claws
Rune claws + 1,100,https://runescape.wiki/w/Exchange:Rune_claws_%2B_1
Rune claws + 2,100,https://runescape.wiki/w/Exchange:Rune_claws_%2B_2
Rune claws + 3,100,https://runescape.wiki/w/Exchange:Rune_claws_%2B_3
Rune crossbow,100,https://runescape.wiki/w/Exchange:Rune_crossbow
Rune crossbow (unstrung),1000,https://runescape.wiki/w/Exchange:Rune_crossbow_(unstrung)
Rune dagger,100,https://runescape.wiki/w/Exchange:Rune_dagger
Rune dagger + 1,100,https://runescape.wiki/w/Exchange:Rune_dagger_%2B_1
Rune dagger + 2,100,https://runescape.wiki/w/Exchange:Rune_dagger_%2B_2
Rune dagger + 3,100,https://runescape.wiki/w/Exchange:Rune_dagger_%2B_3
Rune dart,1000,https://runescape.wiki/w/Exchange:Rune_dart
Rune dart tip,100000,https://runescape.wiki/w/Exchange:Rune_dart_tip
Rune dragon mask,2,https://runescape.wiki/w/Exchange:Rune_dragon_mask
Rune essence,25000,https://runescape.wiki/w/Exchange:Rune_essence
Rune fire arrows (lit),1000,https://runescape.wiki/w/Exchange:Rune_fire_arrows_(lit)
Rune fire arrows (unlit),1000,https://runescape.wiki/w/Exchange:Rune_fire_arrows_(unlit)
Rune full helm,100,https://runescape.wiki/w/Exchange:Rune_full_helm
Rune full helm (Ancient),2,https://runescape.wiki/w/Exchange:Rune_full_helm_(Ancient)
Rune full helm (Armadyl),2,https://runescape.wiki/w/Exchange:Rune_full_helm_(Armadyl)
Rune full helm (Bandos),2,https://runescape.wiki/w/Exchange:Rune_full_helm_(Bandos)
Rune full helm (Gilded),2,https://runescape.wiki/w/Exchange:Rune_full_helm_(Gilded)
Rune full helm (Guthix),2,https://runescape.wiki/w/Exchange:Rune_full_helm_(Guthix)
Rune full helm (Saradomin),2,https://runescape.wiki/w/Exchange:Rune_full_helm_(Saradomin)
Rune full helm (Zamorak),2,https://runescape.wiki/w/Exchange:Rune_full_helm_(Zamorak)
Rune full helm (g),2,https://runescape.wiki/w/Exchange:Rune_full_helm_(g)
Rune full helm (t),2,https://runescape.wiki/w/Exchange:Rune_full_helm_(t)
Rune full helm + 1,100,https://runescape.wiki/w/Exchange:Rune_full_helm_%2B_1
Rune full helm + 2,100,https://runescape.wiki/w/Exchange:Rune_full_helm_%2B_2
Rune full helm + 3,100,https://runescape.wiki/w/Exchange:Rune_full_helm_%2B_3
Rune gauntlets,100,https://runescape.wiki/w/Exchange:Rune_gauntlets
Rune gauntlets + 1,100,https://runescape.wiki/w/Exchange:Rune_gauntlets_%2B_1
Rune gauntlets + 2,100,https://runescape.wiki/w/Exchange:Rune_gauntlets_%2B_2
Rune gauntlets + 3,100,https://runescape.wiki/w/Exchange:Rune_gauntlets_%2B_3
Rune halberd,100,https://runescape.wiki/w/Exchange:Rune_halberd
Rune hasta,100,https://runescape.wiki/w/Exchange:Rune_hasta
Rune hatchet,1000,https://runescape.wiki/w/Exchange:Rune_hatchet
Rune helm (h1),50,https://runescape.wiki/w/Exchange:Rune_helm_(h1)
Rune helm (h2),50,https://runescape.wiki/w/Exchange:Rune_helm_(h2)
Rune helm (h3),50,https://runescape.wiki/w/Exchange:Rune_helm_(h3)
Rune helm (h4),50,https://runescape.wiki/w/Exchange:Rune_helm_(h4)
Rune helm (h5),50,https://runescape.wiki/w/Exchange:Rune_helm_(h5)
Rune javelin,1000,https://runescape.wiki/w/Exchange:Rune_javelin
Rune kiteshield,100,https://runescape.wiki/w/Exchange:Rune_kiteshield
Rune kiteshield (Ancient),2,https://runescape.wiki/w/Exchange:Rune_kiteshield_(Ancient)
Rune kiteshield (Armadyl),2,https://runescape.wiki/w/Exchange:Rune_kiteshield_(Armadyl)
Rune kiteshield (Bandos),2,https://runescape.wiki/w/Exchange:Rune_kiteshield_(Bandos)
Rune kiteshield (Gilded),2,https://runescape.wiki/w/Exchange:Rune_kiteshield_(Gilded)
Rune kiteshield (Guthix),2,https://runescape.wiki/w/Exchange:Rune_kiteshield_(Guthix)
Rune kiteshield (Saradomin),2,https://runescape.wiki/w/Exchange:Rune_kiteshield_(Saradomin)
Rune kiteshield (Zamorak),2,https://runescape.wiki/w/Exchange:Rune_kiteshield_(Zamorak)
Rune kiteshield (g),2,https://runescape.wiki/w/Exchange:Rune_kiteshield_(g)
Rune kiteshield (t),2,https://runescape.wiki/w/Exchange:Rune_kiteshield_(t)
Rune kiteshield + 1,100,https://runescape.wiki/w/Exchange:Rune_kiteshield_%2B_1
Rune kiteshield + 2,100,https://runescape.wiki/w/Exchange:Rune_kiteshield_%2B_2
Rune kiteshield + 3,100,https://runescape.wiki/w/Exchange:Rune_kiteshield_%2B_3
Rune knife,10000,https://runescape.wiki/w/Exchange:Rune_knife
Rune limbs,5000,https://runescape.wiki/w/Exchange:Rune_limbs
Rune longsword,100,https://runescape.wiki/w/Exchange:Rune_longsword
Rune longsword + 1,100,https://runescape.wiki/w/Exchange:Rune_longsword_%2B_1
Rune longsword + 2,100,https://runescape.wiki/w/Exchange:Rune_longsword_%2B_2
Rune longsword + 3,100,https://runescape.wiki/w/Exchange:Rune_longsword_%2B_3
Rune mace,100,https://runescape.wiki/w/Exchange:Rune_mace
Rune mace + 1,100,https://runescape.wiki/w/Exchange:Rune_mace_%2B_1
Rune mace + 2,100,https://runescape.wiki/w/Exchange:Rune_mace_%2B_2
Rune mace + 3,100,https://runescape.wiki/w/Exchange:Rune_mace_%2B_3
Rune mattock,100,https://runescape.wiki/w/Exchange:Rune_mattock
Rune med helm,100,https://runescape.wiki/w/Exchange:Rune_med_helm
Rune med helm + 1,100,https://runescape.wiki/w/Exchange:Rune_med_helm_%2B_1
Rune med helm + 2,100,https://runescape.wiki/w/Exchange:Rune_med_helm_%2B_2
Rune med helm + 3,100,https://runescape.wiki/w/Exchange:Rune_med_helm_%2B_3
Rune minotaur pouch,5000,https://runescape.wiki/w/Exchange:Rune_minotaur_pouch
Rune nails,10000,https://runescape.wiki/w/Exchange:Rune_nails
Rune off hand battleaxe,100,https://runescape.wiki/w/Exchange:Rune_off_hand_battleaxe
Rune off hand battleaxe + 1,100,https://runescape.wiki/w/Exchange:Rune_off_hand_battleaxe_%2B_1
Rune off hand battleaxe + 2,100,https://runescape.wiki/w/Exchange:Rune_off_hand_battleaxe_%2B_2
Rune off hand battleaxe + 3,100,https://runescape.wiki/w/Exchange:Rune_off_hand_battleaxe_%2B_3
Rune off hand claws,100,https://runescape.wiki/w/Exchange:Rune_off_hand_claws
Rune off hand claws + 1,100,https://runescape.wiki/w/Exchange:Rune_off_hand_claws_%2B_1
Rune off hand claws + 2,100,https://runescape.wiki/w/Exchange:Rune_off_hand_claws_%2B_2
Rune off hand claws + 3,100,https://runescape.wiki/w/Exchange:Rune_off_hand_claws_%2B_3
Rune off hand dagger,100,https://runescape.wiki/w/Exchange:Rune_off_hand_dagger
Rune off hand dagger + 1,100,https://runescape.wiki/w/Exchange:Rune_off_hand_dagger_%2B_1
Rune off hand dagger + 2,100,https://runescape.wiki/w/Exchange:Rune_off_hand_dagger_%2B_2
Rune off hand dagger + 3,100,https://runescape.wiki/w/Exchange:Rune_off_hand_dagger_%2B_3
Rune off hand longsword,100,https://runescape.wiki/w/Exchange:Rune_off_hand_longsword
Rune off hand longsword + 1,100,https://runescape.wiki/w/Exchange:Rune_off_hand_longsword_%2B_1
Rune off hand longsword + 2,100,https://runescape.wiki/w/Exchange:Rune_off_hand_longsword_%2B_2
Rune off hand longsword + 3,100,https://runescape.wiki/w/Exchange:Rune_off_hand_longsword_%2B_3
Rune off hand mace,100,https://runescape.wiki/w/Exchange:Rune_off_hand_mace
Rune off hand mace + 1,100,https://runescape.wiki/w/Exchange:Rune_off_hand_mace_%2B_1
Rune off hand mace + 2,100,https://runescape.wiki/w/Exchange:Rune_off_hand_mace_%2B_2
Rune off hand mace + 3,100,https://runescape.wiki/w/Exchange:Rune_off_hand_mace_%2B_3
Rune off hand scimitar,100,https://runescape.wiki/w/Exchange:Rune_off_hand_scimitar
Rune off hand scimitar + 1,100,https://runescape.wiki/w/Exchange:Rune_off_hand_scimitar_%2B_1
Rune off hand scimitar + 2,100,https://runescape.wiki/w/Exchange:Rune_off_hand_scimitar_%2B_2
Rune off hand scimitar + 3,100,https://runescape.wiki/w/Exchange:Rune_off_hand_scimitar_%2B_3
Rune off hand sword,100,https://runescape.wiki/w/Exchange:Rune_off_hand_sword
Rune off hand sword + 1,100,https://runescape.wiki/w/Exchange:Rune_off_hand_sword_%2B_1
Rune off hand sword + 2,100,https://runescape.wiki/w/Exchange:Rune_off_hand_sword_%2B_2
Rune off hand sword + 3,100,https://runescape.wiki/w/Exchange:Rune_off_hand_sword_%2B_3
Rune off hand warhammer,100,https://runescape.wiki/w/Exchange:Rune_off_hand_warhammer
Rune off hand warhammer + 1,100,https://runescape.wiki/w/Exchange:Rune_off_hand_warhammer_%2B_1
Rune off hand warhammer + 2,100,https://runescape.wiki/w/Exchange:Rune_off_hand_warhammer_%2B_2
Rune off hand warhammer + 3,100,https://runescape.wiki/w/Exchange:Rune_off_hand_warhammer_%2B_3
Rune ore box,100,https://runescape.wiki/w/Exchange:Rune_ore_box
Rune pickaxe,100,https://runescape.wiki/w/Exchange:Rune_pickaxe
Rune pickaxe + 1,100,https://runescape.wiki/w/Exchange:Rune_pickaxe_%2B_1
Rune pickaxe + 2,100,https://runescape.wiki/w/Exchange:Rune_pickaxe_%2B_2
Rune pickaxe + 3,100,https://runescape.wiki/w/Exchange:Rune_pickaxe_%2B_3
Rune platebody,100,https://runescape.wiki/w/Exchange:Rune_platebody
Rune platebody (Ancient),2,https://runescape.wiki/w/Exchange:Rune_platebody_(Ancient)
Rune platebody (Armadyl),2,https://runescape.wiki/w/Exchange:Rune_platebody_(Armadyl)
Rune platebody (Bandos),2,https://runescape.wiki/w/Exchange:Rune_platebody_(Bandos)
Rune platebody (Gilded),2,https://runescape.wiki/w/Exchange:Rune_platebody_(Gilded)
Rune platebody (Guthix),2,https://runescape.wiki/w/Exchange:Rune_platebody_(Guthix)
Rune platebody (Saradomin),2,https://runescape.wiki/w/Exchange:Rune_platebody_(Saradomin)
Rune platebody (Zamorak),2,https://runescape.wiki/w/Exchange:Rune_platebody_(Zamorak)
Rune platebody (g),2,https://runescape.wiki/w/Exchange:Rune_platebody_(g)
Rune platebody (h1),50,https://runescape.wiki/w/Exchange:Rune_platebody_(h1)
Rune platebody (h2),50,https://runescape.wiki/w/Exchange:Rune_platebody_(h2)
Rune platebody (h3),50,https://runescape.wiki/w/Exchange:Rune_platebody_(h3)
Rune platebody (h4),50,https://runescape.wiki/w/Exchange:Rune_platebody_(h4)
Rune platebody (h5),50,https://runescape.wiki/w/Exchange:Rune_platebody_(h5)
Rune platebody (t),2,https://runescape.wiki/w/Exchange:Rune_platebody_(t)
Rune platebody + 1,100,https://runescape.wiki/w/Exchange:Rune_platebody_%2B_1
Rune platebody + 2,100,https://runescape.wiki/w/Exchange:Rune_platebody_%2B_2
Rune platebody + 3,100,https://runescape.wiki/w/Exchange:Rune_platebody_%2B_3
Rune platelegs,100,https://runescape.wiki/w/Exchange:Rune_platelegs
Rune platelegs (Ancient),2,https://runescape.wiki/w/Exchange:Rune_platelegs_(Ancient)
Rune platelegs (Armadyl),2,https://runescape.wiki/w/Exchange:Rune_platelegs_(Armadyl)
Rune platelegs (Bandos),2,https://runescape.wiki/w/Exchange:Rune_platelegs_(Bandos)
Rune platelegs (Gilded),2,https://runescape.wiki/w/Exchange:Rune_platelegs_(Gilded)
Rune platelegs (Guthix),2,https://runescape.wiki/w/Exchange:Rune_platelegs_(Guthix)
Rune platelegs (Saradomin),2,https://runescape.wiki/w/Exchange:Rune_platelegs_(Saradomin)
Rune platelegs (Zamorak),2,https://runescape.wiki/w/Exchange:Rune_platelegs_(Zamorak)
Rune platelegs (g),2,https://runescape.wiki/w/Exchange:Rune_platelegs_(g)
Rune platelegs (h1),50,https://runescape.wiki/w/Exchange:Rune_platelegs_(h1)
Rune platelegs (h2),50,https://runescape.wiki/w/Exchange:Rune_platelegs_(h2)
Rune platelegs (h3),50,https://runescape.wiki/w/Exchange:Rune_platelegs_(h3)
Rune platelegs (h4),50,https://runescape.wiki/w/Exchange:Rune_platelegs_(h4)
Rune platelegs (h5),50,https://runescape.wiki/w/Exchange:Rune_platelegs_(h5)
Rune platelegs (t),2,https://runescape.wiki/w/Exchange:Rune_platelegs_(t)
Rune platelegs + 1,100,https://runescape.wiki/w/Exchange:Rune_platelegs_%2B_1
Rune platelegs + 2,100,https://runescape.wiki/w/Exchange:Rune_platelegs_%2B_2
Rune platelegs + 3,100,https://runescape.wiki/w/Exchange:Rune_platelegs_%2B_3
Rune plateskirt,100,https://runescape.wiki/w/Exchange:Rune_plateskirt
Rune plateskirt (Ancient),2,https://runescape.wiki/w/Exchange:Rune_plateskirt_(Ancient)
Rune plateskirt (Armadyl),2,https://runescape.wiki/w/Exchange:Rune_plateskirt_(Armadyl)
Rune plateskirt (Bandos),2,https://runescape.wiki/w/Exchange:Rune_plateskirt_(Bandos)
Rune plateskirt (Gilded),2,https://runescape.wiki/w/Exchange:Rune_plateskirt_(Gilded)
Rune plateskirt (Guthix),2,https://runescape.wiki/w/Exchange:Rune_plateskirt_(Guthix)
Rune plateskirt (Saradomin),2,https://runescape.wiki/w/Exchange:Rune_plateskirt_(Saradomin)
Rune plateskirt (Zamorak),2,https://runescape.wiki/w/Exchange:Rune_plateskirt_(Zamorak)
Rune plateskirt (g),2,https://runescape.wiki/w/Exchange:Rune_plateskirt_(g)
Rune plateskirt (h1),50,https://runescape.wiki/w/Exchange:Rune_plateskirt_(h1)
Rune plateskirt (h2),50,https://runescape.wiki/w/Exchange:Rune_plateskirt_(h2)
Rune plateskirt (h3),50,https://runescape.wiki/w/Exchange:Rune_plateskirt_(h3)
Rune plateskirt (h4),50,https://runescape.wiki/w/Exchange:Rune_plateskirt_(h4)
Rune plateskirt (h5),50,https://runescape.wiki/w/Exchange:Rune_plateskirt_(h5)
Rune plateskirt (t),2,https://runescape.wiki/w/Exchange:Rune_plateskirt_(t)
Rune plateskirt + 1,100,https://runescape.wiki/w/Exchange:Rune_plateskirt_%2B_1
Rune plateskirt + 2,100,https://runescape.wiki/w/Exchange:Rune_plateskirt_%2B_2
Rune plateskirt + 3,100,https://runescape.wiki/w/Exchange:Rune_plateskirt_%2B_3
Rune scimitar,100,https://runescape.wiki/w/Exchange:Rune_scimitar
Rune scimitar + 1,100,https://runescape.wiki/w/Exchange:Rune_scimitar_%2B_1
Rune scimitar + 2,100,https://runescape.wiki/w/Exchange:Rune_scimitar_%2B_2
Rune scimitar + 3,100,https://runescape.wiki/w/Exchange:Rune_scimitar_%2B_3
Rune shield (h1),50,https://runescape.wiki/w/Exchange:Rune_shield_(h1)
Rune shield (h2),50,https://runescape.wiki/w/Exchange:Rune_shield_(h2)
Rune shield (h3),50,https://runescape.wiki/w/Exchange:Rune_shield_(h3)
Rune shield (h4),50,https://runescape.wiki/w/Exchange:Rune_shield_(h4)
Rune shield (h5),50,https://runescape.wiki/w/Exchange:Rune_shield_(h5)
Rune spear,100,https://runescape.wiki/w/Exchange:Rune_spear
Rune spikeshield 0,100,https://runescape.wiki/w/Exchange:Rune_spikeshield_0
Rune square shield,100,https://runescape.wiki/w/Exchange:Rune_square_shield
Rune square shield + 1,100,https://runescape.wiki/w/Exchange:Rune_square_shield_%2B_1
Rune square shield + 2,100,https://runescape.wiki/w/Exchange:Rune_square_shield_%2B_2
Rune square shield + 3,100,https://runescape.wiki/w/Exchange:Rune_square_shield_%2B_3
Rune sword,100,https://runescape.wiki/w/Exchange:Rune_sword
Rune sword + 1,100,https://runescape.wiki/w/Exchange:Rune_sword_%2B_1
Rune sword + 2,100,https://runescape.wiki/w/Exchange:Rune_sword_%2B_2
Rune sword + 3,100,https://runescape.wiki/w/Exchange:Rune_sword_%2B_3
Rune throwing axe,1000,https://runescape.wiki/w/Exchange:Rune_throwing_axe
Rune warhammer,100,https://runescape.wiki/w/Exchange:Rune_warhammer
Rune warhammer + 1,100,https://runescape.wiki/w/Exchange:Rune_warhammer_%2B_1
Rune warhammer + 2,100,https://runescape.wiki/w/Exchange:Rune_warhammer_%2B_2
Rune warhammer + 3,100,https://runescape.wiki/w/Exchange:Rune_warhammer_%2B_3
Runecrafting flask (6),1000,https://runescape.wiki/w/Exchange:Runecrafting_flask_(6)
Runecrafting potion (1),1000,https://runescape.wiki/w/Exchange:Runecrafting_potion_(1)
Runecrafting potion (2),1000,https://runescape.wiki/w/Exchange:Runecrafting_potion_(2)
Runecrafting potion (3),1000,https://runescape.wiki/w/Exchange:Runecrafting_potion_(3)
Runecrafting potion (4),1000,https://runescape.wiki/w/Exchange:Runecrafting_potion_(4)
Runic attuner,2,https://runescape.wiki/w/Exchange:Runic_attuner
Runite ore,25000,https://runescape.wiki/w/Exchange:Runite_ore
Runite stone spirit,25000,https://runescape.wiki/w/Exchange:Runite_stone_spirit
Running Scared Walk Override Token,2,https://runescape.wiki/w/Exchange:Running_Scared_Walk_Override_Token
Runny honeycomb,5000,https://runescape.wiki/w/Exchange:Runny_honeycomb
Sack of effigies,5,https://runescape.wiki/w/Exchange:Sack_of_effigies
Sacred oil (1),1000,https://runescape.wiki/w/Exchange:Sacred_oil_(1)
Sacred oil (2),1000,https://runescape.wiki/w/Exchange:Sacred_oil_(2)
Sacred oil (3),1000,https://runescape.wiki/w/Exchange:Sacred_oil_(3)
Sacred oil (4),1000,https://runescape.wiki/w/Exchange:Sacred_oil_(4)
Sagaie,1000,https://runescape.wiki/w/Exchange:Sagaie
Sailfish,10000,https://runescape.wiki/w/Exchange:Sailfish
Sailfish soup,10000,https://runescape.wiki/w/Exchange:Sailfish_soup
Salmon,10000,https://runescape.wiki/w/Exchange:Salmon
Saltwater mud,5000,https://runescape.wiki/w/Exchange:Saltwater_mud
Samaden potion (unfinished),1000,https://runescape.wiki/w/Exchange:Samaden_potion_(unfinished)
Sameowrai's bow token,25,https://runescape.wiki/w/Exchange:Sameowrai%27s_bow_token
Sameowrai's breastplate token,25,https://runescape.wiki/w/Exchange:Sameowrai%27s_breastplate_token
Sameowrai's cata-nya token,25,https://runescape.wiki/w/Exchange:Sameowrai%27s_cata-nya_token
Sameowrai's faulds token,25,https://runescape.wiki/w/Exchange:Sameowrai%27s_faulds_token
Sameowrai's gauntlets token,25,https://runescape.wiki/w/Exchange:Sameowrai%27s_gauntlets_token
Sameowrai's helmet token,25,https://runescape.wiki/w/Exchange:Sameowrai%27s_helmet_token
Sameowrai's tabi token,25,https://runescape.wiki/w/Exchange:Sameowrai%27s_tabi_token
Samite silk,5000,https://runescape.wiki/w/Exchange:Samite_silk
Sample bottle,100,https://runescape.wiki/w/Exchange:Sample_bottle
Samurai kasa,2,https://runescape.wiki/w/Exchange:Samurai_kasa
Sana's fyrtorch,10,https://runescape.wiki/w/Exchange:Sana%27s_fyrtorch
Sand dive teleport token,2,https://runescape.wiki/w/Exchange:Sand_dive_teleport_token
Sand dunk resting emote token,2,https://runescape.wiki/w/Exchange:Sand_dunk_resting_emote_token
Sandcastle companion pet token,2,https://runescape.wiki/w/Exchange:Sandcastle_companion_pet_token
Sandstone (10kg),10000,https://runescape.wiki/w/Exchange:Sandstone_(10kg)
Sandstone (1kg),10000,https://runescape.wiki/w/Exchange:Sandstone_(1kg)
Sandstone (2kg),10000,https://runescape.wiki/w/Exchange:Sandstone_(2kg)
Sandstone (5kg),10000,https://runescape.wiki/w/Exchange:Sandstone_(5kg)
Sandy 2h sword override token,2,https://runescape.wiki/w/Exchange:Sandy_2h_sword_override_token
Sandy club override token,2,https://runescape.wiki/w/Exchange:Sandy_club_override_token
Sandy maul override token,2,https://runescape.wiki/w/Exchange:Sandy_maul_override_token
Sandy sandwich rest override token,2,https://runescape.wiki/w/Exchange:Sandy_sandwich_rest_override_token
Sanfew serum (1),100,https://runescape.wiki/w/Exchange:Sanfew_serum_(1)
Sanfew serum (2),100,https://runescape.wiki/w/Exchange:Sanfew_serum_(2)
Sanfew serum (3),100,https://runescape.wiki/w/Exchange:Sanfew_serum_(3)
Sanfew serum (4),100,https://runescape.wiki/w/Exchange:Sanfew_serum_(4)
Sanfew serum flask (6),1000,https://runescape.wiki/w/Exchange:Sanfew_serum_flask_(6)
Sanguine spines,10000,https://runescape.wiki/w/Exchange:Sanguine_spines
Santa claws token,2,https://runescape.wiki/w/Exchange:Santa_claws_token
Santa costume boots (green),2,https://runescape.wiki/w/Exchange:Santa_costume_boots_(green)
Santa costume gloves (green),2,https://runescape.wiki/w/Exchange:Santa_costume_gloves_(green)
Santa costume legs (green),2,https://runescape.wiki/w/Exchange:Santa_costume_legs_(green)
Santa costume top (green),2,https://runescape.wiki/w/Exchange:Santa_costume_top_(green)
Santa hat,2,https://runescape.wiki/w/Exchange:Santa_hat
Santa paws token,25,https://runescape.wiki/w/Exchange:Santa_paws_token
Sapphire,5000,https://runescape.wiki/w/Exchange:Sapphire
Sapphire amulet,5000,https://runescape.wiki/w/Exchange:Sapphire_amulet
Sapphire amulet (unstrung),5000,https://runescape.wiki/w/Exchange:Sapphire_amulet_(unstrung)
Sapphire bakriminel bolts,1000,https://runescape.wiki/w/Exchange:Sapphire_bakriminel_bolts
Sapphire bakriminel bolts (e),1000,https://runescape.wiki/w/Exchange:Sapphire_bakriminel_bolts_(e)
Sapphire bolt tips,10000,https://runescape.wiki/w/Exchange:Sapphire_bolt_tips
Sapphire bolts,10000,https://runescape.wiki/w/Exchange:Sapphire_bolts
Sapphire bolts (e),25000,https://runescape.wiki/w/Exchange:Sapphire_bolts_(e)
Sapphire bracelet,5000,https://runescape.wiki/w/Exchange:Sapphire_bracelet
Sapphire glacialis jar,5000,https://runescape.wiki/w/Exchange:Sapphire_glacialis_jar
Sapphire necklace,5000,https://runescape.wiki/w/Exchange:Sapphire_necklace
Sapphire ring,5000,https://runescape.wiki/w/Exchange:Sapphire_ring
Saradomin arrows,1000,https://runescape.wiki/w/Exchange:Saradomin_arrows
Saradomin bow,2,https://runescape.wiki/w/Exchange:Saradomin_bow
Saradomin brew (1),1000,https://runescape.wiki/w/Exchange:Saradomin_brew_(1)
Saradomin brew (2),1000,https://runescape.wiki/w/Exchange:Saradomin_brew_(2)
Saradomin brew (3),1000,https://runescape.wiki/w/Exchange:Saradomin_brew_(3)
Saradomin brew (4),1000,https://runescape.wiki/w/Exchange:Saradomin_brew_(4)
Saradomin brew flask (6),1000,https://runescape.wiki/w/Exchange:Saradomin_brew_flask_(6)
Saradomin cloak,2,https://runescape.wiki/w/Exchange:Saradomin_cloak
Saradomin crozier,2,https://runescape.wiki/w/Exchange:Saradomin_crozier
Saradomin godsword,10,https://runescape.wiki/w/Exchange:Saradomin_godsword
Saradomin hilt,10,https://runescape.wiki/w/Exchange:Saradomin_hilt
Saradomin hilt shard,1200,https://runescape.wiki/w/Exchange:Saradomin_hilt_shard
Saradomin mitre,2,https://runescape.wiki/w/Exchange:Saradomin_mitre
Saradomin mjolnir,100,https://runescape.wiki/w/Exchange:Saradomin_mjolnir
Saradomin page 1,10,https://runescape.wiki/w/Exchange:Saradomin_page_1
Saradomin page 2,10,https://runescape.wiki/w/Exchange:Saradomin_page_2
Saradomin page 3,10,https://runescape.wiki/w/Exchange:Saradomin_page_3
Saradomin page 4,10,https://runescape.wiki/w/Exchange:Saradomin_page_4
Saradomin robe legs,2,https://runescape.wiki/w/Exchange:Saradomin_robe_legs
Saradomin robe top,2,https://runescape.wiki/w/Exchange:Saradomin_robe_top
Saradomin stole,2,https://runescape.wiki/w/Exchange:Saradomin_stole
Saradomin sword,10,https://runescape.wiki/w/Exchange:Saradomin_sword
Saradomin sword shard,1200,https://runescape.wiki/w/Exchange:Saradomin_sword_shard
Saradomin's blessing (1),1000,https://runescape.wiki/w/Exchange:Saradomin%27s_blessing_(1)
Saradomin's blessing (2),1000,https://runescape.wiki/w/Exchange:Saradomin%27s_blessing_(2)
Saradomin's blessing (3),1000,https://runescape.wiki/w/Exchange:Saradomin%27s_blessing_(3)
Saradomin's blessing (4),1000,https://runescape.wiki/w/Exchange:Saradomin%27s_blessing_(4)
Saradomin's blessing flask (6),100,https://runescape.wiki/w/Exchange:Saradomin%27s_blessing_flask_(6)
Saradomin's hiss,1,https://runescape.wiki/w/Exchange:Saradomin%27s_hiss
Saradomin's hiss shard,120,https://runescape.wiki/w/Exchange:Saradomin%27s_hiss_shard
Saradomin's murmur,1,https://runescape.wiki/w/Exchange:Saradomin%27s_murmur
Saradomin's murmur shard,120,https://runescape.wiki/w/Exchange:Saradomin%27s_murmur_shard
Saradomin's whisper,1,https://runescape.wiki/w/Exchange:Saradomin%27s_whisper
Saradomin's whisper shard,120,https://runescape.wiki/w/Exchange:Saradomin%27s_whisper_shard
Saratrice egg,5000,https://runescape.wiki/w/Exchange:Saratrice_egg
Sardine,10000,https://runescape.wiki/w/Exchange:Sardine
Savage plume,2,https://runescape.wiki/w/Exchange:Savage_plume
Savage spear cap,2,https://runescape.wiki/w/Exchange:Savage_spear_cap
Savage spear shaft,2,https://runescape.wiki/w/Exchange:Savage_spear_shaft
Savage spear tip,2,https://runescape.wiki/w/Exchange:Savage_spear_tip
Saw,100,https://runescape.wiki/w/Exchange:Saw
Scare Tactics,10,https://runescape.wiki/w/Exchange:Scare_Tactics
Scentless flask (6),100,https://runescape.wiki/w/Exchange:Scentless_flask_(6)
Scentless potion (1),1000,https://runescape.wiki/w/Exchange:Scentless_potion_(1)
Scentless potion (2),1000,https://runescape.wiki/w/Exchange:Scentless_potion_(2)
Scentless potion (3),1000,https://runescape.wiki/w/Exchange:Scentless_potion_(3)
Scentless potion (4),1000,https://runescape.wiki/w/Exchange:Scentless_potion_(4)
Sceptre of enchantment (tradeable),100,https://runescape.wiki/w/Exchange:Sceptre_of_enchantment_(tradeable)
Scimitops (unchecked),100,https://runescape.wiki/w/Exchange:Scimitops_(unchecked)
Scimitops blavum (unchecked),100,https://runescape.wiki/w/Exchange:Scimitops_blavum_(unchecked)
Scimitops meat,1000,https://runescape.wiki/w/Exchange:Scimitops_meat
Scimitops palus (unchecked),100,https://runescape.wiki/w/Exchange:Scimitops_palus_(unchecked)
Scrambled egg,1000,https://runescape.wiki/w/Exchange:Scrambled_egg
Scrimshaw of aggression (inactive),100,https://runescape.wiki/w/Exchange:Scrimshaw_of_aggression_(inactive)
Scrimshaw of attack,5,https://runescape.wiki/w/Exchange:Scrimshaw_of_attack
Scrimshaw of corruption (inactive),100,https://runescape.wiki/w/Exchange:Scrimshaw_of_corruption_(inactive)
Scrimshaw of cruelty,5,https://runescape.wiki/w/Exchange:Scrimshaw_of_cruelty
Scrimshaw of magic,5,https://runescape.wiki/w/Exchange:Scrimshaw_of_magic
Scrimshaw of ranging,5,https://runescape.wiki/w/Exchange:Scrimshaw_of_ranging
Scrimshaw of sacrifice (inactive),100,https://runescape.wiki/w/Exchange:Scrimshaw_of_sacrifice_(inactive)
Scrimshaw of the elements,5,https://runescape.wiki/w/Exchange:Scrimshaw_of_the_elements
Scrimshaw of vampyrism,5,https://runescape.wiki/w/Exchange:Scrimshaw_of_vampyrism
Scripture of Amascut,10,https://runescape.wiki/w/Exchange:Scripture_of_Amascut
Scripture of Bik,10,https://runescape.wiki/w/Exchange:Scripture_of_Bik
Scripture of Elidinis,10,https://runescape.wiki/w/Exchange:Scripture_of_Elidinis
Scripture of Ful,10,https://runescape.wiki/w/Exchange:Scripture_of_Ful
Scripture of Jas,10,https://runescape.wiki/w/Exchange:Scripture_of_Jas
Scripture of Wen,10,https://runescape.wiki/w/Exchange:Scripture_of_Wen
Scurvy the cannon pet token,2,https://runescape.wiki/w/Exchange:Scurvy_the_cannon_pet_token
Sea turtle,10000,https://runescape.wiki/w/Exchange:Sea_turtle
Sea turtle bait,100,https://runescape.wiki/w/Exchange:Sea_turtle_bait
Seahorse Balloon,2,https://runescape.wiki/w/Exchange:Seahorse_Balloon
Seahorse follower pet token,2,https://runescape.wiki/w/Exchange:Seahorse_follower_pet_token
Sealed large rune pouch,2,https://runescape.wiki/w/Exchange:Sealed_large_rune_pouch
Sealed large rune pouch (black),2,https://runescape.wiki/w/Exchange:Sealed_large_rune_pouch_(black)
Sealed large rune pouch (blue),2,https://runescape.wiki/w/Exchange:Sealed_large_rune_pouch_(blue)
Sealed large rune pouch (green),2,https://runescape.wiki/w/Exchange:Sealed_large_rune_pouch_(green)
Sealed large rune pouch (orange),2,https://runescape.wiki/w/Exchange:Sealed_large_rune_pouch_(orange)
Sealed large rune pouch (pink),2,https://runescape.wiki/w/Exchange:Sealed_large_rune_pouch_(pink)
Sealed large rune pouch (purple),2,https://runescape.wiki/w/Exchange:Sealed_large_rune_pouch_(purple)
Sealed large rune pouch (red),2,https://runescape.wiki/w/Exchange:Sealed_large_rune_pouch_(red)
Sealed large rune pouch (yellow),2,https://runescape.wiki/w/Exchange:Sealed_large_rune_pouch_(yellow)
Searing ashes,5000,https://runescape.wiki/w/Exchange:Searing_ashes
Seashell Necklace token,2,https://runescape.wiki/w/Exchange:Seashell_Necklace_token
Seasinger weapon upgrade kit,2,https://runescape.wiki/w/Exchange:Seasinger_weapon_upgrade_kit
Seasinger's hood,2,https://runescape.wiki/w/Exchange:Seasinger%27s_hood
Seasinger's robe bottom,2,https://runescape.wiki/w/Exchange:Seasinger%27s_robe_bottom
Seasinger's robe top,2,https://runescape.wiki/w/Exchange:Seasinger%27s_robe_top
Seaweed,10000,https://runescape.wiki/w/Exchange:Seaweed
Secateurs,100,https://runescape.wiki/w/Exchange:Secateurs
Second-Age bow,2,https://runescape.wiki/w/Exchange:Second-Age_bow
Second-Age full helm,2,https://runescape.wiki/w/Exchange:Second-Age_full_helm
Second-Age mage mask,2,https://runescape.wiki/w/Exchange:Second-Age_mage_mask
Second-Age platebody,2,https://runescape.wiki/w/Exchange:Second-Age_platebody
Second-Age platelegs,2,https://runescape.wiki/w/Exchange:Second-Age_platelegs
Second-Age range coif,2,https://runescape.wiki/w/Exchange:Second-Age_range_coif
Second-Age range legs,2,https://runescape.wiki/w/Exchange:Second-Age_range_legs
Second-Age range top,2,https://runescape.wiki/w/Exchange:Second-Age_range_top
Second-Age robe bottom,2,https://runescape.wiki/w/Exchange:Second-Age_robe_bottom
Second-Age robe top,2,https://runescape.wiki/w/Exchange:Second-Age_robe_top
Second-Age staff,2,https://runescape.wiki/w/Exchange:Second-Age_staff
Second-Age sword,2,https://runescape.wiki/w/Exchange:Second-Age_sword
Security book,100,https://runescape.wiki/w/Exchange:Security_book
Seed dibber,100,https://runescape.wiki/w/Exchange:Seed_dibber
Seeker's charm,100,https://runescape.wiki/w/Exchange:Seeker%27s_charm
Seercull,10,https://runescape.wiki/w/Exchange:Seercull
Seers' ring,10,https://runescape.wiki/w/Exchange:Seers%27_ring
Seers' ring shard,1200,https://runescape.wiki/w/Exchange:Seers%27_ring_shard
Seismic singularity,1,https://runescape.wiki/w/Exchange:Seismic_singularity
Seismic singularity shard,120,https://runescape.wiki/w/Exchange:Seismic_singularity_shard
Seismic wand,1,https://runescape.wiki/w/Exchange:Seismic_wand
Seismic wand shard,120,https://runescape.wiki/w/Exchange:Seismic_wand_shard
Selfie! emote token,2,https://runescape.wiki/w/Exchange:Selfie!_emote_token
Senntisten teleport (item),1000,https://runescape.wiki/w/Exchange:Senntisten_teleport_(item)
Seren godbow,2,https://runescape.wiki/w/Exchange:Seren_godbow
Serenic essence,100,https://runescape.wiki/w/Exchange:Serenic_essence
Shade thrower rest override token,2,https://runescape.wiki/w/Exchange:Shade_thrower_rest_override_token
Shadow Creature Wildcard,500,https://runescape.wiki/w/Exchange:Shadow_Creature_Wildcard
Shadow Gem Pernix Token,2,https://runescape.wiki/w/Exchange:Shadow_Gem_Pernix_Token
Shadow dye,2,https://runescape.wiki/w/Exchange:Shadow_dye
Shadow gem cape token,2,https://runescape.wiki/w/Exchange:Shadow_gem_cape_token
Shadow gem crown token,2,https://runescape.wiki/w/Exchange:Shadow_gem_crown_token
Shadow gem helm token,2,https://runescape.wiki/w/Exchange:Shadow_gem_helm_token
Shadow gem magic weapon token,2,https://runescape.wiki/w/Exchange:Shadow_gem_magic_weapon_token
Shadow gem melee weapon token,2,https://runescape.wiki/w/Exchange:Shadow_gem_melee_weapon_token
Shadow gem necklace token,2,https://runescape.wiki/w/Exchange:Shadow_gem_necklace_token
Shadow gem ranged weapon token,2,https://runescape.wiki/w/Exchange:Shadow_gem_ranged_weapon_token
Shadow gem sack token,2,https://runescape.wiki/w/Exchange:Shadow_gem_sack_token
Shadow glaive,2,https://runescape.wiki/w/Exchange:Shadow_glaive
Shadow glaive shard,240,https://runescape.wiki/w/Exchange:Shadow_glaive_shard
Shadow jadinko (unchecked),100,https://runescape.wiki/w/Exchange:Shadow_jadinko_(unchecked)
Shadow nihil pouch,5000,https://runescape.wiki/w/Exchange:Shadow_nihil_pouch
Shadow spike,3,https://runescape.wiki/w/Exchange:Shadow_spike
Shadowstep aura override token,100,https://runescape.wiki/w/Exchange:Shadowstep_aura_override_token
Shadowy egg,2,https://runescape.wiki/w/Exchange:Shadowy_egg
Shaikahan bones,100,https://runescape.wiki/w/Exchange:Shaikahan_bones
Shamini Bunny appearance token,2,https://runescape.wiki/w/Exchange:Shamini_Bunny_appearance_token
Shard of Genesis Essence,10,https://runescape.wiki/w/Exchange:Shard_of_Genesis_Essence
Shard of chaos weapon token,100,https://runescape.wiki/w/Exchange:Shard_of_chaos_weapon_token
Shard of despite weapon token,100,https://runescape.wiki/w/Exchange:Shard_of_despite_weapon_token
Shard of energy weapon token,100,https://runescape.wiki/w/Exchange:Shard_of_energy_weapon_token
Shard of havoc weapon token,100,https://runescape.wiki/w/Exchange:Shard_of_havoc_weapon_token
Shard of malice weapon token,100,https://runescape.wiki/w/Exchange:Shard_of_malice_weapon_token
Shard of suffering weapon token,100,https://runescape.wiki/w/Exchange:Shard_of_suffering_weapon_token
Shark,10000,https://runescape.wiki/w/Exchange:Shark
Shark bait token,2,https://runescape.wiki/w/Exchange:Shark_bait_token
Shark fin token,2,https://runescape.wiki/w/Exchange:Shark_fin_token
Shark jawbone,100,https://runescape.wiki/w/Exchange:Shark_jawbone
Sharp shell shard,30000,https://runescape.wiki/w/Exchange:Sharp_shell_shard
Sharpening stone,100,https://runescape.wiki/w/Exchange:Sharpening_stone
Shaving stand (flatpack),100,https://runescape.wiki/w/Exchange:Shaving_stand_(flatpack)
Shears,100,https://runescape.wiki/w/Exchange:Shears
Sheep mask,2,https://runescape.wiki/w/Exchange:Sheep_mask
Shengo potion (unfinished),1000,https://runescape.wiki/w/Exchange:Shengo_potion_(unfinished)
Shield left half,10,https://runescape.wiki/w/Exchange:Shield_left_half
Shield right half,10,https://runescape.wiki/w/Exchange:Shield_right_half
Shieldbow,5000,https://runescape.wiki/w/Exchange:Shieldbow
Shieldbow (unstrung),10000,https://runescape.wiki/w/Exchange:Shieldbow_(unstrung)
Shimmering honeycomb,100,https://runescape.wiki/w/Exchange:Shimmering_honeycomb
Shinigami orokami mask,100,https://runescape.wiki/w/Exchange:Shinigami_orokami_mask
Ship figurehead,100,https://runescape.wiki/w/Exchange:Ship_figurehead
Shirt (brown),100,https://runescape.wiki/w/Exchange:Shirt_(brown)
Shirt (lilac),100,https://runescape.wiki/w/Exchange:Shirt_(lilac)
Shirt (tan),100,https://runescape.wiki/w/Exchange:Shirt_(tan)
Shock Barricade cosmetic ability scroll,2,https://runescape.wiki/w/Exchange:Shock_Barricade_cosmetic_ability_scroll
Shoe box (flatpack),100,https://runescape.wiki/w/Exchange:Shoe_box_(flatpack)
Short Green Guy,500,https://runescape.wiki/w/Exchange:Short_Green_Guy
Shortbow,5000,https://runescape.wiki/w/Exchange:Shortbow
Shortbow (unstrung),10000,https://runescape.wiki/w/Exchange:Shortbow_(unstrung)
Shorts (blue),100,https://runescape.wiki/w/Exchange:Shorts_(blue)
Shorts (brown),100,https://runescape.wiki/w/Exchange:Shorts_(brown)
Shorts (tan),100,https://runescape.wiki/w/Exchange:Shorts_(tan)
Shovel sword override token,2,https://runescape.wiki/w/Exchange:Shovel_sword_override_token
Shrimps,10000,https://runescape.wiki/w/Exchange:Shrimps
Shrouded Veil token,100,https://runescape.wiki/w/Exchange:Shrouded_Veil_token
Shrunk ogleroot,100,https://runescape.wiki/w/Exchange:Shrunk_ogleroot
Sickle mould,100,https://runescape.wiki/w/Exchange:Sickle_mould
Sifu Bunny appearance token,2,https://runescape.wiki/w/Exchange:Sifu_Bunny_appearance_token
Sign of death,100,https://runescape.wiki/w/Exchange:Sign_of_death
Sign of item protection,100,https://runescape.wiki/w/Exchange:Sign_of_item_protection
Sign of life,100,https://runescape.wiki/w/Exchange:Sign_of_life
Sign of respite I,100,https://runescape.wiki/w/Exchange:Sign_of_respite_I
Sign of respite II,100,https://runescape.wiki/w/Exchange:Sign_of_respite_II
Sign of respite III,100,https://runescape.wiki/w/Exchange:Sign_of_respite_III
Silk,100,https://runescape.wiki/w/Exchange:Silk
Silver bar,10000,https://runescape.wiki/w/Exchange:Silver_bar
Silver bolts,10000,https://runescape.wiki/w/Exchange:Silver_bolts
Silver bolts (unf),10000,https://runescape.wiki/w/Exchange:Silver_bolts_(unf)
Silver dust,1000,https://runescape.wiki/w/Exchange:Silver_dust
Silver ore,25000,https://runescape.wiki/w/Exchange:Silver_ore
Silver sickle,100,https://runescape.wiki/w/Exchange:Silver_sickle
Silver spines,10000,https://runescape.wiki/w/Exchange:Silver_spines
Silver stone spirit,25000,https://runescape.wiki/w/Exchange:Silver_stone_spirit
Silverhawk feathers,250,https://runescape.wiki/w/Exchange:Silverhawk_feathers
Sinew,1000,https://runescape.wiki/w/Exchange:Sinew
Sinister key,100,https://runescape.wiki/w/Exchange:Sinister_key
Sirenic chaps,2,https://runescape.wiki/w/Exchange:Sirenic_chaps
Sirenic essence,100,https://runescape.wiki/w/Exchange:Sirenic_essence
Sirenic hauberk,2,https://runescape.wiki/w/Exchange:Sirenic_hauberk
Sirenic mask,2,https://runescape.wiki/w/Exchange:Sirenic_mask
Sirenic scale,100,https://runescape.wiki/w/Exchange:Sirenic_scale
Skeka's hypnowand,2,https://runescape.wiki/w/Exchange:Skeka%27s_hypnowand
Skeka's hypnowand base,2,https://runescape.wiki/w/Exchange:Skeka%27s_hypnowand_base
Skeka's hypnowand focus,2,https://runescape.wiki/w/Exchange:Skeka%27s_hypnowand_focus
Skeka's hypnowand handle,2,https://runescape.wiki/w/Exchange:Skeka%27s_hypnowand_handle
Skeka's hypnowand projector,2,https://runescape.wiki/w/Exchange:Skeka%27s_hypnowand_projector
Skeletal armour set,100,https://runescape.wiki/w/Exchange:Skeletal_armour_set
Skeletal bear pet token,25,https://runescape.wiki/w/Exchange:Skeletal_bear_pet_token
Skeletal boots,100,https://runescape.wiki/w/Exchange:Skeletal_boots
Skeletal bottoms,100,https://runescape.wiki/w/Exchange:Skeletal_bottoms
Skeletal gloves,100,https://runescape.wiki/w/Exchange:Skeletal_gloves
Skeletal helm,100,https://runescape.wiki/w/Exchange:Skeletal_helm
Skeletal top,100,https://runescape.wiki/w/Exchange:Skeletal_top
Skewer,100,https://runescape.wiki/w/Exchange:Skewer
Skewer stick,1000,https://runescape.wiki/w/Exchange:Skewer_stick
Skewered beast,1000,https://runescape.wiki/w/Exchange:Skewered_beast
Skewered bird meat,1000,https://runescape.wiki/w/Exchange:Skewered_bird_meat
Skewered chompy,1000,https://runescape.wiki/w/Exchange:Skewered_chompy
Skewered kebab,1000,https://runescape.wiki/w/Exchange:Skewered_kebab
Skewered rabbit,1000,https://runescape.wiki/w/Exchange:Skewered_rabbit
Skills necklace,500,https://runescape.wiki/w/Exchange:Skills_necklace
Skills necklace (4),500,https://runescape.wiki/w/Exchange:Skills_necklace_(4)
Skirt (blue),100,https://runescape.wiki/w/Exchange:Skirt_(blue)
Skirt (brown),100,https://runescape.wiki/w/Exchange:Skirt_(brown)
Skirt (lilac),100,https://runescape.wiki/w/Exchange:Skirt_(lilac)
Skull lantern (tier 20),100,https://runescape.wiki/w/Exchange:Skull_lantern_(tier_20)
Skull lantern (tier 30),100,https://runescape.wiki/w/Exchange:Skull_lantern_(tier_30)
Skull lantern (tier 40),100,https://runescape.wiki/w/Exchange:Skull_lantern_(tier_40)
Skull lantern (tier 50),100,https://runescape.wiki/w/Exchange:Skull_lantern_(tier_50)
Skull lantern (tier 60),100,https://runescape.wiki/w/Exchange:Skull_lantern_(tier_60)
Skull lantern (tier 70),100,https://runescape.wiki/w/Exchange:Skull_lantern_(tier_70)
Skull lantern (tier 80),100,https://runescape.wiki/w/Exchange:Skull_lantern_(tier_80)
Skull lantern (tier 90),100,https://runescape.wiki/w/Exchange:Skull_lantern_(tier_90)
Skull piece,100,https://runescape.wiki/w/Exchange:Skull_piece
Sky-blue poison frog (unchecked),100,https://runescape.wiki/w/Exchange:Sky-blue_poison_frog_(unchecked)
Slayer Wildcard,500,https://runescape.wiki/w/Exchange:Slayer_Wildcard
Slayer bell,100,https://runescape.wiki/w/Exchange:Slayer_bell
Slayer respite (m1),100,https://runescape.wiki/w/Exchange:Slayer_respite_(m1)
Slayer respite (m2),100,https://runescape.wiki/w/Exchange:Slayer_respite_(m2)
Slayer respite (m3),100,https://runescape.wiki/w/Exchange:Slayer_respite_(m3)
Slayer respite (m4),100,https://runescape.wiki/w/Exchange:Slayer_respite_(m4)
Slayer's respite,100,https://runescape.wiki/w/Exchange:Slayer%27s_respite
Slayer's respite (1),100,https://runescape.wiki/w/Exchange:Slayer%27s_respite_(1)
Slayer's respite (2),100,https://runescape.wiki/w/Exchange:Slayer%27s_respite_(2)
Slayer's respite (3),100,https://runescape.wiki/w/Exchange:Slayer%27s_respite_(3)
Slayer's respite (4),100,https://runescape.wiki/w/Exchange:Slayer%27s_respite_(4)
Slayer's respite (m),100,https://runescape.wiki/w/Exchange:Slayer%27s_respite_(m)
Slayer's staff,100,https://runescape.wiki/w/Exchange:Slayer%27s_staff
Sleeping cap,2,https://runescape.wiki/w/Exchange:Sleeping_cap
Slice of bacon cheesecake,1000,https://runescape.wiki/w/Exchange:Slice_of_bacon_cheesecake
Slice of cake,1000,https://runescape.wiki/w/Exchange:Slice_of_cake
Slice of cheesecake,1000,https://runescape.wiki/w/Exchange:Slice_of_cheesecake
Slice of chocolate cheesecake,1000,https://runescape.wiki/w/Exchange:Slice_of_chocolate_cheesecake
Slice of lemon cheesecake,1000,https://runescape.wiki/w/Exchange:Slice_of_lemon_cheesecake
Slice of strawberry cheesecake,1000,https://runescape.wiki/w/Exchange:Slice_of_strawberry_cheesecake
Slice of vanilla cheesecake,1000,https://runescape.wiki/w/Exchange:Slice_of_vanilla_cheesecake
Sliced banana,100,https://runescape.wiki/w/Exchange:Sliced_banana
Sliced mushrooms,1000,https://runescape.wiki/w/Exchange:Sliced_mushrooms
Slimy eel,1000,https://runescape.wiki/w/Exchange:Slimy_eel
Sliskean essence,100,https://runescape.wiki/w/Exchange:Sliskean_essence
Small bladed adamant salvage,25000,https://runescape.wiki/w/Exchange:Small_bladed_adamant_salvage
Small bladed bronze salvage,25000,https://runescape.wiki/w/Exchange:Small_bladed_bronze_salvage
Small bladed iron salvage,25000,https://runescape.wiki/w/Exchange:Small_bladed_iron_salvage
Small bladed mithril salvage,25000,https://runescape.wiki/w/Exchange:Small_bladed_mithril_salvage
Small bladed orikalkum salvage,25000,https://runescape.wiki/w/Exchange:Small_bladed_orikalkum_salvage
Small bladed rune salvage,25000,https://runescape.wiki/w/Exchange:Small_bladed_rune_salvage
Small bladed steel salvage,25000,https://runescape.wiki/w/Exchange:Small_bladed_steel_salvage
Small blunt adamant salvage,25000,https://runescape.wiki/w/Exchange:Small_blunt_adamant_salvage
Small blunt bronze salvage,25000,https://runescape.wiki/w/Exchange:Small_blunt_bronze_salvage
Small blunt iron salvage,25000,https://runescape.wiki/w/Exchange:Small_blunt_iron_salvage
Small blunt mithril salvage,25000,https://runescape.wiki/w/Exchange:Small_blunt_mithril_salvage
Small blunt orikalkum salvage,25000,https://runescape.wiki/w/Exchange:Small_blunt_orikalkum_salvage
Small blunt rune salvage,25000,https://runescape.wiki/w/Exchange:Small_blunt_rune_salvage
Small blunt steel salvage,25000,https://runescape.wiki/w/Exchange:Small_blunt_steel_salvage
Small crate (classic components),1000,https://runescape.wiki/w/Exchange:Small_crate_(classic_components)
Small crate (historic components),1000,https://runescape.wiki/w/Exchange:Small_crate_(historic_components)
Small crate (timeworn components),1000,https://runescape.wiki/w/Exchange:Small_crate_(timeworn_components)
Small crate (vintage components),1000,https://runescape.wiki/w/Exchange:Small_crate_(vintage_components)
Small fishing net,100,https://runescape.wiki/w/Exchange:Small_fishing_net
Small plated adamant salvage,25000,https://runescape.wiki/w/Exchange:Small_plated_adamant_salvage
Small plated bronze salvage,25000,https://runescape.wiki/w/Exchange:Small_plated_bronze_salvage
Small plated iron salvage,25000,https://runescape.wiki/w/Exchange:Small_plated_iron_salvage
Small plated mithril salvage,25000,https://runescape.wiki/w/Exchange:Small_plated_mithril_salvage
Small plated necronium salvage,25000,https://runescape.wiki/w/Exchange:Small_plated_necronium_salvage
Small plated orikalkum salvage,25000,https://runescape.wiki/w/Exchange:Small_plated_orikalkum_salvage
Small plated rune salvage,25000,https://runescape.wiki/w/Exchange:Small_plated_rune_salvage
Small plated steel salvage,25000,https://runescape.wiki/w/Exchange:Small_plated_steel_salvage
Small spiky adamant salvage,25000,https://runescape.wiki/w/Exchange:Small_spiky_adamant_salvage
Small spiky bronze salvage,25000,https://runescape.wiki/w/Exchange:Small_spiky_bronze_salvage
Small spiky iron salvage,25000,https://runescape.wiki/w/Exchange:Small_spiky_iron_salvage
Small spiky mithril salvage,25000,https://runescape.wiki/w/Exchange:Small_spiky_mithril_salvage
Small spiky orikalkum salvage,25000,https://runescape.wiki/w/Exchange:Small_spiky_orikalkum_salvage
Small spiky rune salvage,25000,https://runescape.wiki/w/Exchange:Small_spiky_rune_salvage
Small spiky steel salvage,25000,https://runescape.wiki/w/Exchange:Small_spiky_steel_salvage
Smithy Bunny appearance token,2,https://runescape.wiki/w/Exchange:Smithy_Bunny_appearance_token
Smoke Devil scroll (Dust Cloud),5000,https://runescape.wiki/w/Exchange:Smoke_Devil_scroll_(Dust_Cloud)
Smoke devil pouch,5000,https://runescape.wiki/w/Exchange:Smoke_devil_pouch
Smoke nihil pouch,5000,https://runescape.wiki/w/Exchange:Smoke_nihil_pouch
Smoke rune,25000,https://runescape.wiki/w/Exchange:Smoke_rune
Smokestep aura override token,100,https://runescape.wiki/w/Exchange:Smokestep_aura_override_token
Smooth Easter egg,1000,https://runescape.wiki/w/Exchange:Smooth_Easter_egg
Snake hide,10000,https://runescape.wiki/w/Exchange:Snake_hide
Snake hide (swamp),10000,https://runescape.wiki/w/Exchange:Snake_hide_(swamp)
Snakeskin,10000,https://runescape.wiki/w/Exchange:Snakeskin
Snakeskin bandana,100,https://runescape.wiki/w/Exchange:Snakeskin_bandana
Snakeskin body,100,https://runescape.wiki/w/Exchange:Snakeskin_body
Snakeskin boots,100,https://runescape.wiki/w/Exchange:Snakeskin_boots
Snakeskin chaps,100,https://runescape.wiki/w/Exchange:Snakeskin_chaps
Snakeskin vambraces,100,https://runescape.wiki/w/Exchange:Snakeskin_vambraces
Snapdragon incense sticks,1000,https://runescape.wiki/w/Exchange:Snapdragon_incense_sticks
Snapdragon potion (unfinished),10000,https://runescape.wiki/w/Exchange:Snapdragon_potion_(unfinished)
Snapdragon seed,1000,https://runescape.wiki/w/Exchange:Snapdragon_seed
Snape grass,10000,https://runescape.wiki/w/Exchange:Snape_grass
Snape grass seed,100,https://runescape.wiki/w/Exchange:Snape_grass_seed
Snorkel token,2,https://runescape.wiki/w/Exchange:Snorkel_token
Snow cape token,2,https://runescape.wiki/w/Exchange:Snow_cape_token
Snow parasol,2,https://runescape.wiki/w/Exchange:Snow_parasol
Snowball Pet Token,2,https://runescape.wiki/w/Exchange:Snowball_Pet_Token
Snowman building rest token,2,https://runescape.wiki/w/Exchange:Snowman_building_rest_token
Snowman pet token,2,https://runescape.wiki/w/Exchange:Snowman_pet_token
Snowverload plush token,2,https://runescape.wiki/w/Exchange:Snowverload_plush_token
Snowy knight jar,5000,https://runescape.wiki/w/Exchange:Snowy_knight_jar
Soapstone,5000,https://runescape.wiki/w/Exchange:Soapstone
Soda ash,10000,https://runescape.wiki/w/Exchange:Soda_ash
Soft clay,10000,https://runescape.wiki/w/Exchange:Soft_clay
Soft porcelain clay,10000,https://runescape.wiki/w/Exchange:Soft_porcelain_clay
Softened fungal shafts,1000,https://runescape.wiki/w/Exchange:Softened_fungal_shafts
Solid Gold Easter egg,5,https://runescape.wiki/w/Exchange:Solid_Gold_Easter_egg
Solly pet halloween appearance token,2,https://runescape.wiki/w/Exchange:Solly_pet_halloween_appearance_token
Sophanem Slayer Dungeon teleport,1000,https://runescape.wiki/w/Exchange:Sophanem_Slayer_Dungeon_teleport
Soul Devourer Wildcard,500,https://runescape.wiki/w/Exchange:Soul_Devourer_Wildcard
Soul Dive cosmetic ability scroll,2,https://runescape.wiki/w/Exchange:Soul_Dive_cosmetic_ability_scroll
Soul Escape cosmetic ability scroll,2,https://runescape.wiki/w/Exchange:Soul_Escape_cosmetic_ability_scroll
Soul Surge cosmetic ability scroll,2,https://runescape.wiki/w/Exchange:Soul_Surge_cosmetic_ability_scroll
Soul Witch token,2,https://runescape.wiki/w/Exchange:Soul_Witch_token
Soul dye,2,https://runescape.wiki/w/Exchange:Soul_dye
Soul dyed hallowe'en mask,2,https://runescape.wiki/w/Exchange:Soul_dyed_hallowe%27en_mask
Soul ornament kit,2,https://runescape.wiki/w/Exchange:Soul_ornament_kit
Soul rune,25000,https://runescape.wiki/w/Exchange:Soul_rune
Soul talisman,100,https://runescape.wiki/w/Exchange:Soul_talisman
Soul tiara,100,https://runescape.wiki/w/Exchange:Soul_tiara
Soulbound lantern,2,https://runescape.wiki/w/Exchange:Soulbound_lantern
South falador teleport (item),1000,https://runescape.wiki/w/Exchange:South_falador_teleport_(item)
Spade,100,https://runescape.wiki/w/Exchange:Spade
Spark chitin,1000,https://runescape.wiki/w/Exchange:Spark_chitin
Sparkling energy,25000,https://runescape.wiki/w/Exchange:Sparkling_energy
Sparky Bunny appearance token,2,https://runescape.wiki/w/Exchange:Sparky_Bunny_appearance_token
Spatula,100,https://runescape.wiki/w/Exchange:Spatula
Spear of Annihilation,2,https://runescape.wiki/w/Exchange:Spear_of_Annihilation
Spectral lens,10,https://runescape.wiki/w/Exchange:Spectral_lens
Spectral sigil,1,https://runescape.wiki/w/Exchange:Spectral_sigil
Spectral sigil shard,120,https://runescape.wiki/w/Exchange:Spectral_sigil_shard
Spectral spirit shield,1,https://runescape.wiki/w/Exchange:Spectral_spirit_shield
Speedy whirligig shell,5000,https://runescape.wiki/w/Exchange:Speedy_whirligig_shell
Spellstorm drape,10,https://runescape.wiki/w/Exchange:Spellstorm_drape
Spicati apoterrasaur (unchecked),100,https://runescape.wiki/w/Exchange:Spicati_apoterrasaur_(unchecked)
Spicati apoterrasaur meat,1000,https://runescape.wiki/w/Exchange:Spicati_apoterrasaur_meat
Spicati apoterrasaur purpura (unchecked),100,https://runescape.wiki/w/Exchange:Spicati_apoterrasaur_purpura_(unchecked)
Spicati apoterrasaur tilia (unchecked),100,https://runescape.wiki/w/Exchange:Spicati_apoterrasaur_tilia_(unchecked)
Spice,1000,https://runescape.wiki/w/Exchange:Spice
Spicy crunchies,1000,https://runescape.wiki/w/Exchange:Spicy_crunchies
Spicy minced meat,1000,https://runescape.wiki/w/Exchange:Spicy_minced_meat
Spicy sauce,1000,https://runescape.wiki/w/Exchange:Spicy_sauce
Spicy tomato,1000,https://runescape.wiki/w/Exchange:Spicy_tomato
Spider carcass,5000,https://runescape.wiki/w/Exchange:Spider_carcass
Spider egg (unchecked),100,https://runescape.wiki/w/Exchange:Spider_egg_(unchecked)
Spider fangs,5000,https://runescape.wiki/w/Exchange:Spider_fangs
Spider leg,2,https://runescape.wiki/w/Exchange:Spider_leg
Spider on shaft,1000,https://runescape.wiki/w/Exchange:Spider_on_shaft
Spider on shaft (raw),1000,https://runescape.wiki/w/Exchange:Spider_on_shaft_(raw)
Spider on stick,1000,https://runescape.wiki/w/Exchange:Spider_on_stick
Spider on stick (raw),1000,https://runescape.wiki/w/Exchange:Spider_on_stick_(raw)
Spider orb,5,https://runescape.wiki/w/Exchange:Spider_orb
Spider silk,10000,https://runescape.wiki/w/Exchange:Spider_silk
Spider silk boots,100,https://runescape.wiki/w/Exchange:Spider_silk_boots
Spider silk gloves,100,https://runescape.wiki/w/Exchange:Spider_silk_gloves
Spider silk hood,100,https://runescape.wiki/w/Exchange:Spider_silk_hood
Spider silk robe bottom,100,https://runescape.wiki/w/Exchange:Spider_silk_robe_bottom
Spider silk robe top,100,https://runescape.wiki/w/Exchange:Spider_silk_robe_top
Spider silk shield,100,https://runescape.wiki/w/Exchange:Spider_silk_shield
Spider venom,5000,https://runescape.wiki/w/Exchange:Spider_venom
Spider wand,100,https://runescape.wiki/w/Exchange:Spider_wand
Spiked helmet,2,https://runescape.wiki/w/Exchange:Spiked_helmet
Spikey Easter egg,100,https://runescape.wiki/w/Exchange:Spikey_Easter_egg
Spiky vambraces,100,https://runescape.wiki/w/Exchange:Spiky_vambraces
Spined armour set,100,https://runescape.wiki/w/Exchange:Spined_armour_set
Spined body,100,https://runescape.wiki/w/Exchange:Spined_body
Spined boots,100,https://runescape.wiki/w/Exchange:Spined_boots
Spined chaps,100,https://runescape.wiki/w/Exchange:Spined_chaps
Spined gloves,100,https://runescape.wiki/w/Exchange:Spined_gloves
Spined helm,100,https://runescape.wiki/w/Exchange:Spined_helm
Spiny helmet,100,https://runescape.wiki/w/Exchange:Spiny_helmet
Spirit Cobra scroll (Ophidian Incubation),5000,https://runescape.wiki/w/Exchange:Spirit_Cobra_scroll_(Ophidian_Incubation)
Spirit Cockatrice scroll (Petrifying Gaze),5000,https://runescape.wiki/w/Exchange:Spirit_Cockatrice_scroll_(Petrifying_Gaze)
Spirit Dagannoth scroll (Spike Shot),5000,https://runescape.wiki/w/Exchange:Spirit_Dagannoth_scroll_(Spike_Shot)
Spirit Graahk scroll (Goad),5000,https://runescape.wiki/w/Exchange:Spirit_Graahk_scroll_(Goad)
Spirit Jelly scroll (Dissolve),5000,https://runescape.wiki/w/Exchange:Spirit_Jelly_scroll_(Dissolve)
Spirit Kalphite scroll (Sandstorm),5000,https://runescape.wiki/w/Exchange:Spirit_Kalphite_scroll_(Sandstorm)
Spirit Kyatt scroll (Ambush),5000,https://runescape.wiki/w/Exchange:Spirit_Kyatt_scroll_(Ambush)
Spirit Larupia scroll (Rending),5000,https://runescape.wiki/w/Exchange:Spirit_Larupia_scroll_(Rending)
Spirit Mosquito scroll (Pester),5000,https://runescape.wiki/w/Exchange:Spirit_Mosquito_scroll_(Pester)
Spirit Scorpion scroll (Venom Shot),5000,https://runescape.wiki/w/Exchange:Spirit_Scorpion_scroll_(Venom_Shot)
Spirit Spider scroll (Egg Spawn),5000,https://runescape.wiki/w/Exchange:Spirit_Spider_scroll_(Egg_Spawn)
Spirit Terrorbird scroll (Tireless Run),5000,https://runescape.wiki/w/Exchange:Spirit_Terrorbird_scroll_(Tireless_Run)
Spirit Tz-Kih scroll (Fireball Assault),5000,https://runescape.wiki/w/Exchange:Spirit_Tz-Kih_scroll_(Fireball_Assault)
Spirit Wolf scroll (Howl),5000,https://runescape.wiki/w/Exchange:Spirit_Wolf_scroll_(Howl)
Spirit attraction flask (6),100,https://runescape.wiki/w/Exchange:Spirit_attraction_flask_(6)
Spirit attraction potion (1),1000,https://runescape.wiki/w/Exchange:Spirit_attraction_potion_(1)
Spirit attraction potion (2),1000,https://runescape.wiki/w/Exchange:Spirit_attraction_potion_(2)
Spirit attraction potion (3),1000,https://runescape.wiki/w/Exchange:Spirit_attraction_potion_(3)
Spirit attraction potion (4),1000,https://runescape.wiki/w/Exchange:Spirit_attraction_potion_(4)
Spirit attraction recipe,100,https://runescape.wiki/w/Exchange:Spirit_attraction_recipe
Spirit cobra pouch,5000,https://runescape.wiki/w/Exchange:Spirit_cobra_pouch
Spirit cockatrice pouch,5000,https://runescape.wiki/w/Exchange:Spirit_cockatrice_pouch
Spirit coraxatrice pouch,5000,https://runescape.wiki/w/Exchange:Spirit_coraxatrice_pouch
Spirit dagannoth pouch,5000,https://runescape.wiki/w/Exchange:Spirit_dagannoth_pouch
Spirit graahk pouch,5000,https://runescape.wiki/w/Exchange:Spirit_graahk_pouch
Spirit guthatrice pouch,5000,https://runescape.wiki/w/Exchange:Spirit_guthatrice_pouch
Spirit impling jar,1000,https://runescape.wiki/w/Exchange:Spirit_impling_jar
Spirit jelly pouch,5000,https://runescape.wiki/w/Exchange:Spirit_jelly_pouch
Spirit kalphite pouch,5000,https://runescape.wiki/w/Exchange:Spirit_kalphite_pouch
Spirit kyatt pouch,5000,https://runescape.wiki/w/Exchange:Spirit_kyatt_pouch
Spirit larupia pouch,5000,https://runescape.wiki/w/Exchange:Spirit_larupia_pouch
Spirit memento,1000,https://runescape.wiki/w/Exchange:Spirit_memento
Spirit mosquito pouch,5000,https://runescape.wiki/w/Exchange:Spirit_mosquito_pouch
Spirit pengatrice pouch,5000,https://runescape.wiki/w/Exchange:Spirit_pengatrice_pouch
Spirit rune,25000,https://runescape.wiki/w/Exchange:Spirit_rune
Spirit saratrice pouch,5000,https://runescape.wiki/w/Exchange:Spirit_saratrice_pouch
Spirit scorpion pouch,5000,https://runescape.wiki/w/Exchange:Spirit_scorpion_pouch
Spirit shards,500000,https://runescape.wiki/w/Exchange:Spirit_shards
Spirit shield,1,https://runescape.wiki/w/Exchange:Spirit_shield
Spirit spider pouch,5000,https://runescape.wiki/w/Exchange:Spirit_spider_pouch
Spirit terrorbird pouch,5000,https://runescape.wiki/w/Exchange:Spirit_terrorbird_pouch
Spirit tz-kih pouch,5000,https://runescape.wiki/w/Exchange:Spirit_tz-kih_pouch
Spirit vulatrice pouch,5000,https://runescape.wiki/w/Exchange:Spirit_vulatrice_pouch
Spirit weed incense sticks,1000,https://runescape.wiki/w/Exchange:Spirit_weed_incense_sticks
Spirit weed potion (unfinished),10000,https://runescape.wiki/w/Exchange:Spirit_weed_potion_(unfinished)
Spirit weed seed,1000,https://runescape.wiki/w/Exchange:Spirit_weed_seed
Spirit wolf pouch,5000,https://runescape.wiki/w/Exchange:Spirit_wolf_pouch
Spirit yak (unchecked),100,https://runescape.wiki/w/Exchange:Spirit_yak_(unchecked)
Spirit zamatrice pouch,5000,https://runescape.wiki/w/Exchange:Spirit_zamatrice_pouch
Spiritual prayer potion (6),1000,https://runescape.wiki/w/Exchange:Spiritual_prayer_potion_(6)
Splintering arrow tips,10000,https://runescape.wiki/w/Exchange:Splintering_arrow_tips
Splintering arrows,10000,https://runescape.wiki/w/Exchange:Splintering_arrows
Split log,1000,https://runescape.wiki/w/Exchange:Split_log
Splitbark armour set,100,https://runescape.wiki/w/Exchange:Splitbark_armour_set
Splitbark body,100,https://runescape.wiki/w/Exchange:Splitbark_body
Splitbark boots,100,https://runescape.wiki/w/Exchange:Splitbark_boots
Splitbark gauntlets,100,https://runescape.wiki/w/Exchange:Splitbark_gauntlets
Splitbark helm,100,https://runescape.wiki/w/Exchange:Splitbark_helm
Splitbark legs,100,https://runescape.wiki/w/Exchange:Splitbark_legs
Splitbark orb,5,https://runescape.wiki/w/Exchange:Splitbark_orb
Splitbark shield,100,https://runescape.wiki/w/Exchange:Splitbark_shield
Splitbark wand,100,https://runescape.wiki/w/Exchange:Splitbark_wand
Spooky Ghost Mask token,2,https://runescape.wiki/w/Exchange:Spooky_Ghost_Mask_token
Spooky Hare Mask token,2,https://runescape.wiki/w/Exchange:Spooky_Hare_Mask_token
Spork,100,https://runescape.wiki/w/Exchange:Spork
Spotted Easter egg,100,https://runescape.wiki/w/Exchange:Spotted_Easter_egg
Spotted cape,100,https://runescape.wiki/w/Exchange:Spotted_cape
Spotted kebbit fur,100,https://runescape.wiki/w/Exchange:Spotted_kebbit_fur
Spottier cape,100,https://runescape.wiki/w/Exchange:Spottier_cape
Spring,1000,https://runescape.wiki/w/Exchange:Spring
Springbloom Aura token,2,https://runescape.wiki/w/Exchange:Springbloom_Aura_token
Springbloom Hime hairstyle token,2,https://runescape.wiki/w/Exchange:Springbloom_Hime_hairstyle_token
Springbloom Witch Hat token,2,https://runescape.wiki/w/Exchange:Springbloom_Witch_Hat_token
Springbloom Witch Staff token,2,https://runescape.wiki/w/Exchange:Springbloom_Witch_Staff_token
Springsheared ewe (unchecked),100,https://runescape.wiki/w/Exchange:Springsheared_ewe_(unchecked)
Springsheared ram (unchecked),100,https://runescape.wiki/w/Exchange:Springsheared_ram_(unchecked)
Springsheared wool,5000,https://runescape.wiki/w/Exchange:Springsheared_wool
Square sandwich,1000,https://runescape.wiki/w/Exchange:Square_sandwich
Squeaker axe token,25,https://runescape.wiki/w/Exchange:Squeaker_axe_token
Squeck juice,100,https://runescape.wiki/w/Exchange:Squeck_juice
Stack of presents token,2,https://runescape.wiki/w/Exchange:Stack_of_presents_token
Staff,1000,https://runescape.wiki/w/Exchange:Staff
Staff of Armadyl's fractured shaft,10,https://runescape.wiki/w/Exchange:Staff_of_Armadyl%27s_fractured_shaft
Staff of Sliske,2,https://runescape.wiki/w/Exchange:Staff_of_Sliske
Staff of air,1000,https://runescape.wiki/w/Exchange:Staff_of_air
Staff of armadyl's fractured shaft shard,1200,https://runescape.wiki/w/Exchange:Staff_of_armadyl%27s_fractured_shaft_shard
Staff of earth,1000,https://runescape.wiki/w/Exchange:Staff_of_earth
Staff of fire,1000,https://runescape.wiki/w/Exchange:Staff_of_fire
Staff of light,10,https://runescape.wiki/w/Exchange:Staff_of_light
Staff of water,1000,https://runescape.wiki/w/Exchange:Staff_of_water
Stalker Creature Wildcard,500,https://runescape.wiki/w/Exchange:Stalker_Creature_Wildcard
Stalker arrow,10000,https://runescape.wiki/w/Exchange:Stalker_arrow
Stalker essence,10000,https://runescape.wiki/w/Exchange:Stalker_essence
Stalker's charm,100,https://runescape.wiki/w/Exchange:Stalker%27s_charm
Star of Saradomin,5000,https://runescape.wiki/w/Exchange:Star_of_Saradomin
Starbloom boots,100,https://runescape.wiki/w/Exchange:Starbloom_boots
Starbloom boots + 1,100,https://runescape.wiki/w/Exchange:Starbloom_boots_%2B_1
Starbloom boots + 2,100,https://runescape.wiki/w/Exchange:Starbloom_boots_%2B_2
Starbloom boots + 3,100,https://runescape.wiki/w/Exchange:Starbloom_boots_%2B_3
Starbloom boots + 4,100,https://runescape.wiki/w/Exchange:Starbloom_boots_%2B_4
Starbloom boots + 5,100,https://runescape.wiki/w/Exchange:Starbloom_boots_%2B_5
Starbloom cloth,10000,https://runescape.wiki/w/Exchange:Starbloom_cloth
Starbloom flower,1000,https://runescape.wiki/w/Exchange:Starbloom_flower
Starbloom flower seed,100,https://runescape.wiki/w/Exchange:Starbloom_flower_seed
Starbloom gloves,100,https://runescape.wiki/w/Exchange:Starbloom_gloves
Starbloom gloves + 1,100,https://runescape.wiki/w/Exchange:Starbloom_gloves_%2B_1
Starbloom gloves + 2,100,https://runescape.wiki/w/Exchange:Starbloom_gloves_%2B_2
Starbloom gloves + 3,100,https://runescape.wiki/w/Exchange:Starbloom_gloves_%2B_3
Starbloom gloves + 4,100,https://runescape.wiki/w/Exchange:Starbloom_gloves_%2B_4
Starbloom gloves + 5,100,https://runescape.wiki/w/Exchange:Starbloom_gloves_%2B_5
Starbloom hat,100,https://runescape.wiki/w/Exchange:Starbloom_hat
Starbloom hat + 1,100,https://runescape.wiki/w/Exchange:Starbloom_hat_%2B_1
Starbloom hat + 2,100,https://runescape.wiki/w/Exchange:Starbloom_hat_%2B_2
Starbloom hat + 3,100,https://runescape.wiki/w/Exchange:Starbloom_hat_%2B_3
Starbloom hat + 4,100,https://runescape.wiki/w/Exchange:Starbloom_hat_%2B_4
Starbloom hat + 5,100,https://runescape.wiki/w/Exchange:Starbloom_hat_%2B_5
Starbloom robe bottom,100,https://runescape.wiki/w/Exchange:Starbloom_robe_bottom
Starbloom robe bottom + 1,100,https://runescape.wiki/w/Exchange:Starbloom_robe_bottom_%2B_1
Starbloom robe bottom + 2,100,https://runescape.wiki/w/Exchange:Starbloom_robe_bottom_%2B_2
Starbloom robe bottom + 3,100,https://runescape.wiki/w/Exchange:Starbloom_robe_bottom_%2B_3
Starbloom robe bottom + 4,100,https://runescape.wiki/w/Exchange:Starbloom_robe_bottom_%2B_4
Starbloom robe bottom + 5,100,https://runescape.wiki/w/Exchange:Starbloom_robe_bottom_%2B_5
Starbloom robe top,100,https://runescape.wiki/w/Exchange:Starbloom_robe_top
Starbloom robe top + 1,100,https://runescape.wiki/w/Exchange:Starbloom_robe_top_%2B_1
Starbloom robe top + 2,100,https://runescape.wiki/w/Exchange:Starbloom_robe_top_%2B_2
Starbloom robe top + 3,100,https://runescape.wiki/w/Exchange:Starbloom_robe_top_%2B_3
Starbloom robe top + 4,100,https://runescape.wiki/w/Exchange:Starbloom_robe_top_%2B_4
Starbloom robe top + 5,100,https://runescape.wiki/w/Exchange:Starbloom_robe_top_%2B_5
Starbloom robes set,100,https://runescape.wiki/w/Exchange:Starbloom_robes_set
Starbloom robes set + 1,100,https://runescape.wiki/w/Exchange:Starbloom_robes_set_%2B_1
Starbloom robes set + 2,100,https://runescape.wiki/w/Exchange:Starbloom_robes_set_%2B_2
Starbloom robes set + 3,100,https://runescape.wiki/w/Exchange:Starbloom_robes_set_%2B_3
Starbloom robes set + 4,100,https://runescape.wiki/w/Exchange:Starbloom_robes_set_%2B_4
Starbloom robes set + 5,100,https://runescape.wiki/w/Exchange:Starbloom_robes_set_%2B_5
Starbloom thread,10000,https://runescape.wiki/w/Exchange:Starbloom_thread
Starfish Balloon,2,https://runescape.wiki/w/Exchange:Starfish_Balloon
Starfish follower pet token,2,https://runescape.wiki/w/Exchange:Starfish_follower_pet_token
Stargazer shoulder cape,5,https://runescape.wiki/w/Exchange:Stargazer_shoulder_cape
Static gloves,10,https://runescape.wiki/w/Exchange:Static_gloves
Static gloves shard,1200,https://runescape.wiki/w/Exchange:Static_gloves_shard
Statius's full helm,10,https://runescape.wiki/w/Exchange:Statius%27s_full_helm
Statius's platebody,10,https://runescape.wiki/w/Exchange:Statius%27s_platebody
Statius's platelegs,10,https://runescape.wiki/w/Exchange:Statius%27s_platelegs
Statius's warhammer,10,https://runescape.wiki/w/Exchange:Statius%27s_warhammer
Steadfast boots,10,https://runescape.wiki/w/Exchange:Steadfast_boots
Steadfast scale,10,https://runescape.wiki/w/Exchange:Steadfast_scale
Steam battlestaff,10,https://runescape.wiki/w/Exchange:Steam_battlestaff
Steam rune,25000,https://runescape.wiki/w/Exchange:Steam_rune
Steel 2h crossbow,1000,https://runescape.wiki/w/Exchange:Steel_2h_crossbow
Steel 2h sword,100,https://runescape.wiki/w/Exchange:Steel_2h_sword
Steel 2h sword + 1,100,https://runescape.wiki/w/Exchange:Steel_2h_sword_%2B_1
Steel Minotaur scroll (Steel Bull Rush),5000,https://runescape.wiki/w/Exchange:Steel_Minotaur_scroll_(Steel_Bull_Rush)
Steel Titan scroll (Steel of Legends),5000,https://runescape.wiki/w/Exchange:Steel_Titan_scroll_(Steel_of_Legends)
Steel armour set (lg),100,https://runescape.wiki/w/Exchange:Steel_armour_set_(lg)
Steel armour set (sk),100,https://runescape.wiki/w/Exchange:Steel_armour_set_(sk)
Steel armour set + 1 (lg),100,https://runescape.wiki/w/Exchange:Steel_armour_set_%2B_1_(lg)
Steel armour set + 1 (sk),100,https://runescape.wiki/w/Exchange:Steel_armour_set_%2B_1_(sk)
Steel armoured boots,100,https://runescape.wiki/w/Exchange:Steel_armoured_boots
Steel armoured boots + 1,100,https://runescape.wiki/w/Exchange:Steel_armoured_boots_%2B_1
Steel arrow,10000,https://runescape.wiki/w/Exchange:Steel_arrow
Steel arrowheads,100000,https://runescape.wiki/w/Exchange:Steel_arrowheads
Steel bar,10000,https://runescape.wiki/w/Exchange:Steel_bar
Steel battleaxe,100,https://runescape.wiki/w/Exchange:Steel_battleaxe
Steel battleaxe + 1,100,https://runescape.wiki/w/Exchange:Steel_battleaxe_%2B_1
Steel bolts,10000,https://runescape.wiki/w/Exchange:Steel_bolts
Steel bolts (unf),10000,https://runescape.wiki/w/Exchange:Steel_bolts_(unf)
Steel brutal,1000,https://runescape.wiki/w/Exchange:Steel_brutal
Steel chainbody,100,https://runescape.wiki/w/Exchange:Steel_chainbody
Steel chainbody + 1,100,https://runescape.wiki/w/Exchange:Steel_chainbody_%2B_1
Steel claws,100,https://runescape.wiki/w/Exchange:Steel_claws
Steel claws + 1,100,https://runescape.wiki/w/Exchange:Steel_claws_%2B_1
Steel crossbow,1000,https://runescape.wiki/w/Exchange:Steel_crossbow
Steel crossbow (unstrung),1000,https://runescape.wiki/w/Exchange:Steel_crossbow_(unstrung)
Steel dagger,100,https://runescape.wiki/w/Exchange:Steel_dagger
Steel dagger + 1,100,https://runescape.wiki/w/Exchange:Steel_dagger_%2B_1
Steel dart,1500,https://runescape.wiki/w/Exchange:Steel_dart
Steel dart tip,100000,https://runescape.wiki/w/Exchange:Steel_dart_tip
Steel dragon mask,2,https://runescape.wiki/w/Exchange:Steel_dragon_mask
Steel fire arrows (lit),1000,https://runescape.wiki/w/Exchange:Steel_fire_arrows_(lit)
Steel fire arrows (unlit),1000,https://runescape.wiki/w/Exchange:Steel_fire_arrows_(unlit)
Steel full helm,100,https://runescape.wiki/w/Exchange:Steel_full_helm
Steel full helm + 1,100,https://runescape.wiki/w/Exchange:Steel_full_helm_%2B_1
Steel gauntlets,100,https://runescape.wiki/w/Exchange:Steel_gauntlets
Steel gauntlets + 1,100,https://runescape.wiki/w/Exchange:Steel_gauntlets_%2B_1
Steel halberd,1000,https://runescape.wiki/w/Exchange:Steel_halberd
Steel hasta,1000,https://runescape.wiki/w/Exchange:Steel_hasta
Steel hatchet,1000,https://runescape.wiki/w/Exchange:Steel_hatchet
Steel ingot,1000,https://runescape.wiki/w/Exchange:Steel_ingot
Steel javelin,1000,https://runescape.wiki/w/Exchange:Steel_javelin
Steel kiteshield,100,https://runescape.wiki/w/Exchange:Steel_kiteshield
Steel kiteshield + 1,100,https://runescape.wiki/w/Exchange:Steel_kiteshield_%2B_1
Steel knife,10000,https://runescape.wiki/w/Exchange:Steel_knife
Steel limbs,5000,https://runescape.wiki/w/Exchange:Steel_limbs
Steel longsword,100,https://runescape.wiki/w/Exchange:Steel_longsword
Steel longsword + 1,100,https://runescape.wiki/w/Exchange:Steel_longsword_%2B_1
Steel mace,100,https://runescape.wiki/w/Exchange:Steel_mace
Steel mace + 1,100,https://runescape.wiki/w/Exchange:Steel_mace_%2B_1
Steel mattock,100,https://runescape.wiki/w/Exchange:Steel_mattock
Steel med helm,100,https://runescape.wiki/w/Exchange:Steel_med_helm
Steel med helm + 1,100,https://runescape.wiki/w/Exchange:Steel_med_helm_%2B_1
Steel minotaur pouch,5000,https://runescape.wiki/w/Exchange:Steel_minotaur_pouch
Steel nails,10000,https://runescape.wiki/w/Exchange:Steel_nails
Steel off hand battleaxe,100,https://runescape.wiki/w/Exchange:Steel_off_hand_battleaxe
Steel off hand battleaxe + 1,100,https://runescape.wiki/w/Exchange:Steel_off_hand_battleaxe_%2B_1
Steel off hand claws,100,https://runescape.wiki/w/Exchange:Steel_off_hand_claws
Steel off hand claws + 1,100,https://runescape.wiki/w/Exchange:Steel_off_hand_claws_%2B_1
Steel off hand dagger,100,https://runescape.wiki/w/Exchange:Steel_off_hand_dagger
Steel off hand dagger + 1,100,https://runescape.wiki/w/Exchange:Steel_off_hand_dagger_%2B_1
Steel off hand longsword,100,https://runescape.wiki/w/Exchange:Steel_off_hand_longsword
Steel off hand longsword + 1,100,https://runescape.wiki/w/Exchange:Steel_off_hand_longsword_%2B_1
Steel off hand mace,100,https://runescape.wiki/w/Exchange:Steel_off_hand_mace
Steel off hand mace + 1,100,https://runescape.wiki/w/Exchange:Steel_off_hand_mace_%2B_1
Steel off hand scimitar,100,https://runescape.wiki/w/Exchange:Steel_off_hand_scimitar
Steel off hand scimitar + 1,100,https://runescape.wiki/w/Exchange:Steel_off_hand_scimitar_%2B_1
Steel off hand sword,100,https://runescape.wiki/w/Exchange:Steel_off_hand_sword
Steel off hand sword + 1,100,https://runescape.wiki/w/Exchange:Steel_off_hand_sword_%2B_1
Steel off hand warhammer,100,https://runescape.wiki/w/Exchange:Steel_off_hand_warhammer
Steel off hand warhammer + 1,100,https://runescape.wiki/w/Exchange:Steel_off_hand_warhammer_%2B_1
Steel ore box,100,https://runescape.wiki/w/Exchange:Steel_ore_box
Steel pickaxe,100,https://runescape.wiki/w/Exchange:Steel_pickaxe
Steel pickaxe + 1,100,https://runescape.wiki/w/Exchange:Steel_pickaxe_%2B_1
Steel platebody,100,https://runescape.wiki/w/Exchange:Steel_platebody
Steel platebody + 1,100,https://runescape.wiki/w/Exchange:Steel_platebody_%2B_1
Steel platelegs,100,https://runescape.wiki/w/Exchange:Steel_platelegs
Steel platelegs + 1,100,https://runescape.wiki/w/Exchange:Steel_platelegs_%2B_1
Steel plateskirt,100,https://runescape.wiki/w/Exchange:Steel_plateskirt
Steel plateskirt + 1,100,https://runescape.wiki/w/Exchange:Steel_plateskirt_%2B_1
Steel scimitar,100,https://runescape.wiki/w/Exchange:Steel_scimitar
Steel scimitar + 1,100,https://runescape.wiki/w/Exchange:Steel_scimitar_%2B_1
Steel spear,1000,https://runescape.wiki/w/Exchange:Steel_spear
Steel square shield,100,https://runescape.wiki/w/Exchange:Steel_square_shield
Steel square shield + 1,100,https://runescape.wiki/w/Exchange:Steel_square_shield_%2B_1
Steel studs,5000,https://runescape.wiki/w/Exchange:Steel_studs
Steel sword,100,https://runescape.wiki/w/Exchange:Steel_sword
Steel sword + 1,100,https://runescape.wiki/w/Exchange:Steel_sword_%2B_1
Steel throwing axe,1000,https://runescape.wiki/w/Exchange:Steel_throwing_axe
Steel titan pouch,5000,https://runescape.wiki/w/Exchange:Steel_titan_pouch
Steel warhammer,100,https://runescape.wiki/w/Exchange:Steel_warhammer
Steel warhammer + 1,100,https://runescape.wiki/w/Exchange:Steel_warhammer_%2B_1
Stein weapon token,2,https://runescape.wiki/w/Exchange:Stein_weapon_token
Stephanie companion pet token,2,https://runescape.wiki/w/Exchange:Stephanie_companion_pet_token
Stew,200,https://runescape.wiki/w/Exchange:Stew
Stick of rock token,2,https://runescape.wiki/w/Exchange:Stick_of_rock_token
Sticky bomb,1000,https://runescape.wiki/w/Exchange:Sticky_bomb
Stinkbloom,100,https://runescape.wiki/w/Exchange:Stinkbloom
Stinkfly,10000,https://runescape.wiki/w/Exchange:Stinkfly
Stinkshroom spore,100,https://runescape.wiki/w/Exchange:Stinkshroom_spore
Stocking teleport token,2,https://runescape.wiki/w/Exchange:Stocking_teleport_token
Stone of binding,10,https://runescape.wiki/w/Exchange:Stone_of_binding
Stone scarab,100,https://runescape.wiki/w/Exchange:Stone_scarab
Stone seal,100,https://runescape.wiki/w/Exchange:Stone_seal
Stone statuette,100,https://runescape.wiki/w/Exchange:Stone_statuette
Stone wall segment,10000,https://runescape.wiki/w/Exchange:Stone_wall_segment
Stormguard steel,5000,https://runescape.wiki/w/Exchange:Stormguard_steel
Strange fruit,10000,https://runescape.wiki/w/Exchange:Strange_fruit
Stranger Plant scroll (Poisonous Blast),5000,https://runescape.wiki/w/Exchange:Stranger_Plant_scroll_(Poisonous_Blast)
Stranger plant pouch,5000,https://runescape.wiki/w/Exchange:Stranger_plant_pouch
Stratus Cloud Token,2,https://runescape.wiki/w/Exchange:Stratus_Cloud_Token
Strawberries (5),1000,https://runescape.wiki/w/Exchange:Strawberries_(5)
Strawberry,10000,https://runescape.wiki/w/Exchange:Strawberry
Strawberry cheesecake,1000,https://runescape.wiki/w/Exchange:Strawberry_cheesecake
Strawberry cow (unchecked),100,https://runescape.wiki/w/Exchange:Strawberry_cow_(unchecked)
Strawberry cream cheese,10000,https://runescape.wiki/w/Exchange:Strawberry_cream_cheese
Strawberry hair head token,2,https://runescape.wiki/w/Exchange:Strawberry_hair_head_token
Strawberry milk,100,https://runescape.wiki/w/Exchange:Strawberry_milk
Strawberry parasol,2,https://runescape.wiki/w/Exchange:Strawberry_parasol
Strawberry seed,500,https://runescape.wiki/w/Exchange:Strawberry_seed
Strength amulet (t),2,https://runescape.wiki/w/Exchange:Strength_amulet_(t)
Strength flask (6),1000,https://runescape.wiki/w/Exchange:Strength_flask_(6)
Strength mix (1),1000,https://runescape.wiki/w/Exchange:Strength_mix_(1)
Strength mix (2),1000,https://runescape.wiki/w/Exchange:Strength_mix_(2)
Strength potion (1),1000,https://runescape.wiki/w/Exchange:Strength_potion_(1)
Strength potion (2),1000,https://runescape.wiki/w/Exchange:Strength_potion_(2)
Strength potion (3),1000,https://runescape.wiki/w/Exchange:Strength_potion_(3)
Strength potion (4),1000,https://runescape.wiki/w/Exchange:Strength_potion_(4)
Stretched hide,100,https://runescape.wiki/w/Exchange:Stretched_hide
Strip of black cloth,10000,https://runescape.wiki/w/Exchange:Strip_of_black_cloth
Strip of cloth,10000,https://runescape.wiki/w/Exchange:Strip_of_cloth
Striped Easter egg,1000,https://runescape.wiki/w/Exchange:Striped_Easter_egg
Stripy feather,5000,https://runescape.wiki/w/Exchange:Stripy_feather
Strong cooking urn (no rune),400,https://runescape.wiki/w/Exchange:Strong_cooking_urn_(no_rune)
Strong divination urn (no rune),400,https://runescape.wiki/w/Exchange:Strong_divination_urn_(no_rune)
Strong farming urn (no rune),400,https://runescape.wiki/w/Exchange:Strong_farming_urn_(no_rune)
Strong fishing urn (no rune),400,https://runescape.wiki/w/Exchange:Strong_fishing_urn_(no_rune)
Strong hunter urn (no rune),400,https://runescape.wiki/w/Exchange:Strong_hunter_urn_(no_rune)
Strong mining urn (no rune),400,https://runescape.wiki/w/Exchange:Strong_mining_urn_(no_rune)
Strong runecrafting urn (no rune),400,https://runescape.wiki/w/Exchange:Strong_runecrafting_urn_(no_rune)
Strong smithing urn (no rune),400,https://runescape.wiki/w/Exchange:Strong_smithing_urn_(no_rune)
Strong woodcutting urn (no rune),400,https://runescape.wiki/w/Exchange:Strong_woodcutting_urn_(no_rune)
Stronghold notes,100,https://runescape.wiki/w/Exchange:Stronghold_notes
Strung rabbit foot,100,https://runescape.wiki/w/Exchange:Strung_rabbit_foot
Studded body,1000,https://runescape.wiki/w/Exchange:Studded_body
Studded body (g),2,https://runescape.wiki/w/Exchange:Studded_body_(g)
Studded body (t),2,https://runescape.wiki/w/Exchange:Studded_body_(t)
Studded chaps,5000,https://runescape.wiki/w/Exchange:Studded_chaps
Studded chaps (g),2,https://runescape.wiki/w/Exchange:Studded_chaps_(g)
Studded chaps (t),2,https://runescape.wiki/w/Exchange:Studded_chaps_(t)
Studded leather boots,100,https://runescape.wiki/w/Exchange:Studded_leather_boots
Studded leather coif,5000,https://runescape.wiki/w/Exchange:Studded_leather_coif
Studded leather gloves,10,https://runescape.wiki/w/Exchange:Studded_leather_gloves
Studded leather shield,100,https://runescape.wiki/w/Exchange:Studded_leather_shield
Stylish glasses (black),2,https://runescape.wiki/w/Exchange:Stylish_glasses_(black)
Stylish glasses (blue),2,https://runescape.wiki/w/Exchange:Stylish_glasses_(blue)
Stylish glasses (green),2,https://runescape.wiki/w/Exchange:Stylish_glasses_(green)
Sugilite moth jar,5000,https://runescape.wiki/w/Exchange:Sugilite_moth_jar
Suitcase,10,https://runescape.wiki/w/Exchange:Suitcase
Summer Warrior (Skeleton Warrior) token,2,https://runescape.wiki/w/Exchange:Summer_Warrior_(Skeleton_Warrior)_token
Summer Warrior (Skeleton Warrior) token (59317),100,https://runescape.wiki/w/Exchange:Summer_Warrior_(Skeleton_Warrior)_token_(59317)
Summer pie,1000,https://runescape.wiki/w/Exchange:Summer_pie
Summer prize token,2,https://runescape.wiki/w/Exchange:Summer_prize_token
Summerdown ewe (unchecked),100,https://runescape.wiki/w/Exchange:Summerdown_ewe_(unchecked)
Summerdown ram (unchecked),100,https://runescape.wiki/w/Exchange:Summerdown_ram_(unchecked)
Summerdown wool,5000,https://runescape.wiki/w/Exchange:Summerdown_wool
Summoning flask (6),1000,https://runescape.wiki/w/Exchange:Summoning_flask_(6)
Summoning focus,10000,https://runescape.wiki/w/Exchange:Summoning_focus
Summoning potion (1),1000,https://runescape.wiki/w/Exchange:Summoning_potion_(1)
Summoning potion (2),1000,https://runescape.wiki/w/Exchange:Summoning_potion_(2)
Summoning potion (3),1000,https://runescape.wiki/w/Exchange:Summoning_potion_(3)
Summoning potion (4),1000,https://runescape.wiki/w/Exchange:Summoning_potion_(4)
Summoning renewal (1),1000,https://runescape.wiki/w/Exchange:Summoning_renewal_(1)
Summoning renewal (2),1000,https://runescape.wiki/w/Exchange:Summoning_renewal_(2)
Summoning renewal (3),1000,https://runescape.wiki/w/Exchange:Summoning_renewal_(3)
Summoning renewal (4),1000,https://runescape.wiki/w/Exchange:Summoning_renewal_(4)
Summoning renewal flask (6),1000,https://runescape.wiki/w/Exchange:Summoning_renewal_flask_(6)
Summoning renewal recipe,100,https://runescape.wiki/w/Exchange:Summoning_renewal_recipe
Sunburst bracelet (new),500,https://runescape.wiki/w/Exchange:Sunburst_bracelet_(new)
Sunchoke seed,1000,https://runescape.wiki/w/Exchange:Sunchoke_seed
Super Guthix brew flask (6),1000,https://runescape.wiki/w/Exchange:Super_Guthix_brew_flask_(6)
Super Guthix rest (1),1000,https://runescape.wiki/w/Exchange:Super_Guthix_rest_(1)
Super Guthix rest (2),1000,https://runescape.wiki/w/Exchange:Super_Guthix_rest_(2)
Super Guthix rest (3),1000,https://runescape.wiki/w/Exchange:Super_Guthix_rest_(3)
Super Guthix rest (4),1000,https://runescape.wiki/w/Exchange:Super_Guthix_rest_(4)
Super Saradomin brew (1),1000,https://runescape.wiki/w/Exchange:Super_Saradomin_brew_(1)
Super Saradomin brew (2),1000,https://runescape.wiki/w/Exchange:Super_Saradomin_brew_(2)
Super Saradomin brew (3),1000,https://runescape.wiki/w/Exchange:Super_Saradomin_brew_(3)
Super Saradomin brew (4),1000,https://runescape.wiki/w/Exchange:Super_Saradomin_brew_(4)
Super Saradomin brew flask (6),1000,https://runescape.wiki/w/Exchange:Super_Saradomin_brew_flask_(6)
Super Zamorak brew (1),1000,https://runescape.wiki/w/Exchange:Super_Zamorak_brew_(1)
Super Zamorak brew (2),1000,https://runescape.wiki/w/Exchange:Super_Zamorak_brew_(2)
Super Zamorak brew (3),1000,https://runescape.wiki/w/Exchange:Super_Zamorak_brew_(3)
Super Zamorak brew (4),1000,https://runescape.wiki/w/Exchange:Super_Zamorak_brew_(4)
Super Zamorak brew flask (6),1000,https://runescape.wiki/w/Exchange:Super_Zamorak_brew_flask_(6)
Super antifire (1),1000,https://runescape.wiki/w/Exchange:Super_antifire_(1)
Super antifire (2),1000,https://runescape.wiki/w/Exchange:Super_antifire_(2)
Super antifire (3),1000,https://runescape.wiki/w/Exchange:Super_antifire_(3)
Super antifire (4),1000,https://runescape.wiki/w/Exchange:Super_antifire_(4)
Super antifire flask (6),1000,https://runescape.wiki/w/Exchange:Super_antifire_flask_(6)
Super antipoison (1),1000,https://runescape.wiki/w/Exchange:Super_antipoison_(1)
Super antipoison (2),1000,https://runescape.wiki/w/Exchange:Super_antipoison_(2)
Super antipoison (3),1000,https://runescape.wiki/w/Exchange:Super_antipoison_(3)
Super antipoison (4),1000,https://runescape.wiki/w/Exchange:Super_antipoison_(4)
Super antipoison flask (6),1000,https://runescape.wiki/w/Exchange:Super_antipoison_flask_(6)
Super antipoison mix (1),1000,https://runescape.wiki/w/Exchange:Super_antipoison_mix_(1)
Super antipoison mix (2),1000,https://runescape.wiki/w/Exchange:Super_antipoison_mix_(2)
Super attack (1),1000,https://runescape.wiki/w/Exchange:Super_attack_(1)
Super attack (2),1000,https://runescape.wiki/w/Exchange:Super_attack_(2)
Super attack (3),1000,https://runescape.wiki/w/Exchange:Super_attack_(3)
Super attack (4),1000,https://runescape.wiki/w/Exchange:Super_attack_(4)
Super attack flask (6),1000,https://runescape.wiki/w/Exchange:Super_attack_flask_(6)
Super attack mix (1),1000,https://runescape.wiki/w/Exchange:Super_attack_mix_(1)
Super attack mix (2),1000,https://runescape.wiki/w/Exchange:Super_attack_mix_(2)
Super cooking flask (6),1000,https://runescape.wiki/w/Exchange:Super_cooking_flask_(6)
Super cooking potion (1),1000,https://runescape.wiki/w/Exchange:Super_cooking_potion_(1)
Super cooking potion (2),1000,https://runescape.wiki/w/Exchange:Super_cooking_potion_(2)
Super cooking potion (3),1000,https://runescape.wiki/w/Exchange:Super_cooking_potion_(3)
Super cooking potion (4),1000,https://runescape.wiki/w/Exchange:Super_cooking_potion_(4)
Super defence (1),1000,https://runescape.wiki/w/Exchange:Super_defence_(1)
Super defence (2),1000,https://runescape.wiki/w/Exchange:Super_defence_(2)
Super defence (3),1000,https://runescape.wiki/w/Exchange:Super_defence_(3)
Super defence (4),1000,https://runescape.wiki/w/Exchange:Super_defence_(4)
Super defence flask (6),1000,https://runescape.wiki/w/Exchange:Super_defence_flask_(6)
Super defence mix (1),1000,https://runescape.wiki/w/Exchange:Super_defence_mix_(1)
Super defence mix (2),1000,https://runescape.wiki/w/Exchange:Super_defence_mix_(2)
Super divination (1),1000,https://runescape.wiki/w/Exchange:Super_divination_(1)
Super divination (2),1000,https://runescape.wiki/w/Exchange:Super_divination_(2)
Super divination (3),1000,https://runescape.wiki/w/Exchange:Super_divination_(3)
Super divination (4),1000,https://runescape.wiki/w/Exchange:Super_divination_(4)
Super divination flask (6),1000,https://runescape.wiki/w/Exchange:Super_divination_flask_(6)
Super energy (1),1000,https://runescape.wiki/w/Exchange:Super_energy_(1)
Super energy (2),1000,https://runescape.wiki/w/Exchange:Super_energy_(2)
Super energy (3),1000,https://runescape.wiki/w/Exchange:Super_energy_(3)
Super energy (4),1000,https://runescape.wiki/w/Exchange:Super_energy_(4)
Super energy flask (6),1000,https://runescape.wiki/w/Exchange:Super_energy_flask_(6)
Super energy mix (1),1000,https://runescape.wiki/w/Exchange:Super_energy_mix_(1)
Super energy mix (2),1000,https://runescape.wiki/w/Exchange:Super_energy_mix_(2)
Super fishing flask (6),100,https://runescape.wiki/w/Exchange:Super_fishing_flask_(6)
Super fishing potion (1),1000,https://runescape.wiki/w/Exchange:Super_fishing_potion_(1)
Super fishing potion (2),1000,https://runescape.wiki/w/Exchange:Super_fishing_potion_(2)
Super fishing potion (3),1000,https://runescape.wiki/w/Exchange:Super_fishing_potion_(3)
Super fishing potion (4),1000,https://runescape.wiki/w/Exchange:Super_fishing_potion_(4)
Super hunter (1),1000,https://runescape.wiki/w/Exchange:Super_hunter_(1)
Super hunter (2),1000,https://runescape.wiki/w/Exchange:Super_hunter_(2)
Super hunter (3),1000,https://runescape.wiki/w/Exchange:Super_hunter_(3)
Super hunter (4),1000,https://runescape.wiki/w/Exchange:Super_hunter_(4)
Super hunter flask (6),1000,https://runescape.wiki/w/Exchange:Super_hunter_flask_(6)
Super invention (1),1000,https://runescape.wiki/w/Exchange:Super_invention_(1)
Super invention (2),1000,https://runescape.wiki/w/Exchange:Super_invention_(2)
Super invention (3),1000,https://runescape.wiki/w/Exchange:Super_invention_(3)
Super invention (4),1000,https://runescape.wiki/w/Exchange:Super_invention_(4)
Super invention flask (6),1000,https://runescape.wiki/w/Exchange:Super_invention_flask_(6)
Super kebab,5000,https://runescape.wiki/w/Exchange:Super_kebab
Super magic flask (6),1000,https://runescape.wiki/w/Exchange:Super_magic_flask_(6)
Super magic mix (1),1000,https://runescape.wiki/w/Exchange:Super_magic_mix_(1)
Super magic mix (2),1000,https://runescape.wiki/w/Exchange:Super_magic_mix_(2)
Super magic potion (1),1000,https://runescape.wiki/w/Exchange:Super_magic_potion_(1)
Super magic potion (2),1000,https://runescape.wiki/w/Exchange:Super_magic_potion_(2)
Super magic potion (3),1000,https://runescape.wiki/w/Exchange:Super_magic_potion_(3)
Super magic potion (4),1000,https://runescape.wiki/w/Exchange:Super_magic_potion_(4)
Super melee potion (6),1000,https://runescape.wiki/w/Exchange:Super_melee_potion_(6)
Super mining flask (6),100,https://runescape.wiki/w/Exchange:Super_mining_flask_(6)
Super mining potion (1),1000,https://runescape.wiki/w/Exchange:Super_mining_potion_(1)
Super mining potion (2),1000,https://runescape.wiki/w/Exchange:Super_mining_potion_(2)
Super mining potion (3),1000,https://runescape.wiki/w/Exchange:Super_mining_potion_(3)
Super mining potion (4),1000,https://runescape.wiki/w/Exchange:Super_mining_potion_(4)
Super necromancy (1),1000,https://runescape.wiki/w/Exchange:Super_necromancy_(1)
Super necromancy (2),1000,https://runescape.wiki/w/Exchange:Super_necromancy_(2)
Super necromancy (3),1000,https://runescape.wiki/w/Exchange:Super_necromancy_(3)
Super necromancy (4),1000,https://runescape.wiki/w/Exchange:Super_necromancy_(4)
Super necromancy flask (6),1000,https://runescape.wiki/w/Exchange:Super_necromancy_flask_(6)
Super prayer (1),1000,https://runescape.wiki/w/Exchange:Super_prayer_(1)
Super prayer (2),1000,https://runescape.wiki/w/Exchange:Super_prayer_(2)
Super prayer (3),1000,https://runescape.wiki/w/Exchange:Super_prayer_(3)
Super prayer (4),1000,https://runescape.wiki/w/Exchange:Super_prayer_(4)
Super prayer flask (6),1000,https://runescape.wiki/w/Exchange:Super_prayer_flask_(6)
Super prayer renewal potion (6),1000,https://runescape.wiki/w/Exchange:Super_prayer_renewal_potion_(6)
Super ranging flask (6),1000,https://runescape.wiki/w/Exchange:Super_ranging_flask_(6)
Super ranging mix (1),1000,https://runescape.wiki/w/Exchange:Super_ranging_mix_(1)
Super ranging mix (2),1000,https://runescape.wiki/w/Exchange:Super_ranging_mix_(2)
Super ranging potion (1),1000,https://runescape.wiki/w/Exchange:Super_ranging_potion_(1)
Super ranging potion (2),1000,https://runescape.wiki/w/Exchange:Super_ranging_potion_(2)
Super ranging potion (3),1000,https://runescape.wiki/w/Exchange:Super_ranging_potion_(3)
Super ranging potion (4),1000,https://runescape.wiki/w/Exchange:Super_ranging_potion_(4)
Super restore (1),1000,https://runescape.wiki/w/Exchange:Super_restore_(1)
Super restore (2),1000,https://runescape.wiki/w/Exchange:Super_restore_(2)
Super restore (3),1000,https://runescape.wiki/w/Exchange:Super_restore_(3)
Super restore (4),1000,https://runescape.wiki/w/Exchange:Super_restore_(4)
Super restore flask (6),1000,https://runescape.wiki/w/Exchange:Super_restore_flask_(6)
Super restore mix (1),1000,https://runescape.wiki/w/Exchange:Super_restore_mix_(1)
Super restore mix (2),1000,https://runescape.wiki/w/Exchange:Super_restore_mix_(2)
Super runecrafting (1),1000,https://runescape.wiki/w/Exchange:Super_runecrafting_(1)
Super runecrafting (2),1000,https://runescape.wiki/w/Exchange:Super_runecrafting_(2)
Super runecrafting (3),1000,https://runescape.wiki/w/Exchange:Super_runecrafting_(3)
Super runecrafting (4),1000,https://runescape.wiki/w/Exchange:Super_runecrafting_(4)
Super runecrafting flask (6),1000,https://runescape.wiki/w/Exchange:Super_runecrafting_flask_(6)
Super strength (1),1000,https://runescape.wiki/w/Exchange:Super_strength_(1)
Super strength (2),1000,https://runescape.wiki/w/Exchange:Super_strength_(2)
Super strength (3),1000,https://runescape.wiki/w/Exchange:Super_strength_(3)
Super strength (4),1000,https://runescape.wiki/w/Exchange:Super_strength_(4)
Super strength flask (6),1000,https://runescape.wiki/w/Exchange:Super_strength_flask_(6)
Super strength mix (1),1000,https://runescape.wiki/w/Exchange:Super_strength_mix_(1)
Super strength mix (2),1000,https://runescape.wiki/w/Exchange:Super_strength_mix_(2)
Super warmaster's potion (6),1000,https://runescape.wiki/w/Exchange:Super_warmaster%27s_potion_(6)
Super woodcutting flask (6),100,https://runescape.wiki/w/Exchange:Super_woodcutting_flask_(6)
Super woodcutting potion (1),1000,https://runescape.wiki/w/Exchange:Super_woodcutting_potion_(1)
Super woodcutting potion (2),1000,https://runescape.wiki/w/Exchange:Super_woodcutting_potion_(2)
Super woodcutting potion (3),1000,https://runescape.wiki/w/Exchange:Super_woodcutting_potion_(3)
Super woodcutting potion (4),1000,https://runescape.wiki/w/Exchange:Super_woodcutting_potion_(4)
Supercompost,20000,https://runescape.wiki/w/Exchange:Supercompost
Superior ancient mace,100,https://runescape.wiki/w/Exchange:Superior_ancient_mace
Superior long bone,2,https://runescape.wiki/w/Exchange:Superior_long_bone
Surfboard emote token,2,https://runescape.wiki/w/Exchange:Surfboard_emote_token
Surfboard shield token,2,https://runescape.wiki/w/Exchange:Surfboard_shield_token
Swamp Titan scroll (Swamp Plague),5000,https://runescape.wiki/w/Exchange:Swamp_Titan_scroll_(Swamp_Plague)
Swamp paste,100,https://runescape.wiki/w/Exchange:Swamp_paste
Swamp tar,20000,https://runescape.wiki/w/Exchange:Swamp_tar
Swamp titan pouch,5000,https://runescape.wiki/w/Exchange:Swamp_titan_pouch
Swamp toad,10000,https://runescape.wiki/w/Exchange:Swamp_toad
Swamp weed,500,https://runescape.wiki/w/Exchange:Swamp_weed
Sweet honeycomb,5000,https://runescape.wiki/w/Exchange:Sweet_honeycomb
Sweet potato,1000,https://runescape.wiki/w/Exchange:Sweet_potato
Sweetcorn,10000,https://runescape.wiki/w/Exchange:Sweetcorn
Sweetcorn seed,500,https://runescape.wiki/w/Exchange:Sweetcorn_seed
Swift whirligig shell,5000,https://runescape.wiki/w/Exchange:Swift_whirligig_shell
Swordfish,10000,https://runescape.wiki/w/Exchange:Swordfish
Swordy McSwordFace,10,https://runescape.wiki/w/Exchange:Swordy_McSwordFace
Symbol of Devastation token,2,https://runescape.wiki/w/Exchange:Symbol_of_Devastation_token
Symbol of Devotion token,2,https://runescape.wiki/w/Exchange:Symbol_of_Devotion_token
Taboo pet token,2,https://runescape.wiki/w/Exchange:Taboo_pet_token
Tagga's corehammer,10,https://runescape.wiki/w/Exchange:Tagga%27s_corehammer
Tai Bwo Wannai Teleport,300,https://runescape.wiki/w/Exchange:Tai_Bwo_Wannai_Teleport
Tainted seed,1,https://runescape.wiki/w/Exchange:Tainted_seed
Talon Beast scroll (Deadly Claw),5000,https://runescape.wiki/w/Exchange:Talon_Beast_scroll_(Deadly_Claw)
Talon beast pouch,5000,https://runescape.wiki/w/Exchange:Talon_beast_pouch
Tan cavalier,2,https://runescape.wiki/w/Exchange:Tan_cavalier
Tangled toads' legs,1000,https://runescape.wiki/w/Exchange:Tangled_toads%27_legs
Tansymum,100,https://runescape.wiki/w/Exchange:Tansymum
Tarromin incense sticks,1000,https://runescape.wiki/w/Exchange:Tarromin_incense_sticks
Tarromin potion (unfinished),10000,https://runescape.wiki/w/Exchange:Tarromin_potion_(unfinished)
Tarromin seed,1000,https://runescape.wiki/w/Exchange:Tarromin_seed
Tarromin tar,10000,https://runescape.wiki/w/Exchange:Tarromin_tar
Tatty graahk fur,100,https://runescape.wiki/w/Exchange:Tatty_graahk_fur
Tatty kyatt fur,100,https://runescape.wiki/w/Exchange:Tatty_kyatt_fur
Tatty larupia fur,100,https://runescape.wiki/w/Exchange:Tatty_larupia_fur
Tavia's fishing rod,2,https://runescape.wiki/w/Exchange:Tavia%27s_fishing_rod
Teacher wand,10,https://runescape.wiki/w/Exchange:Teacher_wand
Teak armchair (flatpack),100,https://runescape.wiki/w/Exchange:Teak_armchair_(flatpack)
Teak armour case (flatpack),100,https://runescape.wiki/w/Exchange:Teak_armour_case_(flatpack)
Teak bed (flatpack),100,https://runescape.wiki/w/Exchange:Teak_bed_(flatpack)
Teak birdhouse,10,https://runescape.wiki/w/Exchange:Teak_birdhouse
Teak cape rack (flatpack),100,https://runescape.wiki/w/Exchange:Teak_cape_rack_(flatpack)
Teak clock (flatpack),100,https://runescape.wiki/w/Exchange:Teak_clock_(flatpack)
Teak dining bench (flatpack),100,https://runescape.wiki/w/Exchange:Teak_dining_bench_(flatpack)
Teak drawers (flatpack),100,https://runescape.wiki/w/Exchange:Teak_drawers_(flatpack)
Teak dresser (flatpack),100,https://runescape.wiki/w/Exchange:Teak_dresser_(flatpack)
Teak fancy dress box (flatpack),100,https://runescape.wiki/w/Exchange:Teak_fancy_dress_box_(flatpack)
Teak frame,10000,https://runescape.wiki/w/Exchange:Teak_frame
Teak kitchen table (flatpack),100,https://runescape.wiki/w/Exchange:Teak_kitchen_table_(flatpack)
Teak logs,25000,https://runescape.wiki/w/Exchange:Teak_logs
Teak magic wardrobe (flatpack),100,https://runescape.wiki/w/Exchange:Teak_magic_wardrobe_(flatpack)
Teak plank,10000,https://runescape.wiki/w/Exchange:Teak_plank
Teak pyre logs,1000,https://runescape.wiki/w/Exchange:Teak_pyre_logs
Teak stock,1000,https://runescape.wiki/w/Exchange:Teak_stock
Teak table (flatpack),100,https://runescape.wiki/w/Exchange:Teak_table_(flatpack)
Teak toy box (flatpack),100,https://runescape.wiki/w/Exchange:Teak_toy_box_(flatpack)
Teak treasure chest (flatpack),100,https://runescape.wiki/w/Exchange:Teak_treasure_chest_(flatpack)
Teak wardrobe (flatpack),100,https://runescape.wiki/w/Exchange:Teak_wardrobe_(flatpack)
Teak wood box,100,https://runescape.wiki/w/Exchange:Teak_wood_box
Teak wood spirit,25000,https://runescape.wiki/w/Exchange:Teak_wood_spirit
Team-1 cape,100,https://runescape.wiki/w/Exchange:Team-1_cape
Team-10 cape,100,https://runescape.wiki/w/Exchange:Team-10_cape
Team-11 cape,100,https://runescape.wiki/w/Exchange:Team-11_cape
Team-12 cape,100,https://runescape.wiki/w/Exchange:Team-12_cape
Team-13 cape,100,https://runescape.wiki/w/Exchange:Team-13_cape
Team-14 cape,100,https://runescape.wiki/w/Exchange:Team-14_cape
Team-15 cape,100,https://runescape.wiki/w/Exchange:Team-15_cape
Team-16 cape,100,https://runescape.wiki/w/Exchange:Team-16_cape
Team-17 cape,100,https://runescape.wiki/w/Exchange:Team-17_cape
Team-18 cape,100,https://runescape.wiki/w/Exchange:Team-18_cape
Team-19 cape,100,https://runescape.wiki/w/Exchange:Team-19_cape
Team-2 cape,100,https://runescape.wiki/w/Exchange:Team-2_cape
Team-20 cape,100,https://runescape.wiki/w/Exchange:Team-20_cape
Team-21 cape,100,https://runescape.wiki/w/Exchange:Team-21_cape
Team-22 cape,100,https://runescape.wiki/w/Exchange:Team-22_cape
Team-23 cape,100,https://runescape.wiki/w/Exchange:Team-23_cape
Team-24 cape,100,https://runescape.wiki/w/Exchange:Team-24_cape
Team-25 cape,100,https://runescape.wiki/w/Exchange:Team-25_cape
Team-26 cape,100,https://runescape.wiki/w/Exchange:Team-26_cape
Team-27 cape,100,https://runescape.wiki/w/Exchange:Team-27_cape
Team-28 cape,100,https://runescape.wiki/w/Exchange:Team-28_cape
Team-29 cape,100,https://runescape.wiki/w/Exchange:Team-29_cape
Team-3 cape,100,https://runescape.wiki/w/Exchange:Team-3_cape
Team-30 cape,100,https://runescape.wiki/w/Exchange:Team-30_cape
Team-31 cape,100,https://runescape.wiki/w/Exchange:Team-31_cape
Team-32 cape,100,https://runescape.wiki/w/Exchange:Team-32_cape
Team-33 cape,100,https://runescape.wiki/w/Exchange:Team-33_cape
Team-34 cape,100,https://runescape.wiki/w/Exchange:Team-34_cape
Team-35 cape,100,https://runescape.wiki/w/Exchange:Team-35_cape
Team-36 cape,100,https://runescape.wiki/w/Exchange:Team-36_cape
Team-37 cape,100,https://runescape.wiki/w/Exchange:Team-37_cape
Team-38 cape,100,https://runescape.wiki/w/Exchange:Team-38_cape
Team-39 cape,100,https://runescape.wiki/w/Exchange:Team-39_cape
Team-4 cape,100,https://runescape.wiki/w/Exchange:Team-4_cape
Team-40 cape,100,https://runescape.wiki/w/Exchange:Team-40_cape
Team-41 cape,100,https://runescape.wiki/w/Exchange:Team-41_cape
Team-42 cape,100,https://runescape.wiki/w/Exchange:Team-42_cape
Team-43 cape,100,https://runescape.wiki/w/Exchange:Team-43_cape
Team-44 cape,100,https://runescape.wiki/w/Exchange:Team-44_cape
Team-45 cape,100,https://runescape.wiki/w/Exchange:Team-45_cape
Team-46 cape,100,https://runescape.wiki/w/Exchange:Team-46_cape
Team-47 cape,100,https://runescape.wiki/w/Exchange:Team-47_cape
Team-48 cape,100,https://runescape.wiki/w/Exchange:Team-48_cape
Team-49 cape,100,https://runescape.wiki/w/Exchange:Team-49_cape
Team-5 cape,100,https://runescape.wiki/w/Exchange:Team-5_cape
Team-50 cape,100,https://runescape.wiki/w/Exchange:Team-50_cape
Team-6 cape,100,https://runescape.wiki/w/Exchange:Team-6_cape
Team-7 cape,100,https://runescape.wiki/w/Exchange:Team-7_cape
Team-8 cape,100,https://runescape.wiki/w/Exchange:Team-8_cape
Team-9 cape,100,https://runescape.wiki/w/Exchange:Team-9_cape
Teasing stick,100,https://runescape.wiki/w/Exchange:Teasing_stick
Tectonic energy,100,https://runescape.wiki/w/Exchange:Tectonic_energy
Tectonic essence,100,https://runescape.wiki/w/Exchange:Tectonic_essence
Tectonic mask,2,https://runescape.wiki/w/Exchange:Tectonic_mask
Tectonic robe bottom,2,https://runescape.wiki/w/Exchange:Tectonic_robe_bottom
Tectonic robe top,2,https://runescape.wiki/w/Exchange:Tectonic_robe_top
Teleport to house,1000,https://runescape.wiki/w/Exchange:Teleport_to_house
Telescope lenses,100,https://runescape.wiki/w/Exchange:Telescope_lenses
Tempered fungal shaft,30000,https://runescape.wiki/w/Exchange:Tempered_fungal_shaft
Terrasaur maul,2,https://runescape.wiki/w/Exchange:Terrasaur_maul
Terrorbird plushie,2,https://runescape.wiki/w/Exchange:Terrorbird_plushie
Test of strength emote token,2,https://runescape.wiki/w/Exchange:Test_of_strength_emote_token
Tetsu body,2,https://runescape.wiki/w/Exchange:Tetsu_body
Tetsu helm,2,https://runescape.wiki/w/Exchange:Tetsu_helm
Tetsu platelegs,2,https://runescape.wiki/w/Exchange:Tetsu_platelegs
Tetsu sword upgrade kit,2,https://runescape.wiki/w/Exchange:Tetsu_sword_upgrade_kit
Thatch spar (dense),100,https://runescape.wiki/w/Exchange:Thatch_spar_(dense)
Thatch spar (light),100,https://runescape.wiki/w/Exchange:Thatch_spar_(light)
Thatch spar (medium),100,https://runescape.wiki/w/Exchange:Thatch_spar_(medium)
The Alms of Death,100,https://runescape.wiki/w/Exchange:The_Alms_of_Death
The Devourer's Nexus (unattuned),100,https://runescape.wiki/w/Exchange:The_Devourer%27s_Nexus_(unattuned)
The Heart teleport,1000,https://runescape.wiki/w/Exchange:The_Heart_teleport
The Leveller and Bucket token,2,https://runescape.wiki/w/Exchange:The_Leveller_and_Bucket_token
Thieves' Guild teleport,100,https://runescape.wiki/w/Exchange:Thieves%27_Guild_teleport
Thin snail,10000,https://runescape.wiki/w/Exchange:Thin_snail
Thin snail meat,1000,https://runescape.wiki/w/Exchange:Thin_snail_meat
Third Age dye,2,https://runescape.wiki/w/Exchange:Third_Age_dye
Third Age iron,5000,https://runescape.wiki/w/Exchange:Third_Age_iron
Third age amulet,2,https://runescape.wiki/w/Exchange:Third_age_amulet
Third age druidic cloak,2,https://runescape.wiki/w/Exchange:Third_age_druidic_cloak
Third age druidic robe bottom,2,https://runescape.wiki/w/Exchange:Third_age_druidic_robe_bottom
Third age druidic robe top,2,https://runescape.wiki/w/Exchange:Third_age_druidic_robe_top
Third age druidic staff,2,https://runescape.wiki/w/Exchange:Third_age_druidic_staff
Third age druidic wreath,2,https://runescape.wiki/w/Exchange:Third_age_druidic_wreath
Third age full helmet,2,https://runescape.wiki/w/Exchange:Third_age_full_helmet
Third age kiteshield,2,https://runescape.wiki/w/Exchange:Third_age_kiteshield
Third age mage hat,2,https://runescape.wiki/w/Exchange:Third_age_mage_hat
Third age platebody,2,https://runescape.wiki/w/Exchange:Third_age_platebody
Third age platelegs,2,https://runescape.wiki/w/Exchange:Third_age_platelegs
Third age ranger body,2,https://runescape.wiki/w/Exchange:Third_age_ranger_body
Third age ranger chaps,2,https://runescape.wiki/w/Exchange:Third_age_ranger_chaps
Third age ranger coif,2,https://runescape.wiki/w/Exchange:Third_age_ranger_coif
Third age robe,2,https://runescape.wiki/w/Exchange:Third_age_robe
Third age robe top,2,https://runescape.wiki/w/Exchange:Third_age_robe_top
Third age vambraces,2,https://runescape.wiki/w/Exchange:Third_age_vambraces
Thorny Snail scroll (Slime Spray),5000,https://runescape.wiki/w/Exchange:Thorny_Snail_scroll_(Slime_Spray)
Thorny snail pouch,5000,https://runescape.wiki/w/Exchange:Thorny_snail_pouch
Thread,10000,https://runescape.wiki/w/Exchange:Thread
Throwing disc token,2,https://runescape.wiki/w/Exchange:Throwing_disc_token
Throwing starfish token,2,https://runescape.wiki/w/Exchange:Throwing_starfish_token
Tiara,1000,https://runescape.wiki/w/Exchange:Tiara
Tiara mould,100,https://runescape.wiki/w/Exchange:Tiara_mould
Timber beam,1000,https://runescape.wiki/w/Exchange:Timber_beam
Timber fungus,10000,https://runescape.wiki/w/Exchange:Timber_fungus
Timber fungus soup,100,https://runescape.wiki/w/Exchange:Timber_fungus_soup
Time rune,25000,https://runescape.wiki/w/Exchange:Time_rune
Timeworn tincture,1000,https://runescape.wiki/w/Exchange:Timeworn_tincture
Tin ore,25000,https://runescape.wiki/w/Exchange:Tin_ore
Tin stone spirit,25000,https://runescape.wiki/w/Exchange:Tin_stone_spirit
Tinderbox,5000,https://runescape.wiki/w/Exchange:Tinderbox
Tiny bladed adamant salvage,25000,https://runescape.wiki/w/Exchange:Tiny_bladed_adamant_salvage
Tiny bladed bronze salvage,25000,https://runescape.wiki/w/Exchange:Tiny_bladed_bronze_salvage
Tiny bladed iron salvage,25000,https://runescape.wiki/w/Exchange:Tiny_bladed_iron_salvage
Tiny bladed mithril salvage,25000,https://runescape.wiki/w/Exchange:Tiny_bladed_mithril_salvage
Tiny bladed necronium salvage,25000,https://runescape.wiki/w/Exchange:Tiny_bladed_necronium_salvage
Tiny bladed orikalkum salvage,25000,https://runescape.wiki/w/Exchange:Tiny_bladed_orikalkum_salvage
Tiny bladed rune salvage,25000,https://runescape.wiki/w/Exchange:Tiny_bladed_rune_salvage
Tiny bladed steel salvage,25000,https://runescape.wiki/w/Exchange:Tiny_bladed_steel_salvage
Tiny blunt adamant salvage,25000,https://runescape.wiki/w/Exchange:Tiny_blunt_adamant_salvage
Tiny blunt bronze salvage,25000,https://runescape.wiki/w/Exchange:Tiny_blunt_bronze_salvage
Tiny blunt iron salvage,25000,https://runescape.wiki/w/Exchange:Tiny_blunt_iron_salvage
Tiny blunt mithril salvage,25000,https://runescape.wiki/w/Exchange:Tiny_blunt_mithril_salvage
Tiny blunt orikalkum salvage,25000,https://runescape.wiki/w/Exchange:Tiny_blunt_orikalkum_salvage
Tiny blunt rune salvage,25000,https://runescape.wiki/w/Exchange:Tiny_blunt_rune_salvage
Tiny blunt steel salvage,25000,https://runescape.wiki/w/Exchange:Tiny_blunt_steel_salvage
Tiny plated adamant salvage,25000,https://runescape.wiki/w/Exchange:Tiny_plated_adamant_salvage
Tiny plated bronze salvage,25000,https://runescape.wiki/w/Exchange:Tiny_plated_bronze_salvage
Tiny plated iron salvage,25000,https://runescape.wiki/w/Exchange:Tiny_plated_iron_salvage
Tiny plated mithril salvage,25000,https://runescape.wiki/w/Exchange:Tiny_plated_mithril_salvage
Tiny plated orikalkum salvage,25000,https://runescape.wiki/w/Exchange:Tiny_plated_orikalkum_salvage
Tiny plated rune salvage,25000,https://runescape.wiki/w/Exchange:Tiny_plated_rune_salvage
Tiny plated steel salvage,25000,https://runescape.wiki/w/Exchange:Tiny_plated_steel_salvage
Tiny spiky adamant salvage,25000,https://runescape.wiki/w/Exchange:Tiny_spiky_adamant_salvage
Tiny spiky bronze salvage,25000,https://runescape.wiki/w/Exchange:Tiny_spiky_bronze_salvage
Tiny spiky iron salvage,25000,https://runescape.wiki/w/Exchange:Tiny_spiky_iron_salvage
Tiny spiky mithril salvage,25000,https://runescape.wiki/w/Exchange:Tiny_spiky_mithril_salvage
Tiny spiky orikalkum salvage,25000,https://runescape.wiki/w/Exchange:Tiny_spiky_orikalkum_salvage
Tiny spiky rune salvage,25000,https://runescape.wiki/w/Exchange:Tiny_spiky_rune_salvage
Tiny spiky steel salvage,25000,https://runescape.wiki/w/Exchange:Tiny_spiky_steel_salvage
Toad batta,1000,https://runescape.wiki/w/Exchange:Toad_batta
Toad crunchies,1000,https://runescape.wiki/w/Exchange:Toad_crunchies
Toad's legs,1000,https://runescape.wiki/w/Exchange:Toad%27s_legs
Toadflax incense sticks,1000,https://runescape.wiki/w/Exchange:Toadflax_incense_sticks
Toadflax potion (unfinished),10000,https://runescape.wiki/w/Exchange:Toadflax_potion_(unfinished)
Toadflax seed,1000,https://runescape.wiki/w/Exchange:Toadflax_seed
Toktz-ket-xil,10,https://runescape.wiki/w/Exchange:Toktz-ket-xil
Toktz-mej-tal,10,https://runescape.wiki/w/Exchange:Toktz-mej-tal
Toktz-xil-ak,10,https://runescape.wiki/w/Exchange:Toktz-xil-ak
Toktz-xil-ek,10,https://runescape.wiki/w/Exchange:Toktz-xil-ek
Toktz-xil-ul,100,https://runescape.wiki/w/Exchange:Toktz-xil-ul
Tomato,10000,https://runescape.wiki/w/Exchange:Tomato
Tomato seed,500,https://runescape.wiki/w/Exchange:Tomato_seed
Tomatoes (5),1000,https://runescape.wiki/w/Exchange:Tomatoes_(5)
Tomb gorilla pet token,25,https://runescape.wiki/w/Exchange:Tomb_gorilla_pet_token
Tombshroom,10000,https://runescape.wiki/w/Exchange:Tombshroom
Tombshroom spore,100,https://runescape.wiki/w/Exchange:Tombshroom_spore
Tooth half of a key,100,https://runescape.wiki/w/Exchange:Tooth_half_of_a_key
Top hat,2,https://runescape.wiki/w/Exchange:Top_hat
Top of the Last Guardian's bow,10,https://runescape.wiki/w/Exchange:Top_of_the_Last_Guardian%27s_bow
Topaz amulet,5000,https://runescape.wiki/w/Exchange:Topaz_amulet
Topaz amulet (unstrung),5000,https://runescape.wiki/w/Exchange:Topaz_amulet_(unstrung)
Topaz bolt tips,10000,https://runescape.wiki/w/Exchange:Topaz_bolt_tips
Topaz bolts,10000,https://runescape.wiki/w/Exchange:Topaz_bolts
Topaz bolts (e),25000,https://runescape.wiki/w/Exchange:Topaz_bolts_(e)
Topaz bracelet,5000,https://runescape.wiki/w/Exchange:Topaz_bracelet
Topaz necklace,5000,https://runescape.wiki/w/Exchange:Topaz_necklace
Topaz ring,10000,https://runescape.wiki/w/Exchange:Topaz_ring
Torag's hammer,10,https://runescape.wiki/w/Exchange:Torag%27s_hammer
Torag's hammer (broken),10,https://runescape.wiki/w/Exchange:Torag%27s_hammer_(broken)
Torag's helm,10,https://runescape.wiki/w/Exchange:Torag%27s_helm
Torag's helm (broken),10,https://runescape.wiki/w/Exchange:Torag%27s_helm_(broken)
Torag's platebody,10,https://runescape.wiki/w/Exchange:Torag%27s_platebody
Torag's platebody (broken),10,https://runescape.wiki/w/Exchange:Torag%27s_platebody_(broken)
Torag's platelegs,10,https://runescape.wiki/w/Exchange:Torag%27s_platelegs
Torag's platelegs (broken),10,https://runescape.wiki/w/Exchange:Torag%27s_platelegs_(broken)
Torn grimoire page,10,https://runescape.wiki/w/Exchange:Torn_grimoire_page
Torstol incense sticks,1000,https://runescape.wiki/w/Exchange:Torstol_incense_sticks
Torstol potion (unfinished),10000,https://runescape.wiki/w/Exchange:Torstol_potion_(unfinished)
Torstol seed,1000,https://runescape.wiki/w/Exchange:Torstol_seed
Tortoise shell,5000,https://runescape.wiki/w/Exchange:Tortoise_shell
Tortured ashes,5000,https://runescape.wiki/w/Exchange:Tortured_ashes
Tortured soul,1000,https://runescape.wiki/w/Exchange:Tortured_soul
Torva armour set,10,https://runescape.wiki/w/Exchange:Torva_armour_set
Torva boots,1,https://runescape.wiki/w/Exchange:Torva_boots
Torva boots shard,120,https://runescape.wiki/w/Exchange:Torva_boots_shard
Torva full helm,2,https://runescape.wiki/w/Exchange:Torva_full_helm
Torva full helm shard,240,https://runescape.wiki/w/Exchange:Torva_full_helm_shard
Torva gloves,1,https://runescape.wiki/w/Exchange:Torva_gloves
Torva gloves shard,120,https://runescape.wiki/w/Exchange:Torva_gloves_shard
Torva platebody,2,https://runescape.wiki/w/Exchange:Torva_platebody
Torva platebody shard,240,https://runescape.wiki/w/Exchange:Torva_platebody_shard
Torva platelegs,2,https://runescape.wiki/w/Exchange:Torva_platelegs
Torva platelegs shard,240,https://runescape.wiki/w/Exchange:Torva_platelegs_shard
Tower skipping ticket,200,https://runescape.wiki/w/Exchange:Tower_skipping_ticket
Toy doll,100,https://runescape.wiki/w/Exchange:Toy_doll
Toy mouse,100,https://runescape.wiki/w/Exchange:Toy_mouse
Toy soldier,100,https://runescape.wiki/w/Exchange:Toy_soldier
Tracking gloves,10,https://runescape.wiki/w/Exchange:Tracking_gloves
Tracking gloves shard,1200,https://runescape.wiki/w/Exchange:Tracking_gloves_shard
Trading sticks,10000,https://runescape.wiki/w/Exchange:Trading_sticks
Traveller's necklace (new),5000,https://runescape.wiki/w/Exchange:Traveller%27s_necklace_(new)
Treasure dive teleport token,2,https://runescape.wiki/w/Exchange:Treasure_dive_teleport_token
Treasure map (Buried Treasure),2,https://runescape.wiki/w/Exchange:Treasure_map_(Buried_Treasure)
Treasure resting animation token,2,https://runescape.wiki/w/Exchange:Treasure_resting_animation_token
Tree-shaking scrimshaw,5,https://runescape.wiki/w/Exchange:Tree-shaking_scrimshaw
Triangle sandwich,1000,https://runescape.wiki/w/Exchange:Triangle_sandwich
Tribal fin,2,https://runescape.wiki/w/Exchange:Tribal_fin
Tribal mask (blue),100,https://runescape.wiki/w/Exchange:Tribal_mask_(blue)
Tribal mask (green),100,https://runescape.wiki/w/Exchange:Tribal_mask_(green)
Tribal mask (orange),100,https://runescape.wiki/w/Exchange:Tribal_mask_(orange)
Tribal pet token,2,https://runescape.wiki/w/Exchange:Tribal_pet_token
Tribal top (blue),100,https://runescape.wiki/w/Exchange:Tribal_top_(blue)
Tribal top (brown),100,https://runescape.wiki/w/Exchange:Tribal_top_(brown)
Tribal top (pink),100,https://runescape.wiki/w/Exchange:Tribal_top_(pink)
Tribal top (yellow),100,https://runescape.wiki/w/Exchange:Tribal_top_(yellow)
Trimmed masterwork melee boots,2,https://runescape.wiki/w/Exchange:Trimmed_masterwork_melee_boots
Trimmed masterwork melee gloves,2,https://runescape.wiki/w/Exchange:Trimmed_masterwork_melee_gloves
Trimmed masterwork melee helm,2,https://runescape.wiki/w/Exchange:Trimmed_masterwork_melee_helm
Trimmed masterwork melee platebody,2,https://runescape.wiki/w/Exchange:Trimmed_masterwork_melee_platebody
Trimmed masterwork melee platelegs,2,https://runescape.wiki/w/Exchange:Trimmed_masterwork_melee_platelegs
Trollheim farm teleport (item),1000,https://runescape.wiki/w/Exchange:Trollheim_farm_teleport_(item)
Trousers (blue),100,https://runescape.wiki/w/Exchange:Trousers_(blue)
Trousers (brown),100,https://runescape.wiki/w/Exchange:Trousers_(brown)
Trousers (lilac),100,https://runescape.wiki/w/Exchange:Trousers_(lilac)
Trout,10000,https://runescape.wiki/w/Exchange:Trout
Tumeken Translocate token,2,https://runescape.wiki/w/Exchange:Tumeken_Translocate_token
Tumeken's Light,2,https://runescape.wiki/w/Exchange:Tumeken%27s_Light
Tuna,10000,https://runescape.wiki/w/Exchange:Tuna
Tuna and corn,10000,https://runescape.wiki/w/Exchange:Tuna_and_corn
Tuna potato,10000,https://runescape.wiki/w/Exchange:Tuna_potato
Turoth boots,100,https://runescape.wiki/w/Exchange:Turoth_boots
Turquoise boots,100,https://runescape.wiki/w/Exchange:Turquoise_boots
Turquoise hat,100,https://runescape.wiki/w/Exchange:Turquoise_hat
Turquoise robe bottoms,100,https://runescape.wiki/w/Exchange:Turquoise_robe_bottoms
Turquoise robe top,100,https://runescape.wiki/w/Exchange:Turquoise_robe_top
Tuska's Wrath ability codex,2,https://runescape.wiki/w/Exchange:Tuska%27s_Wrath_ability_codex
Tuxedo cravat,2,https://runescape.wiki/w/Exchange:Tuxedo_cravat
Tuxedo gloves,2,https://runescape.wiki/w/Exchange:Tuxedo_gloves
Tuxedo jacket,2,https://runescape.wiki/w/Exchange:Tuxedo_jacket
Tuxedo shoes,2,https://runescape.wiki/w/Exchange:Tuxedo_shoes
Tuxedo trousers,2,https://runescape.wiki/w/Exchange:Tuxedo_trousers
Tyras helm,100,https://runescape.wiki/w/Exchange:Tyras_helm
Tyrian purple,5000,https://runescape.wiki/w/Exchange:Tyrian_purple
TzHaar-Ket-Em,10,https://runescape.wiki/w/Exchange:TzHaar-Ket-Em
TzHaar-Ket-Om,10,https://runescape.wiki/w/Exchange:TzHaar-Ket-Om
Ugthanki kebab,1000,https://runescape.wiki/w/Exchange:Ugthanki_kebab
Ugthanki kebab (smelling),1000,https://runescape.wiki/w/Exchange:Ugthanki_kebab_(smelling)
Ugthanki meat,1000,https://runescape.wiki/w/Exchange:Ugthanki_meat
Ugune potion (unfinished),1000,https://runescape.wiki/w/Exchange:Ugune_potion_(unfinished)
Ultracompost,20000,https://runescape.wiki/w/Exchange:Ultracompost
Ultramarine shoulder cape,5,https://runescape.wiki/w/Exchange:Ultramarine_shoulder_cape
Unblessed symbol,5000,https://runescape.wiki/w/Exchange:Unblessed_symbol
Uncooked apple pie,1000,https://runescape.wiki/w/Exchange:Uncooked_apple_pie
Uncooked berry pie,1000,https://runescape.wiki/w/Exchange:Uncooked_berry_pie
Uncooked cake,1000,https://runescape.wiki/w/Exchange:Uncooked_cake
Uncooked curry,200,https://runescape.wiki/w/Exchange:Uncooked_curry
Uncooked egg,1000,https://runescape.wiki/w/Exchange:Uncooked_egg
Uncooked meat pie,1000,https://runescape.wiki/w/Exchange:Uncooked_meat_pie
Uncooked pizza,1000,https://runescape.wiki/w/Exchange:Uncooked_pizza
Uncooked stew,200,https://runescape.wiki/w/Exchange:Uncooked_stew
Uncut diamond,5000,https://runescape.wiki/w/Exchange:Uncut_diamond
Uncut dragonstone,5000,https://runescape.wiki/w/Exchange:Uncut_dragonstone
Uncut emerald,5000,https://runescape.wiki/w/Exchange:Uncut_emerald
Uncut hydrix,100,https://runescape.wiki/w/Exchange:Uncut_hydrix
Uncut jade,5000,https://runescape.wiki/w/Exchange:Uncut_jade
Uncut moonstone,100,https://runescape.wiki/w/Exchange:Uncut_moonstone
Uncut onyx,100,https://runescape.wiki/w/Exchange:Uncut_onyx
Uncut opal,5000,https://runescape.wiki/w/Exchange:Uncut_opal
Uncut red topaz,5000,https://runescape.wiki/w/Exchange:Uncut_red_topaz
Uncut ruby,5000,https://runescape.wiki/w/Exchange:Uncut_ruby
Uncut sapphire,5000,https://runescape.wiki/w/Exchange:Uncut_sapphire
Undead Slayer ability codex,100,https://runescape.wiki/w/Exchange:Undead_Slayer_ability_codex
Undead dragon leather,10000,https://runescape.wiki/w/Exchange:Undead_dragon_leather
Undead dragonhide,10000,https://runescape.wiki/w/Exchange:Undead_dragonhide
Undead dragonhide body,100,https://runescape.wiki/w/Exchange:Undead_dragonhide_body
Undead dragonhide boots,100,https://runescape.wiki/w/Exchange:Undead_dragonhide_boots
Undead dragonhide chaps,100,https://runescape.wiki/w/Exchange:Undead_dragonhide_chaps
Undead dragonhide coif,100,https://runescape.wiki/w/Exchange:Undead_dragonhide_coif
Undead dragonhide vambraces,100,https://runescape.wiki/w/Exchange:Undead_dragonhide_vambraces
Unfinished broad bolts,10000,https://runescape.wiki/w/Exchange:Unfinished_broad_bolts
Unfired plant pot,100,https://runescape.wiki/w/Exchange:Unfired_plant_pot
Unfired pot lid,100,https://runescape.wiki/w/Exchange:Unfired_pot_lid
Unholy symbol,5000,https://runescape.wiki/w/Exchange:Unholy_symbol
Unicorn Stallion scroll (Healing Aura),5000,https://runescape.wiki/w/Exchange:Unicorn_Stallion_scroll_(Healing_Aura)
Unicorn horn,10000,https://runescape.wiki/w/Exchange:Unicorn_horn
Unicorn horn dust,10000,https://runescape.wiki/w/Exchange:Unicorn_horn_dust
Unicorn stallion pouch,5000,https://runescape.wiki/w/Exchange:Unicorn_stallion_pouch
Unlit bug lantern,100,https://runescape.wiki/w/Exchange:Unlit_bug_lantern
Unlit dark fire arrows,1000,https://runescape.wiki/w/Exchange:Unlit_dark_fire_arrows
Unlit torch,100,https://runescape.wiki/w/Exchange:Unlit_torch
Unpowered orb,5000,https://runescape.wiki/w/Exchange:Unpowered_orb
Unpowered symbol,5000,https://runescape.wiki/w/Exchange:Unpowered_symbol
Unstrung comp bow,100,https://runescape.wiki/w/Exchange:Unstrung_comp_bow
Unstrung emblem,5000,https://runescape.wiki/w/Exchange:Unstrung_emblem
Unstrung symbol,5000,https://runescape.wiki/w/Exchange:Unstrung_symbol
Upgraded bone blowpipe,2,https://runescape.wiki/w/Exchange:Upgraded_bone_blowpipe
Vampyre Bat scroll (Vampyre Touch),5000,https://runescape.wiki/w/Exchange:Vampyre_Bat_scroll_(Vampyre_Touch)
Vampyre bat pouch,5000,https://runescape.wiki/w/Exchange:Vampyre_bat_pouch
Vampyre dust,5000,https://runescape.wiki/w/Exchange:Vampyre_dust
Vampyrism gloves,2,https://runescape.wiki/w/Exchange:Vampyrism_gloves
Vanilla cheesecake,1000,https://runescape.wiki/w/Exchange:Vanilla_cheesecake
Vanilla cow (unchecked),100,https://runescape.wiki/w/Exchange:Vanilla_cow_(unchecked)
Vanilla cream cheese,10000,https://runescape.wiki/w/Exchange:Vanilla_cream_cheese
Vanilla hair head token,2,https://runescape.wiki/w/Exchange:Vanilla_hair_head_token
Vanilla milk,100,https://runescape.wiki/w/Exchange:Vanilla_milk
Varanus's Mercy,2,https://runescape.wiki/w/Exchange:Varanus%27s_Mercy
Varrock teleport (item),1000,https://runescape.wiki/w/Exchange:Varrock_teleport_(item)
Varrockian red hen (unchecked),100,https://runescape.wiki/w/Exchange:Varrockian_red_hen_(unchecked)
Vecna skull,2,https://runescape.wiki/w/Exchange:Vecna_skull
Veg ball,1000,https://runescape.wiki/w/Exchange:Veg_ball
Vegetable apron token,2,https://runescape.wiki/w/Exchange:Vegetable_apron_token
Vegetable batta,1000,https://runescape.wiki/w/Exchange:Vegetable_batta
Vellum,5000,https://runescape.wiki/w/Exchange:Vellum
Vengeful kiteshield,1,https://runescape.wiki/w/Exchange:Vengeful_kiteshield
Venomous dinosaur (unchecked),100,https://runescape.wiki/w/Exchange:Venomous_dinosaur_(unchecked)
Venturer outfit token,2,https://runescape.wiki/w/Exchange:Venturer_outfit_token
Verac's brassard,10,https://runescape.wiki/w/Exchange:Verac%27s_brassard
Verac's brassard (broken),10,https://runescape.wiki/w/Exchange:Verac%27s_brassard_(broken)
Verac's flail,10,https://runescape.wiki/w/Exchange:Verac%27s_flail
Verac's flail (broken),10,https://runescape.wiki/w/Exchange:Verac%27s_flail_(broken)
Verac's helm,10,https://runescape.wiki/w/Exchange:Verac%27s_helm
Verac's helm (broken),10,https://runescape.wiki/w/Exchange:Verac%27s_helm_(broken)
Verac's plateskirt,10,https://runescape.wiki/w/Exchange:Verac%27s_plateskirt
Verac's plateskirt (broken),10,https://runescape.wiki/w/Exchange:Verac%27s_plateskirt_(broken)
Vesta's chainbody,10,https://runescape.wiki/w/Exchange:Vesta%27s_chainbody
Vesta's longsword,10,https://runescape.wiki/w/Exchange:Vesta%27s_longsword
Vesta's plateskirt,10,https://runescape.wiki/w/Exchange:Vesta%27s_plateskirt
Vesta's spear,10,https://runescape.wiki/w/Exchange:Vesta%27s_spear
Vestments of havoc boots,2,https://runescape.wiki/w/Exchange:Vestments_of_havoc_boots
Vestments of havoc hood,1,https://runescape.wiki/w/Exchange:Vestments_of_havoc_hood
Vestments of havoc robe bottom,1,https://runescape.wiki/w/Exchange:Vestments_of_havoc_robe_bottom
Vestments of havoc robe top,1,https://runescape.wiki/w/Exchange:Vestments_of_havoc_robe_top
Vial,10000,https://runescape.wiki/w/Exchange:Vial
Vial of water,10000,https://runescape.wiki/w/Exchange:Vial_of_water
Vibrant energy,25000,https://runescape.wiki/w/Exchange:Vibrant_energy
Villager armband (blue),100,https://runescape.wiki/w/Exchange:Villager_armband_(blue)
Villager armband (brown),100,https://runescape.wiki/w/Exchange:Villager_armband_(brown)
Villager armband (pink),100,https://runescape.wiki/w/Exchange:Villager_armband_(pink)
Villager armband (yellow),100,https://runescape.wiki/w/Exchange:Villager_armband_(yellow)
Villager hat (blue),100,https://runescape.wiki/w/Exchange:Villager_hat_(blue)
Villager hat (brown),100,https://runescape.wiki/w/Exchange:Villager_hat_(brown)
Villager hat (pink),100,https://runescape.wiki/w/Exchange:Villager_hat_(pink)
Villager hat (yellow),100,https://runescape.wiki/w/Exchange:Villager_hat_(yellow)
Villager robe (blue),100,https://runescape.wiki/w/Exchange:Villager_robe_(blue)
Villager robe (brown),100,https://runescape.wiki/w/Exchange:Villager_robe_(brown)
Villager robe (pink),100,https://runescape.wiki/w/Exchange:Villager_robe_(pink)
Villager robe (yellow),100,https://runescape.wiki/w/Exchange:Villager_robe_(yellow)
Villager sandals (blue),100,https://runescape.wiki/w/Exchange:Villager_sandals_(blue)
Villager sandals (brown),100,https://runescape.wiki/w/Exchange:Villager_sandals_(brown)
Villager sandals (pink),100,https://runescape.wiki/w/Exchange:Villager_sandals_(pink)
Villager sandals (yellow),100,https://runescape.wiki/w/Exchange:Villager_sandals_(yellow)
Viridian chinchompa (unchecked),100,https://runescape.wiki/w/Exchange:Viridian_chinchompa_(unchecked)
Viridian skillchompa,20000,https://runescape.wiki/w/Exchange:Viridian_skillchompa
Virtus armour set,10,https://runescape.wiki/w/Exchange:Virtus_armour_set
Virtus book,5,https://runescape.wiki/w/Exchange:Virtus_book
Virtus book shard,600,https://runescape.wiki/w/Exchange:Virtus_book_shard
Virtus boots,1,https://runescape.wiki/w/Exchange:Virtus_boots
Virtus boots shard,120,https://runescape.wiki/w/Exchange:Virtus_boots_shard
Virtus gloves,1,https://runescape.wiki/w/Exchange:Virtus_gloves
Virtus gloves shard,120,https://runescape.wiki/w/Exchange:Virtus_gloves_shard
Virtus mask,2,https://runescape.wiki/w/Exchange:Virtus_mask
Virtus mask shard,240,https://runescape.wiki/w/Exchange:Virtus_mask_shard
Virtus robe legs,2,https://runescape.wiki/w/Exchange:Virtus_robe_legs
Virtus robe legs shard,240,https://runescape.wiki/w/Exchange:Virtus_robe_legs_shard
Virtus robe top,2,https://runescape.wiki/w/Exchange:Virtus_robe_top
Virtus robe top shard,240,https://runescape.wiki/w/Exchange:Virtus_robe_top_shard
Virtus wand,5,https://runescape.wiki/w/Exchange:Virtus_wand
Virtus wand shard,600,https://runescape.wiki/w/Exchange:Virtus_wand_shard
Vis wax,500,https://runescape.wiki/w/Exchange:Vis_wax
Visage of the First Necromancer,2,https://runescape.wiki/w/Exchange:Visage_of_the_First_Necromancer
Vital spark,2000,https://runescape.wiki/w/Exchange:Vital_spark
Vodka,1000,https://runescape.wiki/w/Exchange:Vodka
Void ravager pouch,5000,https://runescape.wiki/w/Exchange:Void_ravager_pouch
Void scroll (Call to Arms),5000,https://runescape.wiki/w/Exchange:Void_scroll_(Call_to_Arms)
Void shifter pouch,5000,https://runescape.wiki/w/Exchange:Void_shifter_pouch
Void spinner pouch,5000,https://runescape.wiki/w/Exchange:Void_spinner_pouch
Void torcher pouch,5000,https://runescape.wiki/w/Exchange:Void_torcher_pouch
Volatile chinchompa (unchecked),100,https://runescape.wiki/w/Exchange:Volatile_chinchompa_(unchecked)
Volatile runic brick,10000,https://runescape.wiki/w/Exchange:Volatile_runic_brick
Volcanic ash,5000,https://runescape.wiki/w/Exchange:Volcanic_ash
Volcanic fragments,2,https://runescape.wiki/w/Exchange:Volcanic_fragments
Vorkath Necromancy weapon override token,2,https://runescape.wiki/w/Exchange:Vorkath_Necromancy_weapon_override_token
Vorkath's scale,5,https://runescape.wiki/w/Exchange:Vorkath%27s_scale
Vorkath's spike,100,https://runescape.wiki/w/Exchange:Vorkath%27s_spike
Vulatrice egg,5000,https://runescape.wiki/w/Exchange:Vulatrice_egg
Vulcanised rubber,5000,https://runescape.wiki/w/Exchange:Vulcanised_rubber
Vulnerability bomb,1000,https://runescape.wiki/w/Exchange:Vulnerability_bomb
Vyrewatch legs,100,https://runescape.wiki/w/Exchange:Vyrewatch_legs
Vyrewatch shoes,100,https://runescape.wiki/w/Exchange:Vyrewatch_shoes
Vyrewatch top,100,https://runescape.wiki/w/Exchange:Vyrewatch_top
Walk the Plank emote token,2,https://runescape.wiki/w/Exchange:Walk_the_Plank_emote_token
Wallace Bunny appearance token,2,https://runescape.wiki/w/Exchange:Wallace_Bunny_appearance_token
Wand of the Cywir elders,2,https://runescape.wiki/w/Exchange:Wand_of_the_Cywir_elders
Wand of the cywir elders shard,240,https://runescape.wiki/w/Exchange:Wand_of_the_cywir_elders_shard
Wand of the praesul,1,https://runescape.wiki/w/Exchange:Wand_of_the_praesul
Wand of the praesul shard,120,https://runescape.wiki/w/Exchange:Wand_of_the_praesul_shard
Wand of treachery,100,https://runescape.wiki/w/Exchange:Wand_of_treachery
War Tortoise scroll (Testudo),5000,https://runescape.wiki/w/Exchange:War_Tortoise_scroll_(Testudo)
War tortoise pouch,5000,https://runescape.wiki/w/Exchange:War_tortoise_pouch
Ward of subjugation,1,https://runescape.wiki/w/Exchange:Ward_of_subjugation
Ward of subjugation shard,120,https://runescape.wiki/w/Exchange:Ward_of_subjugation_shard
Warforged bronze,5000,https://runescape.wiki/w/Exchange:Warforged_bronze
Warped Basic Attack (Necromancy) cosmetic ability scroll,2,https://runescape.wiki/w/Exchange:Warped_Basic_Attack_(Necromancy)_cosmetic_ability_scroll
Warped Daemonheim Armour Token,2,https://runescape.wiki/w/Exchange:Warped_Daemonheim_Armour_Token
Warped Deadshot cosmetic ability scroll,2,https://runescape.wiki/w/Exchange:Warped_Deadshot_cosmetic_ability_scroll
Warped Death Skulls cosmetic ability scroll,2,https://runescape.wiki/w/Exchange:Warped_Death_Skulls_cosmetic_ability_scroll
Warped Dive cosmetic ability scroll,2,https://runescape.wiki/w/Exchange:Warped_Dive_cosmetic_ability_scroll
Warped Escape cosmetic ability scroll,2,https://runescape.wiki/w/Exchange:Warped_Escape_cosmetic_ability_scroll
Warped Finger of Death cosmetic ability scroll,2,https://runescape.wiki/w/Exchange:Warped_Finger_of_Death_cosmetic_ability_scroll
Warped Kinship Teleport token,2,https://runescape.wiki/w/Exchange:Warped_Kinship_Teleport_token
Warped Living Death cosmetic ability scroll,2,https://runescape.wiki/w/Exchange:Warped_Living_Death_cosmetic_ability_scroll
Warped Loot Beam token,2,https://runescape.wiki/w/Exchange:Warped_Loot_Beam_token
Warped Omnipower cosmetic ability scroll,2,https://runescape.wiki/w/Exchange:Warped_Omnipower_cosmetic_ability_scroll
Warped Overpower cosmetic ability scroll,2,https://runescape.wiki/w/Exchange:Warped_Overpower_cosmetic_ability_scroll
Warped Surge cosmetic ability scroll,2,https://runescape.wiki/w/Exchange:Warped_Surge_cosmetic_ability_scroll
Warped Touch of Death cosmetic ability scroll,2,https://runescape.wiki/w/Exchange:Warped_Touch_of_Death_cosmetic_ability_scroll
Warped Trail token,2,https://runescape.wiki/w/Exchange:Warped_Trail_token
Warrior helm,100,https://runescape.wiki/w/Exchange:Warrior_helm
Warrior ring,10,https://runescape.wiki/w/Exchange:Warrior_ring
Warrior ring shard,1200,https://runescape.wiki/w/Exchange:Warrior_ring_shard
Watchtower teleport (item),1000,https://runescape.wiki/w/Exchange:Watchtower_teleport_(item)
Water balloon launcher token,2,https://runescape.wiki/w/Exchange:Water_balloon_launcher_token
Water battlestaff,1000,https://runescape.wiki/w/Exchange:Water_battlestaff
Water orb,5000,https://runescape.wiki/w/Exchange:Water_orb
Water rune,25000,https://runescape.wiki/w/Exchange:Water_rune
Water talisman,5000,https://runescape.wiki/w/Exchange:Water_talisman
Water tiara,100,https://runescape.wiki/w/Exchange:Water_tiara
Waterbirth teleport (item),1000,https://runescape.wiki/w/Exchange:Waterbirth_teleport_(item)
Waterfiend scroll (Straight Flush),5000,https://runescape.wiki/w/Exchange:Waterfiend_scroll_(Straight_Flush)
Watering can,100,https://runescape.wiki/w/Exchange:Watering_can
Watermelon,10000,https://runescape.wiki/w/Exchange:Watermelon
Watermelon parasol,2,https://runescape.wiki/w/Exchange:Watermelon_parasol
Watermelon seed,500,https://runescape.wiki/w/Exchange:Watermelon_seed
Watermelon slice,1000,https://runescape.wiki/w/Exchange:Watermelon_slice
Waterskin (0),100,https://runescape.wiki/w/Exchange:Waterskin_(0)
Waterskin (4),100,https://runescape.wiki/w/Exchange:Waterskin_(4)
Weapon poison (1),1000,https://runescape.wiki/w/Exchange:Weapon_poison_(1)
Weapon poison (2),1000,https://runescape.wiki/w/Exchange:Weapon_poison_(2)
Weapon poison (3),1000,https://runescape.wiki/w/Exchange:Weapon_poison_(3)
Weapon poison (4),1000,https://runescape.wiki/w/Exchange:Weapon_poison_(4)
Weapon poison flask (1),1000,https://runescape.wiki/w/Exchange:Weapon_poison_flask_(1)
Weapon poison flask (2),1000,https://runescape.wiki/w/Exchange:Weapon_poison_flask_(2)
Weapon poison flask (3),1000,https://runescape.wiki/w/Exchange:Weapon_poison_flask_(3)
Weapon poison flask (4),1000,https://runescape.wiki/w/Exchange:Weapon_poison_flask_(4)
Weapon poison flask (5),1000,https://runescape.wiki/w/Exchange:Weapon_poison_flask_(5)
Weapon poison flask (6),1000,https://runescape.wiki/w/Exchange:Weapon_poison_flask_(6)
Weapon poison+ (1),1000,https://runescape.wiki/w/Exchange:Weapon_poison%2B_(1)
Weapon poison+ (2),1000,https://runescape.wiki/w/Exchange:Weapon_poison%2B_(2)
Weapon poison+ (3),1000,https://runescape.wiki/w/Exchange:Weapon_poison%2B_(3)
Weapon poison+ (4),1000,https://runescape.wiki/w/Exchange:Weapon_poison%2B_(4)
Weapon poison+ flask (1),1000,https://runescape.wiki/w/Exchange:Weapon_poison%2B_flask_(1)
Weapon poison+ flask (2),1000,https://runescape.wiki/w/Exchange:Weapon_poison%2B_flask_(2)
Weapon poison+ flask (3),1000,https://runescape.wiki/w/Exchange:Weapon_poison%2B_flask_(3)
Weapon poison+ flask (4),1000,https://runescape.wiki/w/Exchange:Weapon_poison%2B_flask_(4)
Weapon poison+ flask (5),1000,https://runescape.wiki/w/Exchange:Weapon_poison%2B_flask_(5)
Weapon poison+ flask (6),1000,https://runescape.wiki/w/Exchange:Weapon_poison%2B_flask_(6)
Weapon poison++ (1),1000,https://runescape.wiki/w/Exchange:Weapon_poison%2B%2B_(1)
Weapon poison++ (2),1000,https://runescape.wiki/w/Exchange:Weapon_poison%2B%2B_(2)
Weapon poison++ (3),1000,https://runescape.wiki/w/Exchange:Weapon_poison%2B%2B_(3)
Weapon poison++ (4),1000,https://runescape.wiki/w/Exchange:Weapon_poison%2B%2B_(4)
Weapon poison++ flask (1),1000,https://runescape.wiki/w/Exchange:Weapon_poison%2B%2B_flask_(1)
Weapon poison++ flask (2),1000,https://runescape.wiki/w/Exchange:Weapon_poison%2B%2B_flask_(2)
Weapon poison++ flask (3),1000,https://runescape.wiki/w/Exchange:Weapon_poison%2B%2B_flask_(3)
Weapon poison++ flask (4),1000,https://runescape.wiki/w/Exchange:Weapon_poison%2B%2B_flask_(4)
Weapon poison++ flask (5),1000,https://runescape.wiki/w/Exchange:Weapon_poison%2B%2B_flask_(5)
Weapon poison++ flask (6),1000,https://runescape.wiki/w/Exchange:Weapon_poison%2B%2B_flask_(6)
Weapon poison+++ (1),1000,https://runescape.wiki/w/Exchange:Weapon_poison%2B%2B%2B_(1)
Weapon poison+++ (2),1000,https://runescape.wiki/w/Exchange:Weapon_poison%2B%2B%2B_(2)
Weapon poison+++ (3),1000,https://runescape.wiki/w/Exchange:Weapon_poison%2B%2B%2B_(3)
Weapon poison+++ (4),1000,https://runescape.wiki/w/Exchange:Weapon_poison%2B%2B%2B_(4)
Weapon poison+++ flask (6),1000,https://runescape.wiki/w/Exchange:Weapon_poison%2B%2B%2B_flask_(6)
Wen arrow,10000,https://runescape.wiki/w/Exchange:Wen_arrow
Wendlewick ale,100,https://runescape.wiki/w/Exchange:Wendlewick_ale
Wendlewick ale (1),100,https://runescape.wiki/w/Exchange:Wendlewick_ale_(1)
Wendlewick ale (2),100,https://runescape.wiki/w/Exchange:Wendlewick_ale_(2)
Wendlewick ale (3),100,https://runescape.wiki/w/Exchange:Wendlewick_ale_(3)
Wendlewick ale (4),100,https://runescape.wiki/w/Exchange:Wendlewick_ale_(4)
Wendlewick ale (m),100,https://runescape.wiki/w/Exchange:Wendlewick_ale_(m)
Wendlewick ale (m1),100,https://runescape.wiki/w/Exchange:Wendlewick_ale_(m1)
Wendlewick ale (m2),100,https://runescape.wiki/w/Exchange:Wendlewick_ale_(m2)
Wendlewick ale (m3),100,https://runescape.wiki/w/Exchange:Wendlewick_ale_(m3)
Wendlewick ale (m4),100,https://runescape.wiki/w/Exchange:Wendlewick_ale_(m4)
Wendlewick hops,1000,https://runescape.wiki/w/Exchange:Wendlewick_hops
Wendlewick seed,100,https://runescape.wiki/w/Exchange:Wendlewick_seed
Wendlewick teleport (item),1000,https://runescape.wiki/w/Exchange:Wendlewick_teleport_(item)
Wergali incense sticks,1000,https://runescape.wiki/w/Exchange:Wergali_incense_sticks
Wergali potion (unfinished),10000,https://runescape.wiki/w/Exchange:Wergali_potion_(unfinished)
Wergali seed,1000,https://runescape.wiki/w/Exchange:Wergali_seed
Western kharazi jungle teleport (item),1000,https://runescape.wiki/w/Exchange:Western_kharazi_jungle_teleport_(item)
Wheat,1000,https://runescape.wiki/w/Exchange:Wheat
Whetstone (device),10,https://runescape.wiki/w/Exchange:Whetstone_(device)
Whip vine,1,https://runescape.wiki/w/Exchange:Whip_vine
Whisky,1000,https://runescape.wiki/w/Exchange:Whisky
White 2h sword,100,https://runescape.wiki/w/Exchange:White_2h_sword
White apron,100,https://runescape.wiki/w/Exchange:White_apron
White battleaxe,100,https://runescape.wiki/w/Exchange:White_battleaxe
White bead,100,https://runescape.wiki/w/Exchange:White_bead
White beret,2,https://runescape.wiki/w/Exchange:White_beret
White berries,10000,https://runescape.wiki/w/Exchange:White_berries
White boots,100,https://runescape.wiki/w/Exchange:White_boots
White candle,100,https://runescape.wiki/w/Exchange:White_candle
White chainbody,100,https://runescape.wiki/w/Exchange:White_chainbody
White claw,100,https://runescape.wiki/w/Exchange:White_claw
White dagger,100,https://runescape.wiki/w/Exchange:White_dagger
White elegant blouse,2,https://runescape.wiki/w/Exchange:White_elegant_blouse
White elegant skirt,2,https://runescape.wiki/w/Exchange:White_elegant_skirt
White ewe (unchecked),100,https://runescape.wiki/w/Exchange:White_ewe_(unchecked)
White firelighter,100,https://runescape.wiki/w/Exchange:White_firelighter
White flowers,100,https://runescape.wiki/w/Exchange:White_flowers
White full helm,100,https://runescape.wiki/w/Exchange:White_full_helm
White gauntlets,100,https://runescape.wiki/w/Exchange:White_gauntlets
White halberd,100,https://runescape.wiki/w/Exchange:White_halberd
White helm,100,https://runescape.wiki/w/Exchange:White_helm
White kiteshield,100,https://runescape.wiki/w/Exchange:White_kiteshield
White longsword,100,https://runescape.wiki/w/Exchange:White_longsword
White mace,100,https://runescape.wiki/w/Exchange:White_mace
White magic staff,100,https://runescape.wiki/w/Exchange:White_magic_staff
White marble,5000,https://runescape.wiki/w/Exchange:White_marble
White oak,5000,https://runescape.wiki/w/Exchange:White_oak
White partyhat,2,https://runescape.wiki/w/Exchange:White_partyhat
White platebody,100,https://runescape.wiki/w/Exchange:White_platebody
White platelegs,100,https://runescape.wiki/w/Exchange:White_platelegs
White plateskirt,100,https://runescape.wiki/w/Exchange:White_plateskirt
White ram (unchecked),100,https://runescape.wiki/w/Exchange:White_ram_(unchecked)
White scimitar,100,https://runescape.wiki/w/Exchange:White_scimitar
White sq shield,100,https://runescape.wiki/w/Exchange:White_sq_shield
White strawberry,1000,https://runescape.wiki/w/Exchange:White_strawberry
White sword,100,https://runescape.wiki/w/Exchange:White_sword
White unicorn mask,2,https://runescape.wiki/w/Exchange:White_unicorn_mask
White warhammer,100,https://runescape.wiki/w/Exchange:White_warhammer
Whiteberry seed,100,https://runescape.wiki/w/Exchange:Whiteberry_seed
Whopper-baiting scrimshaw,5,https://runescape.wiki/w/Exchange:Whopper-baiting_scrimshaw
Wild arrow,10000,https://runescape.wiki/w/Exchange:Wild_arrow
Wild pie,1000,https://runescape.wiki/w/Exchange:Wild_pie
Wildblood hops,1000,https://runescape.wiki/w/Exchange:Wildblood_hops
Wildblood seed,100,https://runescape.wiki/w/Exchange:Wildblood_seed
Wilder pie,1000,https://runescape.wiki/w/Exchange:Wilder_pie
Wilderness hilt,4,https://runescape.wiki/w/Exchange:Wilderness_hilt
Wilderness shoulder cape,5,https://runescape.wiki/w/Exchange:Wilderness_shoulder_cape
Willow Bunny appearance token,2,https://runescape.wiki/w/Exchange:Willow_Bunny_appearance_token
Willow birdhouse,10,https://runescape.wiki/w/Exchange:Willow_birdhouse
Willow blackjack (d),100,https://runescape.wiki/w/Exchange:Willow_blackjack_(d)
Willow blackjack (o),100,https://runescape.wiki/w/Exchange:Willow_blackjack_(o)
Willow branch,200,https://runescape.wiki/w/Exchange:Willow_branch
Willow composite bow,2,https://runescape.wiki/w/Exchange:Willow_composite_bow
Willow frame,10000,https://runescape.wiki/w/Exchange:Willow_frame
Willow incense sticks,1000,https://runescape.wiki/w/Exchange:Willow_incense_sticks
Willow logs,25000,https://runescape.wiki/w/Exchange:Willow_logs
Willow plank,10000,https://runescape.wiki/w/Exchange:Willow_plank
Willow pyre logs,1000,https://runescape.wiki/w/Exchange:Willow_pyre_logs
Willow roots,100,https://runescape.wiki/w/Exchange:Willow_roots
Willow seed,100,https://runescape.wiki/w/Exchange:Willow_seed
Willow shieldbow,5000,https://runescape.wiki/w/Exchange:Willow_shieldbow
Willow shieldbow (unstrung),10000,https://runescape.wiki/w/Exchange:Willow_shieldbow_(unstrung)
Willow shortbow,5000,https://runescape.wiki/w/Exchange:Willow_shortbow
Willow shortbow (unstrung),10000,https://runescape.wiki/w/Exchange:Willow_shortbow_(unstrung)
Willow stock,1000,https://runescape.wiki/w/Exchange:Willow_stock
Willow wood box,100,https://runescape.wiki/w/Exchange:Willow_wood_box
Willow wood spirit,25000,https://runescape.wiki/w/Exchange:Willow_wood_spirit
Willow-blackjack,100,https://runescape.wiki/w/Exchange:Willow-blackjack
Wimpy feather,5000,https://runescape.wiki/w/Exchange:Wimpy_feather
Wine of Guthix,10000,https://runescape.wiki/w/Exchange:Wine_of_Guthix
Wine of Saradomin,10000,https://runescape.wiki/w/Exchange:Wine_of_Saradomin
Wine of Zamorak,10000,https://runescape.wiki/w/Exchange:Wine_of_Zamorak
Wings of War,5000,https://runescape.wiki/w/Exchange:Wings_of_War
Winter Hat (Aurora),2,https://runescape.wiki/w/Exchange:Winter_Hat_(Aurora)
Winter Scarf (Aurora),2,https://runescape.wiki/w/Exchange:Winter_Scarf_(Aurora)
Winter Sports Outfit token,2,https://runescape.wiki/w/Exchange:Winter_Sports_Outfit_token
Winterwold ewe (unchecked),100,https://runescape.wiki/w/Exchange:Winterwold_ewe_(unchecked)
Winterwold ram (unchecked),100,https://runescape.wiki/w/Exchange:Winterwold_ram_(unchecked)
Winterwold wool,5000,https://runescape.wiki/w/Exchange:Winterwold_wool
Wise Old Man T-shirt token,2,https://runescape.wiki/w/Exchange:Wise_Old_Man_T-shirt_token
Witch's Outfit token,2,https://runescape.wiki/w/Exchange:Witch%27s_Outfit_token
Witch's Ride walk token,2,https://runescape.wiki/w/Exchange:Witch%27s_Ride_walk_token
Witch's broom staff token,2,https://runescape.wiki/w/Exchange:Witch%27s_broom_staff_token
Witch's potion token,2,https://runescape.wiki/w/Exchange:Witch%27s_potion_token
Wizard Blizzard,500,https://runescape.wiki/w/Exchange:Wizard_Blizzard
Wizard book,5,https://runescape.wiki/w/Exchange:Wizard_book
Wizard boots,10,https://runescape.wiki/w/Exchange:Wizard_boots
Wizard boots (t),2,https://runescape.wiki/w/Exchange:Wizard_boots_(t)
Wizard gloves,10,https://runescape.wiki/w/Exchange:Wizard_gloves
Wizard hat,100,https://runescape.wiki/w/Exchange:Wizard_hat
Wizard hat (g),2,https://runescape.wiki/w/Exchange:Wizard_hat_(g)
Wizard hat (t),2,https://runescape.wiki/w/Exchange:Wizard_hat_(t)
Wizard robe skirt,100,https://runescape.wiki/w/Exchange:Wizard_robe_skirt
Wizard robe skirt (g),2,https://runescape.wiki/w/Exchange:Wizard_robe_skirt_(g)
Wizard robe skirt (t),2,https://runescape.wiki/w/Exchange:Wizard_robe_skirt_(t)
Wizard robe top,100,https://runescape.wiki/w/Exchange:Wizard_robe_top
Wizard robe top (g),2,https://runescape.wiki/w/Exchange:Wizard_robe_top_(g)
Wizard robe top (t),2,https://runescape.wiki/w/Exchange:Wizard_robe_top_(t)
Wizard shield,100,https://runescape.wiki/w/Exchange:Wizard_shield
Wizard wand,100,https://runescape.wiki/w/Exchange:Wizard_wand
Wizard's mind bomb,100,https://runescape.wiki/w/Exchange:Wizard%27s_mind_bomb
Wizard's mind bomb (m),100,https://runescape.wiki/w/Exchange:Wizard%27s_mind_bomb_(m)
Woad leaf,100,https://runescape.wiki/w/Exchange:Woad_leaf
Woad seed,1000,https://runescape.wiki/w/Exchange:Woad_seed
Wolf bone arrowheads,1000,https://runescape.wiki/w/Exchange:Wolf_bone_arrowheads
Wolf bones,1000,https://runescape.wiki/w/Exchange:Wolf_bones
Wolf mask,2,https://runescape.wiki/w/Exchange:Wolf_mask
Wolf staff,2,https://runescape.wiki/w/Exchange:Wolf_staff
Wolpertinger companion pet token,2,https://runescape.wiki/w/Exchange:Wolpertinger_companion_pet_token
Wolpertinger pouch,5000,https://runescape.wiki/w/Exchange:Wolpertinger_pouch
Wolpertinger scroll (Magic Focus),5000,https://runescape.wiki/w/Exchange:Wolpertinger_scroll_(Magic_Focus)
Wood box,100,https://runescape.wiki/w/Exchange:Wood_box
Wood camo legs,100,https://runescape.wiki/w/Exchange:Wood_camo_legs
Wood camo top,100,https://runescape.wiki/w/Exchange:Wood_camo_top
Wood dining table (flatpack),100,https://runescape.wiki/w/Exchange:Wood_dining_table_(flatpack)
Wood kitchen table (flatpack),100,https://runescape.wiki/w/Exchange:Wood_kitchen_table_(flatpack)
Wood spirit,25000,https://runescape.wiki/w/Exchange:Wood_spirit
Woodcutting accumulator,200,https://runescape.wiki/w/Exchange:Woodcutting_accumulator
Woodcutting flask (6),100,https://runescape.wiki/w/Exchange:Woodcutting_flask_(6)
Woodcutting potion (1),1000,https://runescape.wiki/w/Exchange:Woodcutting_potion_(1)
Woodcutting potion (2),1000,https://runescape.wiki/w/Exchange:Woodcutting_potion_(2)
Woodcutting potion (3),1000,https://runescape.wiki/w/Exchange:Woodcutting_potion_(3)
Woodcutting potion (4),1000,https://runescape.wiki/w/Exchange:Woodcutting_potion_(4)
Wooden bed (flatpack),100,https://runescape.wiki/w/Exchange:Wooden_bed_(flatpack)
Wooden bench (flatpack),100,https://runescape.wiki/w/Exchange:Wooden_bench_(flatpack)
Wooden bookcase (flatpack),100,https://runescape.wiki/w/Exchange:Wooden_bookcase_(flatpack)
Wooden cat,100,https://runescape.wiki/w/Exchange:Wooden_cat
Wooden chair (flatpack),100,https://runescape.wiki/w/Exchange:Wooden_chair_(flatpack)
Wooden frame,10000,https://runescape.wiki/w/Exchange:Wooden_frame
Wooden incense sticks,1000,https://runescape.wiki/w/Exchange:Wooden_incense_sticks
Wooden shield,100,https://runescape.wiki/w/Exchange:Wooden_shield
Wooden spoon,100,https://runescape.wiki/w/Exchange:Wooden_spoon
Wooden stock,1000,https://runescape.wiki/w/Exchange:Wooden_stock
Woodland fox ears,2,https://runescape.wiki/w/Exchange:Woodland_fox_ears
Woodland fox tail,2,https://runescape.wiki/w/Exchange:Woodland_fox_tail
Woody Bunny appearance token,2,https://runescape.wiki/w/Exchange:Woody_Bunny_appearance_token
Wool,5000,https://runescape.wiki/w/Exchange:Wool
Woolly pudding hat,2,https://runescape.wiki/w/Exchange:Woolly_pudding_hat
Worker district teleport,1000,https://runescape.wiki/w/Exchange:Worker_district_teleport
Worm batta,1000,https://runescape.wiki/w/Exchange:Worm_batta
Worm crunchies,1000,https://runescape.wiki/w/Exchange:Worm_crunchies
Worm hole,1000,https://runescape.wiki/w/Exchange:Worm_hole
Woven top (blue),100,https://runescape.wiki/w/Exchange:Woven_top_(blue)
Woven top (brown),100,https://runescape.wiki/w/Exchange:Woven_top_(brown)
Woven top (tan),100,https://runescape.wiki/w/Exchange:Woven_top_(tan)
Wraith walk override token,2,https://runescape.wiki/w/Exchange:Wraith_walk_override_token
Wrapped oomlie,1000,https://runescape.wiki/w/Exchange:Wrapped_oomlie
Wreath crown token,2,https://runescape.wiki/w/Exchange:Wreath_crown_token
Wreath shield token,2,https://runescape.wiki/w/Exchange:Wreath_shield_token
Wyrm heart,10,https://runescape.wiki/w/Exchange:Wyrm_heart
Wyrm scalp,10,https://runescape.wiki/w/Exchange:Wyrm_scalp
Wyrm spike,10,https://runescape.wiki/w/Exchange:Wyrm_spike
Wyvern bones,10000,https://runescape.wiki/w/Exchange:Wyvern_bones
Wyvern crossbow,100,https://runescape.wiki/w/Exchange:Wyvern_crossbow
Wyvern spines,10000,https://runescape.wiki/w/Exchange:Wyvern_spines
XP Capacitor 5000 (charged),5,https://runescape.wiki/w/Exchange:XP_Capacitor_5000_(charged)
Yak balloon token,2,https://runescape.wiki/w/Exchange:Yak_balloon_token
Yak milk,5000,https://runescape.wiki/w/Exchange:Yak_milk
Yak plushie token,2,https://runescape.wiki/w/Exchange:Yak_plushie_token
Yak tuft,5000,https://runescape.wiki/w/Exchange:Yak_tuft
Yak-hide,5000,https://runescape.wiki/w/Exchange:Yak-hide
Yak-hide armour (legs),100,https://runescape.wiki/w/Exchange:Yak-hide_armour_(legs)
Yak-hide armour (top),100,https://runescape.wiki/w/Exchange:Yak-hide_armour_(top)
Yanillian hops,1000,https://runescape.wiki/w/Exchange:Yanillian_hops
Yanillian seed,100,https://runescape.wiki/w/Exchange:Yanillian_seed
Yellow Santa hat,2,https://runescape.wiki/w/Exchange:Yellow_Santa_hat
Yellow bead,100,https://runescape.wiki/w/Exchange:Yellow_bead
Yellow dye,100,https://runescape.wiki/w/Exchange:Yellow_dye
Yellow feather,5000,https://runescape.wiki/w/Exchange:Yellow_feather
Yellow flowers,1000,https://runescape.wiki/w/Exchange:Yellow_flowers
Yellow hallowe'en mask,2,https://runescape.wiki/w/Exchange:Yellow_hallowe%27en_mask
Yellow partyhat,2,https://runescape.wiki/w/Exchange:Yellow_partyhat
Yew birdhouse,10,https://runescape.wiki/w/Exchange:Yew_birdhouse
Yew composite bow,2,https://runescape.wiki/w/Exchange:Yew_composite_bow
Yew frame,10000,https://runescape.wiki/w/Exchange:Yew_frame
Yew incense sticks,1000,https://runescape.wiki/w/Exchange:Yew_incense_sticks
Yew logs,25000,https://runescape.wiki/w/Exchange:Yew_logs
Yew plank,10000,https://runescape.wiki/w/Exchange:Yew_plank
Yew pyre logs,1000,https://runescape.wiki/w/Exchange:Yew_pyre_logs
Yew roots,100,https://runescape.wiki/w/Exchange:Yew_roots
Yew seed,100,https://runescape.wiki/w/Exchange:Yew_seed
Yew shieldbow,5000,https://runescape.wiki/w/Exchange:Yew_shieldbow
Yew shieldbow (unstrung),10000,https://runescape.wiki/w/Exchange:Yew_shieldbow_(unstrung)
Yew shortbow,5000,https://runescape.wiki/w/Exchange:Yew_shortbow
Yew shortbow (unstrung),10000,https://runescape.wiki/w/Exchange:Yew_shortbow_(unstrung)
Yew stock,1000,https://runescape.wiki/w/Exchange:Yew_stock
Yew wood box,100,https://runescape.wiki/w/Exchange:Yew_wood_box
Yew wood spirit,25000,https://runescape.wiki/w/Exchange:Yew_wood_spirit
Young impling jar,1000,https://runescape.wiki/w/Exchange:Young_impling_jar
Yu'biusk clay,5000,https://runescape.wiki/w/Exchange:Yu%27biusk_clay
Yulemourne Armour Override Token,2,https://runescape.wiki/w/Exchange:Yulemourne_Armour_Override_Token
Yulemourne Greatsword Override Token,2,https://runescape.wiki/w/Exchange:Yulemourne_Greatsword_Override_Token
Zamatrice egg,5000,https://runescape.wiki/w/Exchange:Zamatrice_egg
Zamorak arrows,1000,https://runescape.wiki/w/Exchange:Zamorak_arrows
Zamorak bow,2,https://runescape.wiki/w/Exchange:Zamorak_bow
Zamorak brew (1),1000,https://runescape.wiki/w/Exchange:Zamorak_brew_(1)
Zamorak brew (2),1000,https://runescape.wiki/w/Exchange:Zamorak_brew_(2)
Zamorak brew (3),1000,https://runescape.wiki/w/Exchange:Zamorak_brew_(3)
Zamorak brew (4),1000,https://runescape.wiki/w/Exchange:Zamorak_brew_(4)
Zamorak brew flask (6),1000,https://runescape.wiki/w/Exchange:Zamorak_brew_flask_(6)
Zamorak cloak,2,https://runescape.wiki/w/Exchange:Zamorak_cloak
Zamorak crozier,2,https://runescape.wiki/w/Exchange:Zamorak_crozier
Zamorak godsword,10,https://runescape.wiki/w/Exchange:Zamorak_godsword
Zamorak hilt,10,https://runescape.wiki/w/Exchange:Zamorak_hilt
Zamorak hilt shard,1200,https://runescape.wiki/w/Exchange:Zamorak_hilt_shard
Zamorak mitre,2,https://runescape.wiki/w/Exchange:Zamorak_mitre
Zamorak mix (1),1000,https://runescape.wiki/w/Exchange:Zamorak_mix_(1)
Zamorak mix (2),1000,https://runescape.wiki/w/Exchange:Zamorak_mix_(2)
Zamorak mjolnir,100,https://runescape.wiki/w/Exchange:Zamorak_mjolnir
Zamorak page 1,10,https://runescape.wiki/w/Exchange:Zamorak_page_1
Zamorak page 2,10,https://runescape.wiki/w/Exchange:Zamorak_page_2
Zamorak page 3,10,https://runescape.wiki/w/Exchange:Zamorak_page_3
Zamorak page 4,10,https://runescape.wiki/w/Exchange:Zamorak_page_4
Zamorak robe (bottom),100,https://runescape.wiki/w/Exchange:Zamorak_robe_(bottom)
Zamorak robe (top),100,https://runescape.wiki/w/Exchange:Zamorak_robe_(top)
Zamorak robe legs,2,https://runescape.wiki/w/Exchange:Zamorak_robe_legs
Zamorak robe top,2,https://runescape.wiki/w/Exchange:Zamorak_robe_top
Zamorak stole,2,https://runescape.wiki/w/Exchange:Zamorak_stole
Zamorak's favour (1),1000,https://runescape.wiki/w/Exchange:Zamorak%27s_favour_(1)
Zamorak's favour (2),1000,https://runescape.wiki/w/Exchange:Zamorak%27s_favour_(2)
Zamorak's favour (3),1000,https://runescape.wiki/w/Exchange:Zamorak%27s_favour_(3)
Zamorak's favour (4),1000,https://runescape.wiki/w/Exchange:Zamorak%27s_favour_(4)
Zamorak's favour flask (6),100,https://runescape.wiki/w/Exchange:Zamorak%27s_favour_flask_(6)
Zamorakian essence,100,https://runescape.wiki/w/Exchange:Zamorakian_essence
Zamorakian spear,10,https://runescape.wiki/w/Exchange:Zamorakian_spear
Zamorakian spear shard,1200,https://runescape.wiki/w/Exchange:Zamorakian_spear_shard
Zamorakian title scroll (acolyte),2,https://runescape.wiki/w/Exchange:Zamorakian_title_scroll_(acolyte)
Zamorakian title scroll (hierophant),2,https://runescape.wiki/w/Exchange:Zamorakian_title_scroll_(hierophant)
Zamorakian title scroll (high priestess/high priest),2,https://runescape.wiki/w/Exchange:Zamorakian_title_scroll_(high_priestess/high_priest)
Zamorakian title scroll (the witch),2,https://runescape.wiki/w/Exchange:Zamorakian_title_scroll_(the_witch)
Zanarian zygomite (unchecked),100,https://runescape.wiki/w/Exchange:Zanarian_zygomite_(unchecked)
Zaros godsword,2,https://runescape.wiki/w/Exchange:Zaros_godsword
Zarosian apron token,2,https://runescape.wiki/w/Exchange:Zarosian_apron_token
Zarosian essence,100,https://runescape.wiki/w/Exchange:Zarosian_essence
Zarosian insignia,5000,https://runescape.wiki/w/Exchange:Zarosian_insignia
Zaryte bow,2,https://runescape.wiki/w/Exchange:Zaryte_bow
Zaryte bow shard,240,https://runescape.wiki/w/Exchange:Zaryte_bow_shard
Zephyrium ore,25000,https://runescape.wiki/w/Exchange:Zephyrium_ore
Zigzag Easter egg,1000,https://runescape.wiki/w/Exchange:Zigzag_Easter_egg
Zogre bones,10000,https://runescape.wiki/w/Exchange:Zogre_bones
Zoltan pet token,2,https://runescape.wiki/w/Exchange:Zoltan_pet_token
Zoltan plushie token,2,https://runescape.wiki/w/Exchange:Zoltan_plushie_token
Zombie impling jar,500,https://runescape.wiki/w/Exchange:Zombie_impling_jar
Zombie walk override token,2,https://runescape.wiki/w/Exchange:Zombie_walk_override_token
Zuriel's hood,10,https://runescape.wiki/w/Exchange:Zuriel%27s_hood
Zuriel's robe bottom,10,https://runescape.wiki/w/Exchange:Zuriel%27s_robe_bottom
Zuriel's robe top,10,https://runescape.wiki/w/Exchange:Zuriel%27s_robe_top
Zuriel's staff,10,https://runescape.wiki/w/Exchange:Zuriel%27s_staff
Zygomite fruit,5000,https://runescape.wiki/w/Exchange:Zygomite_fruit
